銘柄コード,銘柄名称,商品分類,市場区分,業種,売買単位,東証上場日,東証上場廃止日
13010,極洋,株式,プライム,水産・農林業,100,1949-05-16,
13050,ｉＦｒｅｅＥＴＦ　ＴＯＰＩＸ（年１回決算型）,ETF,その他,nan,10,2001-07-13,
13060,ＮＥＸＴ　ＦＵＮＤＳ　ＴＯＰＩＸ連動型上場投信,ETF,その他,nan,10,2001-07-13,
13080,上場インデックスファンドＴＯＰＩＸ,ETF,その他,nan,1,2002-01-09,
13090,ＮＥＸＴ　ＦＵＮＤＳ　ＣｈｉｎａＡＭＣ・中国株式・上証５０連動型上場投信,ETF,その他,nan,1,2013-07-16,
13110,ＮＥＸＴ　ＦＵＮＤＳ　ＴＯＰＩＸ　Ｃｏｒｅ　３０連動型上場投信,ETF,その他,nan,1,2002-04-03,
13190,ＮＥＸＴ　ＦＵＮＤＳ　日経３００株価指数連動型上場投信,ETF,その他,nan,1000,1995-05-29,
13200,ｉＦｒｅｅＥＴＦ　日経２２５（年１回決算型）,ETF,その他,nan,1,2013-07-16,
13210,ＮＥＸＴ　ＦＵＮＤＳ　日経２２５連動型上場投信,ETF,その他,nan,1,2013-07-16,
13220,上場インデックスファンド中国Ａ株（パンダ）Ｅ　Ｆｕｎｄ　ＣＳＩ３００,ETF,その他,nan,1,2008-04-11,
13250,ＮＥＸＴ　ＦＵＮＤＳ　ブラジル株式指数・ボベスパ連動型上場投信,ETF,その他,nan,10,2008-07-18,
13260,ＳＰＤＲゴールド・シェア,ETF,その他,nan,1,2008-06-30,
13280,ＮＥＸＴ　ＦＵＮＤＳ　金価格連動型上場投信,ETF,その他,nan,1,2013-07-16,
13290,ｉシェアーズ・コア　日経２２５　ＥＴＦ,ETF,その他,nan,1,2001-09-05,
13300,上場インデックスファンド２２５,ETF,その他,nan,1,2001-07-13,
13320,ニッスイ,株式,プライム,水産・農林業,100,1949-05-16,
13330,Ｕｍｉｏｓ,株式,プライム,水産・農林業,100,2014-04-01,
13430,ＮＥＸＴ　ＦＵＮＤＳ　東証ＲＥＩＴ　指数連動型上場投信,ETF,その他,nan,10,2008-09-18,
13450,上場インデックスファンドＪリート（東証ＲＥＩＴ指数）隔月分配型,ETF,その他,nan,1,2008-10-21,
13460,ＭＡＸＩＳ　日経２２５上場投信,ETF,その他,nan,1,2013-07-16,
13480,ＭＡＸＩＳ　トピックス上場投信,ETF,その他,nan,1,2009-05-15,
13490,ＡＢＦ汎アジア債券インデックス・ファンド,ETF,その他,nan,1,2009-06-19,
13560,ＴＯＰＩＸベア２倍上場投信,ETF,その他,nan,10,2014-05-29,
13570,ＮＥＸＴ　ＦＵＮＤＳ　日経平均ダブルインバース・インデックス連動型上場投信,ETF,その他,nan,1,2014-07-16,
13580,上場インデックスファンド日経レバレッジ指数,ETF,その他,nan,1,2014-08-26,
13600,日経平均ベア２倍上場投信,ETF,その他,nan,10,2014-11-11,
13640,ｉシェアーズ　ＪＰＸ日経４００　ＥＴＦ,ETF,その他,nan,1,2014-12-02,
13650,ｉＦｒｅｅＥＴＦ　日経平均レバレッジ・インデックス,ETF,その他,nan,1,2015-01-06,
13660,ｉＦｒｅｅＥＴＦ　日経平均ダブルインバース・インデックス,ETF,その他,nan,1,2015-01-06,
13670,ｉＦｒｅｅＥＴＦ　ＴＯＰＩＸレバレッジ（２倍）指数,ETF,その他,nan,1,2015-01-06,
13680,ｉＦｒｅｅＥＴＦ　ＴＯＰＩＸダブルインバース（－２倍）指数,ETF,その他,nan,1,2015-01-06,
13690,Ｏｎｅ　ＥＴＦ　日経２２５,ETF,その他,nan,1,2015-01-15,
13750,ユキグニファクトリー,株式,プライム,水産・農林業,100,2020-09-17,
13760,カネコ種苗,株式,スタンダード,水産・農林業,100,2013-07-16,
13770,サカタのタネ,株式,プライム,水産・農林業,100,1987-05-11,
13790,ホクト,株式,プライム,水産・農林業,100,1999-11-29,
13800,秋川牧園,株式,スタンダード,水産・農林業,100,2013-07-16,
13810,アクシーズ,株式,スタンダード,水産・農林業,100,2013-07-16,
13820,ホーブ,株式,スタンダード,水産・農林業,100,2013-07-16,
13830,ベルグアース,株式,スタンダード,水産・農林業,100,2013-07-16,
13840,ホクリヨウ,株式,スタンダード,水産・農林業,100,2015-02-20,
13970,ＳＭＤＡＭ　日経２２５上場投信,ETF,その他,nan,1,2015-03-25,
13980,ＳＭＤＡＭ　東証ＲＥＩＴ指数上場投信,ETF,その他,nan,10,2015-03-25,
13990,上場インデックスファンドＭＳＣＩ日本株高配当低ボラティリティ,ETF,その他,nan,1,2015-12-01,
14010,エムビーエス,株式,グロース,建設業,100,2015-08-13,
14070,ウエストホールディングス,株式,スタンダード,建設業,100,2013-07-16,
14140,ショーボンドホールディングス,株式,プライム,建設業,100,2008-01-04,
14170,ミライト・ワン,株式,プライム,建設業,100,2010-10-01,
14180,インターライフホールディングス,株式,スタンダード,建設業,100,2013-07-16,
14190,タマホーム,株式,プライム,建設業,100,2013-03-27,
14200,サンヨーホームズ,株式,スタンダード,建設業,100,2013-04-09,
14290,日本アクア,株式,プライム,建設業,100,2013-12-13,
14300,ファーストコーポレーション,株式,スタンダード,建設業,100,2015-03-24,
14310,Ｌｉｂ　Ｗｏｒｋ,株式,グロース,建設業,100,2019-06-18,
14320,動力,株式,TOKYO PRO Market,建設業,100,2015-08-18,
14330,ベステラ,株式,プライム,建設業,100,2015-09-02,
14340,ＪＥＳＣＯホールディングス,株式,スタンダード,建設業,100,2015-09-08,
14350,ｒｏｂｏｔ　ｈｏｍｅ,株式,スタンダード,不動産業,100,2015-12-03,
14360,グリーンエナジー＆カンパニー,株式,グロース,建設業,100,2016-03-11,
14380,岐阜造園,株式,スタンダード,建設業,100,2022-09-28,
14430,技研ホールディングス,株式,スタンダード,建設業,100,2018-01-09,
14440,ニッソウ,株式,グロース,建設業,100,2022-07-25,
14450,ひかりホールディングス,株式,TOKYO PRO Market,建設業,100,2018-05-16,
14460,キャンディル,株式,スタンダード,建設業,100,2018-07-05,
14470,ＳＡＡＦホールディングス,株式,グロース,建設業,100,2018-10-01,
14500,ＴＡＮＡＫＥＮ,株式,スタンダード,建設業,100,2018-12-18,
14520,横浜ライト工業,株式,TOKYO PRO Market,建設業,100,2020-02-27,
14560,ｉＦｒｅｅＥＴＦ　日経平均インバース・インデックス,ETF,その他,nan,1,2015-04-27,
14570,ｉＦｒｅｅＥＴＦ　ＴＯＰＩＸインバース（－１倍）指数,ETF,その他,nan,1,2015-04-27,
14580,楽天ＥＴＦ‐日経レバレッジ指数連動型,ETF,その他,nan,1,2015-07-15,
14590,楽天ＥＴＦ‐日経ダブルインバース指数連動型,ETF,その他,nan,1,2015-07-15,
14660,ｉＦｒｅｅＥＴＦ　ＪＰＸ日経４００ダブルインバース・インデックス,ETF,その他,nan,1,2015-08-24,
14690,ＪＰＸ日経４００ベア２倍上場投信（ダブルインバース）,ETF,その他,nan,10,2015-08-24,
14720,ＮＥＸＴ　ＦＵＮＤＳ　ＪＰＸ日経４００ダブルインバース・インデックス連動型上場投信,ETF,その他,nan,1,2015-08-24,
14730,Ｏｎｅ　ＥＴＦ　トピックス,ETF,その他,nan,10,2015-09-07,
14740,Ｏｎｅ　ＥＴＦ　ＪＰＸ日経４００,ETF,その他,nan,1,2015-09-07,
14750,ｉシェアーズ・コア　ＴＯＰＩＸ　ＥＴＦ,ETF,その他,nan,10,2015-10-20,
14760,ｉシェアーズ・コア　Ｊリート　ＥＴＦ,ETF,その他,nan,1,2015-10-20,
14770,ｉシェアーズ　ＭＳＣＩ　日本株最小分散　ＥＴＦ,ETF,その他,nan,1,2015-10-20,
14780,ｉシェアーズ　ＭＳＣＩ　ジャパン高配当利回り　ＥＴＦ,ETF,その他,nan,1,2015-10-20,
14790,ｉＦｒｅｅＥＴＦ　ＭＳＣＩ日本株人材設備投資指数,ETF,その他,nan,1,2016-05-19,
14800,ＮＥＸＴ　ＦＵＮＤＳ　野村企業価値分配指数連動型上場投信,ETF,その他,nan,1,2016-05-19,
14810,上場インデックスファンド日本経済貢献株,ETF,その他,nan,1,2016-05-25,
14820,ｉシェアーズ・コア　米国債７－１０年　ＥＴＦ（為替ヘッジあり）,ETF,その他,nan,1,2016-05-27,
14830,ｉシェアーズ　ＪＰＸ／Ｓ＆Ｐ設備・人材投資　ＥＴＦ,ETF,その他,nan,1,2016-06-10,
14840,Ｏｎｅ　ＥＴＦ　ＪＰＸ／Ｓ＆Ｐ　設備・人材投資指数,ETF,その他,nan,10,2016-06-10,
14850,ＭＡＸＩＳ　ＪＡＰＡＮ　設備・人材積極投資企業２００上場投信,ETF,その他,nan,1,2016-06-29,
14860,上場インデックスファンド米国債券（為替ヘッジなし）,ETF,その他,nan,1,2016-08-31,
14870,上場インデックスファンド米国債券（為替ヘッジあり）,ETF,その他,nan,1,2016-08-31,
14880,ｉＦｒｅｅＥＴＦ　東証ＲＥＩＴ指数,ETF,その他,nan,1,2016-10-25,
14890,ＮＥＸＴ　ＦＵＮＤＳ　日経平均高配当株５０指数連動型上場投信,ETF,その他,nan,1,2017-02-13,
14900,上場インデックスファンドＭＳＣＩ日本株高配当低ボラティリティ（βヘッジ）,ETF,その他,nan,1,2017-03-13,
14910,中外鉱業,株式,スタンダード,非鉄金属,100,1949-05-16,
14930,Ｏｎｅ　ＥＴＦ　ＪＰＸ日経中小型,ETF,その他,nan,1,2017-05-23,
14940,Ｏｎｅ　ＥＴＦ　高配当日本株,ETF,その他,nan,1,2017-05-23,
14950,上場インデックスファンドアジアリート,ETF,その他,nan,1,2017-06-29,
14960,ｉシェアーズ　米ドル建て投資適格社債　ＥＴＦ（為替ヘッジあり）,ETF,その他,nan,1,2017-08-25,
14970,ｉシェアーズ　米ドル建てハイイールド社債　ＥＴＦ（為替ヘッジあり）,ETF,その他,nan,1,2017-08-25,
14980,Ｏｎｅ　ＥＴＦ　ＥＳＧ,ETF,その他,nan,1,2017-11-28,
14990,ＭＡＸＩＳ日本株高配当７０マーケットニュートラル上場投信,ETF,その他,nan,1,2017-12-13,
15140,住石ホールディングス,株式,スタンダード,鉱業,100,2008-10-01,
15150,日鉄鉱業,株式,プライム,鉱業,100,1954-03-03,
15180,三井松島ホールディングス,株式,プライム,その他製品,100,1961-10-02,
15400,純金上場信託（現物国内保管型）,ETF,その他,nan,1,2010-07-02,
15410,純プラチナ上場信託（現物国内保管型）,ETF,その他,nan,1,2010-07-02,
15420,純銀上場信託（現物国内保管型）,ETF,その他,nan,1,2010-07-02,
15430,純パラジウム上場信託（現物国内保管型）,ETF,その他,nan,1,2010-07-02,
15450,ＮＥＸＴ　ＦＵＮＤＳ　ＮＡＳＤＡＱ－１００（為替ヘッジなし）連動型上場投信,ETF,その他,nan,10,2013-07-16,
15460,ＮＥＸＴ　ＦＵＮＤＳ　ダウ・ジョーンズ工業株３０種平均株価（為替ヘッジなし）連動型上場投信,ETF,その他,nan,1,2013-07-16,
15470,上場インデックスファンド米国株式（Ｓ＆Ｐ５００）,ETF,その他,nan,1,2010-10-29,
15500,ＭＡＸＩＳ　海外株式（ＭＳＣＩコクサイ）上場投信,ETF,その他,nan,1,2010-11-25,
15510,東証スタンダードＴＯＰ２０ＥＴＦ,ETF,その他,nan,10,2013-07-16,
15540,上場インデックスファンド世界株式（ＭＳＣＩ　ＡＣＷＩ）除く日本,ETF,その他,nan,1,2011-03-08,
15550,上場インデックスファンド豪州リート（Ｓ＆Ｐ／ＡＳＸ２００　Ａ－ＲＥＩＴ）,ETF,その他,nan,1,2011-03-09,
15570,Ｓｔａｔｅ　Ｓｔｒｅｅｔ　ＳＰＤＲ　Ｓ＆Ｐ　５００　ＥＴＦ,ETF,その他,nan,1,2011-03-24,
15590,ＮＥＸＴ　ＦＵＮＤＳ　タイ株式ＳＥＴ５０指数連動型上場投信,ETF,その他,nan,1,2011-05-12,
15600,ＮＥＸＴ　ＦＵＮＤＳ　ＦＴＳＥブルサ・マレーシアＫＬＣＩ連動型上場投信,ETF,その他,nan,1,2011-05-12,
15630,東証グロース・コアＥＴＦ,ETF,その他,nan,1,2011-11-29,
15660,上場インデックスファンド新興国債券,ETF,その他,nan,1,2012-03-30,
15680,ＴＯＰＩＸブル２倍上場投信,ETF,その他,nan,10,2012-04-05,
15690,ＴＯＰＩＸベア上場投信,ETF,その他,nan,10,2012-04-05,
15700,ＮＥＸＴ　ＦＵＮＤＳ　日経平均レバレッジ・インデックス連動型上場投信,ETF,その他,nan,1,2013-07-16,
15710,ＮＥＸＴ　ＦＵＮＤＳ　日経平均インバース・インデックス連動型上場投信,ETF,その他,nan,1,2013-07-16,
15720,中国Ｈ株ブル２倍上場投信,ETF,その他,nan,10,2012-12-06,
15730,中国Ｈ株ベア上場投信,ETF,その他,nan,10,2012-12-06,
15770,ＮＥＸＴ　ＦＵＮＤＳ　野村日本株高配当７０連動型上場投信,ETF,その他,nan,1,2013-03-07,
15780,上場インデックスファンド日経２２５（ミニ）,ETF,その他,nan,1,2013-03-25,
15790,日経平均ブル２倍上場投信,ETF,その他,nan,10,2013-05-09,
15800,日経平均ベア上場投信,ETF,その他,nan,10,2013-05-09,
15850,ｉＦｒｅｅＥＴＦ　ＴＯＰＩＸ　Ｅｘ－Ｆｉｎａｎｃｉａｌｓ,ETF,その他,nan,10,2013-09-20,
15860,上場インデックスファンドＴＯＰＩＸ　Ｅｘ－Ｆｉｎａｎｃｉａｌｓ,ETF,その他,nan,1,2013-09-26,
15910,ＮＥＸＴ　ＦＵＮＤＳ　ＪＰＸ日経インデックス４００連動型上場投信,ETF,その他,nan,1,2014-01-28,
15920,上場インデックスファンドＪＰＸ日経インデックス４００,ETF,その他,nan,1,2014-01-28,
15930,ＭＡＸＩＳ　ＪＰＸ日経インデックス４００上場投信,ETF,その他,nan,1,2014-02-06,
15950,ＮＺＡＭ　上場投信　東証ＲＥＩＴ指数,ETF,その他,nan,1,2014-03-07,
15960,ＮＺＡＭ　上場投信　ＴＯＰＩＸ　Ｅｘ－Ｆｉｎａｎｃｉａｌｓ,ETF,その他,nan,1,2014-03-07,
15970,ＭＡＸＩＳ　Ｊリート上場投信,ETF,その他,nan,1,2014-02-25,
15990,ｉＦｒｅｅＥＴＦ　ＪＰＸ日経４００,ETF,その他,nan,1,2014-03-27,
16050,ＩＮＰＥＸ,株式,プライム,鉱業,100,2006-04-03,
16150,ＮＥＸＴ　ＦＵＮＤＳ　東証銀行業株価指数連動型上場投信,ETF,その他,nan,10,2002-04-03,
16170,ＮＥＸＴ　ＦＵＮＤＳ　食品（ＴＯＰＩＸ－１７）上場投信,ETF,その他,nan,1,2008-03-25,
16180,ＮＥＸＴ　ＦＵＮＤＳ　エネルギー資源（ＴＯＰＩＸ－１７）上場投信,ETF,その他,nan,1,2008-03-25,
16190,ＮＥＸＴ　ＦＵＮＤＳ　建設・資材（ＴＯＰＩＸ－１７）上場投信,ETF,その他,nan,1,2008-03-25,
16200,ＮＥＸＴ　ＦＵＮＤＳ　素材・化学（ＴＯＰＩＸ－１７）上場投信,ETF,その他,nan,1,2008-03-25,
16210,ＮＥＸＴ　ＦＵＮＤＳ　医薬品（ＴＯＰＩＸ－１７）上場投信,ETF,その他,nan,1,2008-03-25,
16220,ＮＥＸＴ　ＦＵＮＤＳ　自動車・輸送機（ＴＯＰＩＸ－１７）上場投信,ETF,その他,nan,1,2008-03-25,
16230,ＮＥＸＴ　ＦＵＮＤＳ　鉄鋼・非鉄（ＴＯＰＩＸ－１７）上場投信,ETF,その他,nan,1,2008-03-25,
16240,ＮＥＸＴ　ＦＵＮＤＳ　機械（ＴＯＰＩＸ－１７）上場投信,ETF,その他,nan,1,2008-03-25,
16250,ＮＥＸＴ　ＦＵＮＤＳ　電機・精密（ＴＯＰＩＸ－１７）上場投信,ETF,その他,nan,1,2008-03-25,
16260,ＮＥＸＴ　ＦＵＮＤＳ　情報通信・サービスその他（ＴＯＰＩＸ－１７）上場投信,ETF,その他,nan,1,2008-03-25,
16270,ＮＥＸＴ　ＦＵＮＤＳ　電力・ガス（ＴＯＰＩＸ－１７）上場投信,ETF,その他,nan,1,2008-03-25,
16280,ＮＥＸＴ　ＦＵＮＤＳ　運輸・物流（ＴＯＰＩＸ－１７）上場投信,ETF,その他,nan,1,2008-03-25,
16290,ＮＥＸＴ　ＦＵＮＤＳ　商社・卸売（ＴＯＰＩＸ－１７）上場投信,ETF,その他,nan,10,2008-03-25,
16300,ＮＥＸＴ　ＦＵＮＤＳ　小売（ＴＯＰＩＸ－１７）上場投信,ETF,その他,nan,1,2008-03-25,
16310,ＮＥＸＴ　ＦＵＮＤＳ　銀行（ＴＯＰＩＸ－１７）上場投信,ETF,その他,nan,1,2008-03-25,
16320,ＮＥＸＴ　ＦＵＮＤＳ　金融（除く銀行）（ＴＯＰＩＸ－１７）上場投信,ETF,その他,nan,1,2008-03-25,
16330,ＮＥＸＴ　ＦＵＮＤＳ　不動産（ＴＯＰＩＸ－１７）上場投信,ETF,その他,nan,1,2008-03-25,
16510,ｉＦｒｅｅＥＴＦ　ＴＯＰＩＸ高配当４０指数,ETF,その他,nan,1,2017-09-26,
16520,ｉＦｒｅｅＥＴＦ　ＭＳＣＩ日本株女性活躍指数（ＷＩＮ）,ETF,その他,nan,10,2017-09-26,
16530,ｉＦｒｅｅＥＴＦ　ＭＳＣＩジャパンＥＳＧセレクト・リーダーズ指数,ETF,その他,nan,10,2017-09-26,
16540,ｉＦｒｅｅＥＴＦ　ＦＴＳＥ　ＪＰＸ　Ｂｌｏｓｓｏｍ　Ｊａｐａｎ　Ｉｎｄｅｘ,ETF,その他,nan,10,2017-09-26,
16550,ｉシェアーズ　Ｓ＆Ｐ　５００　米国株　ＥＴＦ,ETF,その他,nan,10,2017-09-28,
16560,ｉシェアーズ・コア　米国債７－１０年　ＥＴＦ,ETF,その他,nan,10,2017-09-28,
16570,ｉシェアーズ・コア　ＭＳＣＩ　先進国株（除く日本）ＥＴＦ,ETF,その他,nan,1,2017-09-28,
16580,ｉシェアーズ・コア　ＭＳＣＩ　新興国株　ＥＴＦ,ETF,その他,nan,1,2017-09-28,
16590,ｉシェアーズ　米国リート　ＥＴＦ,ETF,その他,nan,1,2017-09-28,
16600,ＭＡＸＩＳ高利回りＪリート上場投信,ETF,その他,nan,1,2017-10-11,
16620,石油資源開発,株式,プライム,鉱業,100,2003-12-10,
16630,Ｋ＆Ｏエナジーグループ,株式,プライム,鉱業,100,2014-01-06,
16710,ＷＴＩ原油価格連動型上場投信,ETF,その他,nan,1,2013-07-16,
16720,ＷｉｓｄｏｍＴｒｅｅ　金上場投資信託,ETF,その他,nan,1,2009-08-24,
16730,ＷｉｓｄｏｍＴｒｅｅ　銀上場投資信託,ETF,その他,nan,10,2009-08-24,
16740,ＷｉｓｄｏｍＴｒｅｅ　白金上場投資信託,ETF,その他,nan,1,2009-08-24,
16750,ＷｉｓｄｏｍＴｒｅｅ　パラジウム上場投資信託,ETF,その他,nan,1,2009-08-24,
16760,ＷｉｓｄｏｍＴｒｅｅ　貴金属バスケット上場投資信託,ETF,その他,nan,1,2009-08-24,
16770,上場インデックスファンド海外債券（ＦＴＳＥ　ＷＧＢＩ）毎月分配型,ETF,その他,nan,10,2009-09-30,
16780,ＮＥＸＴ　ＦＵＮＤＳ　インド株式指数・Ｎｉｆｔｙ　５０　連動型上場投信,ETF,その他,nan,10,2009-11-26,
16790,Ｓｉｍｐｌｅ－Ｘ　ＮＹ　ダウ・ジョーンズ・インデックス上場投信,ETF,その他,nan,10,2009-12-10,
16800,上場インデックスファンド海外先進国株式（ＭＳＣＩ－ＫＯＫＵＳＡＩ）,ETF,その他,nan,1,2010-01-29,
16810,上場インデックスファンド海外新興国株式（ＭＳＣＩ　エマージング）,ETF,その他,nan,1,2010-02-24,
16840,ＷｉｓｄｏｍＴｒｅｅ　ブロード上場投資信託,ETF,その他,nan,10,2010-03-19,
16850,ＷｉｓｄｏｍＴｒｅｅ　エネルギー上場投資信託,ETF,その他,nan,10,2010-03-19,
16860,ＷｉｓｄｏｍＴｒｅｅ　産業用金属上場投資信託,ETF,その他,nan,10,2010-03-19,
16870,ＷｉｓｄｏｍＴｒｅｅ　農産物上場投資信託,ETF,その他,nan,10,2010-03-19,
16880,ＷｉｓｄｏｍＴｒｅｅ　穀物上場投資信託,ETF,その他,nan,10,2010-03-19,
16890,ＷｉｓｄｏｍＴｒｅｅ　天然ガス上場投資信託,ETF,その他,nan,1,2010-03-19,
16900,ＷｉｓｄｏｍＴｒｅｅ　ＷＴＩ　原油上場投資信託,ETF,その他,nan,10,2010-03-19,
16910,ＷｉｓｄｏｍＴｒｅｅ　ガソリン上場投資信託,ETF,その他,nan,1,2010-03-19,
16920,ＷｉｓｄｏｍＴｒｅｅ　アルミニウム上場投資信託,ETF,その他,nan,100,2010-03-19,
16930,ＷｉｓｄｏｍＴｒｅｅ　銅上場投資信託,ETF,その他,nan,10,2010-03-19,
16940,ＷｉｓｄｏｍＴｒｅｅ　ニッケル上場投資信託,ETF,その他,nan,10,2010-03-19,
16950,ＷｉｓｄｏｍＴｒｅｅ　小麦上場投資信託,ETF,その他,nan,1,2010-03-19,
16960,ＷｉｓｄｏｍＴｒｅｅ　とうもろこし上場投資信託,ETF,その他,nan,1,2010-03-19,
16970,ＷｉｓｄｏｍＴｒｅｅ　大豆上場投資信託,ETF,その他,nan,10,2010-03-19,
16980,上場インデックスファンド日本高配当（東証配当フォーカス１００）,ETF,その他,nan,1,2010-05-14,
16990,ＮＥＸＴ　ＦＵＮＤＳ　ＮＯＭＵＲＡ　原油インデックス連動型上場投信,ETF,その他,nan,10,2010-05-17,
17110,ＳＤＳホールディングス,株式,スタンダード,建設業,100,2004-12-16,
17120,ダイセキ環境ソリューション,株式,上場廃止,建設業,100,2004-12-08,2025-12-19
17160,第一カッター興業,株式,スタンダード,建設業,100,2013-07-16,
17170,明豊ファシリティワークス,株式,スタンダード,サービス業,100,2013-07-16,
17180,美樹工業,株式,スタンダード,建設業,100,2013-07-16,
17190,安藤・間,株式,プライム,建設業,100,2003-10-01,
17200,東急建設,株式,プライム,建設業,100,2003-10-01,
17210,コムシスホールディングス,株式,プライム,建設業,100,2003-09-29,
17230,日本電技,株式,スタンダード,建設業,100,2013-07-16,
17240,シンクレイヤ,株式,スタンダード,建設業,100,2013-07-16,
17260,ビーアールホールディングス,株式,上場廃止,建設業,100,2002-09-26,2026-06-01
17360,オーテック,株式,スタンダード,建設業,100,2013-07-16,
17430,コーアツ工業,株式,上場廃止,建設業,100,2013-07-16,2025-11-28
17570,創建エース,株式,上場廃止,建設業,100,2013-07-16,2025-09-19
17580,太洋基礎工業,株式,スタンダード,建設業,100,2013-07-16,
17620,高松コンストラクショングループ,株式,プライム,建設業,100,2000-01-31,
17640,工藤建設,株式,スタンダード,建設業,100,1997-04-11,
17660,東建コーポレーション,株式,プライム,建設業,100,2002-03-20,
17680,ソネック,株式,スタンダード,建設業,100,2013-07-16,
17700,藤田エンジニアリング,株式,スタンダード,建設業,100,2013-07-16,
17730,ワイ・ティー・エル・コーポレーション・バーハッド,株式,プライム,建設業,1000,1996-02-29,
17760,三井住建道路,株式,上場廃止,建設業,100,1996-02-15,2026-05-29
17800,ヤマウラ,株式,プライム,建設業,100,1997-08-26,
17830,ｆａｎｔａｓｉｓｔａ,株式,スタンダード,不動産業,100,2013-07-16,
17860,オリエンタル白石,株式,プライム,建設業,100,2021-04-01,
17870,ナカボーテック,株式,スタンダード,建設業,100,2013-07-16,
17880,三東工業社,株式,スタンダード,建設業,100,2013-07-16,
17930,大本組,株式,スタンダード,建設業,100,2013-07-16,
17950,マサル,株式,スタンダード,建設業,100,2013-07-16,
17980,守谷商会,株式,スタンダード,建設業,100,2013-07-16,
17990,第一建設工業,株式,スタンダード,建設業,100,2013-07-16,
18010,大成建設,株式,プライム,建設業,100,1957-09-09,
18020,大林組,株式,プライム,建設業,100,1960-11-01,
18030,清水建設,株式,プライム,建設業,100,1961-10-02,
18070,佐藤渡辺,株式,スタンダード,建設業,100,2013-07-16,
18080,長谷工コーポレーション,株式,プライム,建設業,100,1962-03-05,
18100,松井建設,株式,スタンダード,建設業,100,1961-10-02,
18110,錢高組,株式,スタンダード,建設業,100,2013-07-16,
18120,鹿島建設,株式,プライム,建設業,100,1961-10-02,
18130,不動テトラ,株式,プライム,建設業,100,1962-05-01,
18140,大末建設,株式,プライム,建設業,100,1963-07-04,
18150,鉄建建設,株式,プライム,建設業,100,1961-10-02,
18200,西松建設,株式,プライム,建設業,100,1961-11-16,
18210,三井住友建設,株式,上場廃止,建設業,100,1962-02-05,2025-12-19
18220,大豊建設,株式,スタンダード,建設業,100,1962-02-01,
18260,佐田建設,株式,スタンダード,建設業,100,1962-08-15,
18270,ナカノフドー建設,株式,スタンダード,建設業,100,1962-09-11,
18280,田辺工業,株式,スタンダード,建設業,100,2007-03-22,
18330,奥村組,株式,プライム,建設業,100,1963-08-20,
18350,東鉄工業,株式,プライム,建設業,100,1962-11-19,
18400,土屋ホールディングス,株式,スタンダード,建設業,100,1996-08-19,
18410,サンユー建設,株式,上場廃止,建設業,100,2013-07-16,2026-03-27
18440,大盛工業,株式,スタンダード,建設業,100,1996-04-16,
18470,イチケン,株式,スタンダード,建設業,100,1963-06-01,
18480,富士ピー・エス,株式,スタンダード,建設業,100,2013-07-16,
18500,南海辰村建設,株式,スタンダード,建設業,100,2013-07-16,
18520,淺沼組,株式,プライム,建設業,100,1969-05-07,
18530,森組,株式,スタンダード,建設業,100,2013-07-16,
18600,戸田建設,株式,プライム,建設業,100,1969-04-01,
18610,熊谷組,株式,プライム,建設業,100,1970-04-01,
18660,北野建設,株式,スタンダード,建設業,100,1973-09-14,
18670,植木組,株式,スタンダード,建設業,100,1982-07-15,
18700,矢作建設工業,株式,プライム,建設業,100,1995-12-25,
18710,ピーエス・コンストラクション,株式,プライム,建設業,100,1962-06-01,
18730,日本ハウスホールディングス,株式,プライム,建設業,100,2013-07-16,
18780,大東建託,株式,プライム,不動産業,100,1992-02-05,
18790,新日本建設,株式,プライム,建設業,100,1994-10-07,
18820,東亜道路工業,株式,プライム,建設業,100,1961-10-02,
18840,日本道路,株式,上場廃止,建設業,100,1961-10-02,2025-10-10
18850,東亜建設工業,株式,プライム,建設業,100,1961-09-04,
18870,日本国土開発,株式,プライム,建設業,100,2019-03-05,
18880,若築建設,株式,プライム,建設業,100,1961-10-02,
18900,東洋建設,株式,上場廃止,建設業,100,1962-10-15,2025-12-16
18930,五洋建設,株式,プライム,建設業,100,1963-08-06,
18970,金下建設,株式,スタンダード,建設業,100,2013-07-16,
18980,世紀東急工業,株式,プライム,建設業,100,1973-09-07,
18990,福田組,株式,プライム,建設業,100,1975-12-19,
19040,大成温調,株式,スタンダード,建設業,100,2013-07-16,
19050,テノックス,株式,スタンダード,建設業,100,2013-07-16,
19090,日本ドライケミカル,株式,スタンダード,機械,100,2011-06-29,
19110,住友林業,株式,プライム,建設業,100,1990-11-30,
19140,日本基礎技術,株式,スタンダード,建設業,100,1993-10-07,
19210,巴コーポレーション,株式,スタンダード,建設業,100,1963-10-04,
19250,大和ハウス工業,株式,プライム,建設業,100,1963-01-23,
19260,ライト工業,株式,プライム,建設業,100,1961-10-02,
19280,積水ハウス,株式,プライム,建設業,100,1970-08-01,
19290,日特建設,株式,プライム,建設業,100,1983-12-19,
19300,北陸電気工事,株式,プライム,建設業,100,1990-12-12,
19340,ユアテック,株式,プライム,建設業,100,1977-12-14,
19380,日本リーテック,株式,プライム,建設業,100,1974-01-17,
19390,四電工,株式,プライム,建設業,100,1979-11-01,
19410,中電工,株式,プライム,建設業,100,1970-11-02,
19420,関電工,株式,プライム,建設業,100,1961-10-02,
19440,きんでん,株式,プライム,建設業,100,1970-03-16,
19450,東京エネシス,株式,プライム,建設業,100,1961-11-02,
19460,トーエネック,株式,プライム,建設業,100,1971-10-21,
19480,弘電社,株式,スタンダード,建設業,100,1962-07-02,
19490,住友電設,株式,上場廃止,建設業,100,1972-11-01,2026-03-03
19500,日本電設工業,株式,プライム,建設業,100,1962-12-01,
19510,エクシオグループ,株式,プライム,建設業,100,1973-03-01,
19520,新日本空調,株式,プライム,建設業,100,1990-11-27,
19590,クラフティア,株式,プライム,建設業,100,1971-11-01,
19600,サンテック,株式,スタンダード,建設業,100,1973-05-01,
19610,三機工業,株式,プライム,建設業,100,1950-09-05,
19630,日揮ホールディングス,株式,プライム,建設業,100,1962-05-17,
19640,中外炉工業,株式,プライム,建設業,100,1970-03-20,
19650,テクノ菱和,株式,スタンダード,建設業,100,1996-12-26,
19660,高田工業所,株式,スタンダード,建設業,100,2013-07-16,
19670,ヤマト,株式,スタンダード,建設業,100,1964-10-15,
19680,太平電業,株式,プライム,建設業,100,1968-12-23,
19690,高砂熱学工業,株式,プライム,建設業,100,1969-11-14,
19720,三晃金属工業,株式,スタンダード,建設業,100,1962-09-03,
19750,朝日工業社,株式,プライム,建設業,100,1971-04-01,
19760,明星工業,株式,プライム,建設業,100,2013-07-16,
19790,大氣社,株式,プライム,建設業,100,1974-10-21,
19800,ダイダン,株式,プライム,建設業,100,1993-08-11,
19810,協和日成,株式,スタンダード,建設業,100,2013-07-16,
19820,日比谷総合設備,株式,プライム,建設業,100,1977-11-02,
19920,神田通信機,株式,スタンダード,建設業,100,2013-07-16,
19940,高橋カーテンウォール工業,株式,スタンダード,建設業,100,2013-07-16,
19970,暁飯島工業,株式,スタンダード,建設業,100,2013-07-16,
20010,ニップン,株式,プライム,食料品,100,1949-05-16,
20020,日清製粉グループ本社,株式,プライム,食料品,100,1949-05-16,
20030,日東富士製粉,株式,スタンダード,食料品,100,1949-05-16,
20040,昭和産業,株式,プライム,食料品,100,1949-05-16,
20090,鳥越製粉,株式,スタンダード,食料品,100,1962-09-03,
20110,ＳＭＤＡＭ　Ａｃｔｉｖｅ　ＥＴＦ　日本高配当株式,ETF,その他,nan,10,2023-11-29,
20310,ＮＥＸＴ　ＮＯＴＥＳ　香港ハンセン・ダブル・ブル　ＥＴＮ,ETN,その他,nan,1,2013-02-18,
20320,ＮＥＸＴ　ＮＯＴＥＳ　香港ハンセン・ベア　ＥＴＮ,ETN,その他,nan,1,2013-02-18,
20330,ＮＥＸＴ　ＮＯＴＥＳ　韓国ＫＯＳＰＩ・ダブル・ブル　ＥＴＮ,ETN,その他,nan,1,2013-02-18,
20340,ＮＥＸＴ　ＮＯＴＥＳ　韓国ＫＯＳＰＩ・ベア　ＥＴＮ,ETN,その他,nan,1,2013-02-18,
20360,ＮＥＸＴ　ＮＯＴＥＳ　金先物　ダブル・ブル　ＥＴＮ,ETN,その他,nan,1,2013-04-19,
20370,ＮＥＸＴ　ＮＯＴＥＳ　金先物　ベア　ＥＴＮ,ETN,その他,nan,1,2013-04-19,
20380,ＮＥＸＴ　ＮＯＴＥＳ　ドバイ原油先物　ダブル・ブル　ＥＴＮ,ETN,その他,nan,1,2013-04-19,
20390,ＮＥＸＴ　ＮＯＴＥＳ　ドバイ原油先物　ベア　ＥＴＮ,ETN,その他,nan,1,2013-04-19,
20400,ＮＥＸＴ　ＮＯＴＥＳ　ＮＹダウ・ダブル・ブル・ドルヘッジ　ＥＴＮ,ETN,その他,nan,1,2013-10-28,
20410,ＮＥＸＴ　ＮＯＴＥＳ　ＮＹダウ・ベア・ドルヘッジ　ＥＴＮ,ETN,その他,nan,1,2013-10-28,
20420,ＮＥＸＴ　ＮＯＴＥＳ　東証グロース市場２５０　ＥＴＮ,ETN,その他,nan,1,2013-10-28,
20430,ＮＥＸＴ　ＮＯＴＥＳ　ＳＴＯＸＸ　アセアン好配当５０（円、ネットリターン）ＥＴＮ,ETN,その他,nan,1,2014-03-12,
20440,ＮＥＸＴ　ＮＯＴＥＳ　Ｓ＆Ｐ５００　配当貴族（ネットリターン）　ＥＴＮ,ETN,その他,nan,1,2014-11-18,
20450,ＮＥＸＴ　ＮＯＴＥＳ　Ｓ＆Ｐ　シンガポール　リート（ネットリターン）　ＥＴＮ,ETN,その他,nan,1,2014-11-18,
20460,ＮＥＸＴ　ＮＯＴＥＳ　インドＮｉｆｔｙ・ダブル・ブル　ＥＴＮ,ETN,その他,nan,1,2014-11-18,
20470,ＮＥＸＴ　ＮＯＴＥＳ　インドＮｉｆｔｙ・ベア　ＥＴＮ,ETN,その他,nan,1,2014-11-18,
20480,ＮＥＸＴ　ＮＯＴＥＳ　野村日本株高配当７０（ドルヘッジ、ネットリターン）ＥＴＮ,ETN,その他,nan,1,2015-03-16,
20500,ＮＥＸＴ　ＮＯＴＥＳ　ニッチトップ　中小型日本株（ネットリターン）ＥＴＮ,ETN,その他,nan,1,2019-07-10,
20530,中部飼料,株式,プライム,食料品,100,1961-10-02,
20550,日和産業,株式,スタンダード,食料品,100,2013-07-16,
20600,フィード・ワン,株式,プライム,食料品,100,2014-10-01,
20650,ＮＥＸＴ　ＮＯＴＥＳ　日本株配当貴族（ドルヘッジ、ネットリターン）ＥＴＮ,ETN,その他,nan,1,2016-12-01,
20660,ＮＥＸＴ　ＮＯＴＥＳ　東証ＲＥＩＴ（ドルヘッジ、ネットリターン）ＥＴＮ,ETN,その他,nan,1,2016-12-01,
20670,ＮＥＸＴ　ＮＯＴＥＳ　野村ＡＩビジネス７０（ネットリターン）ＥＴＮ,ETN,その他,nan,1,2017-03-01,
20680,ＮＥＸＴ　ＮＯＴＥＳ　高ベータ３０（ネットリターン）ＥＴＮ,ETN,その他,nan,1,2017-03-01,
20690,ＮＥＸＴ　ＮＯＴＥＳ　低ベータ５０（ネットリターン）ＥＴＮ,ETN,その他,nan,1,2017-03-01,
20700,スマートＥＳＧ３０女性活躍（ネットリターン）ＥＴＮ,ETN,その他,nan,1,2020-11-26,
20710,スマートＥＳＧ３０総合（ネットリターン）ＥＴＮ,ETN,その他,nan,1,2020-11-26,
20720,トップシェアインデックス（ネットリターン）ＥＴＮ,ETN,その他,nan,1,2020-11-26,
20730,スマートＥＳＧ３０低カーボンリスク（ネットリターン）ＥＴＮ,ETN,その他,nan,1,2022-03-22,
20800,ＰＢＲ１倍割れ解消推進ＥＴＦ,ETF,その他,nan,1,2023-09-07,
20810,政策保有解消推進ＥＴＦ,ETF,その他,nan,1,2023-09-07,
20820,投資家経営者一心同体ＥＴＦ,ETF,その他,nan,1,2023-09-07,
20830,ＮＥＸＴ　ＦＵＮＤＳ　日本成長株アクティブ上場投信,ETF,その他,nan,1,2023-09-07,
20840,ＮＥＸＴ　ＦＵＮＤＳ　日本高配当株アクティブ上場投信,ETF,その他,nan,1,2023-09-07,
20850,ＭＡＸＩＳ高配当日本株アクティブ上場投信,ETF,その他,nan,10,2023-09-07,
20860,ＮＺＡＭ　上場投信　Ｓ＆Ｐ５００（為替ヘッジあり）,ETF,その他,nan,1,2023-09-22,
20870,ＮＺＡＭ　上場投信　ＮＡＳＤＡＱ１００（為替ヘッジあり）,ETF,その他,nan,1,2023-09-22,
20880,ＮＺＡＭ　上場投信　ＮＹダウ３０（為替ヘッジあり）,ETF,その他,nan,1,2023-09-22,
20890,ＮＺＡＭ　上場投信　ＤＡＸ（為替ヘッジあり）,ETF,その他,nan,1,2023-09-22,
20900,ＮＺＡＭ　上場投信　米国国債７－１０年（為替ヘッジあり）,ETF,その他,nan,1,2023-09-22,
20910,ＮＺＡＭ　上場投信　ドイツ国債７－１０年（為替ヘッジあり）,ETF,その他,nan,1,2023-09-22,
20920,ＮＺＡＭ　上場投信　フランス国債７－１０年（為替ヘッジあり）,ETF,その他,nan,1,2023-09-22,
20930,上場Ｔｒａｃｅｒｓ　米国債０－２年ラダー（為替ヘッジなし）,ETF,その他,nan,1,2023-10-05,
20940,東証ＲＥＩＴインバースＥＴＦ,ETF,その他,nan,1,2023-10-06,
20950,グローバルＸ　Ｓ＆Ｐ５００配当貴族　ＥＴＦ（為替ヘッジあり）,ETF,その他,nan,1,2023-10-26,
20960,グローバルＸ　オフィス・Ｊ－ＲＥＩＴ　ＥＴＦ,ETF,その他,nan,1,2023-10-26,
20970,グローバルＸ　レジデンシャル・Ｊ－ＲＥＩＴ　ＥＴＦ,ETF,その他,nan,1,2023-10-26,
20980,グローバルＸ　ホテル＆リテール・Ｊ－ＲＥＩＴ　ＥＴＦ,ETF,その他,nan,1,2023-10-26,
21080,日本甜菜製糖,株式,プライム,食料品,100,1949-05-16,
21090,ＤＭ三井製糖,株式,プライム,食料品,100,1953-12-04,
21120,塩水港精糖,株式,スタンダード,食料品,100,1961-10-02,
21140,フジ日本,株式,スタンダード,食料品,100,1961-10-02,
21170,ウェルネオシュガー,株式,プライム,食料品,100,2011-10-03,
21200,ＬＩＦＵＬＬ,株式,プライム,サービス業,100,2006-10-31,
21210,ＭＩＸＩ,株式,プライム,情報・通信業,100,2006-09-14,
21220,インタースペース,株式,スタンダード,サービス業,100,2006-09-19,
21240,ジェイエイシーリクルートメント,株式,プライム,サービス業,100,2013-07-16,
21270,日本Ｍ＆Ａセンターホールディングス,株式,プライム,サービス業,100,2006-10-10,
21300,メンバーズ,株式,プライム,サービス業,100,2016-04-21,
21340,北浜キャピタルパートナーズ,株式,スタンダード,サービス業,100,2013-07-16,
21360,ヒップ,株式,スタンダード,サービス業,100,2013-07-16,
21380,クルーズ,株式,スタンダード,情報・通信業,100,2013-07-16,
21390,中広,株式,スタンダード,サービス業,100,2014-12-22,
21460,ＵＴグループ,株式,プライム,サービス業,100,2013-07-16,
21480,アイティメディア,株式,プライム,サービス業,100,2007-04-19,
21500,ケアネット,株式,上場廃止,サービス業,100,2007-04-20,2025-12-23
21520,幼児活動研究会,株式,スタンダード,サービス業,100,2013-07-16,
21530,Ｅ・Ｊホールディングス,株式,プライム,サービス業,100,2007-06-01,
21540,オープンアップグループ,株式,プライム,サービス業,100,2013-07-16,
21560,セーラー広告,株式,スタンダード,サービス業,100,2013-07-16,
21570,コシダカホールディングス,株式,プライム,サービス業,100,2013-07-16,
21580,ＦＲＯＮＴＥＯ,株式,グロース,サービス業,100,2007-06-26,
21600,ジーエヌアイグループ,株式,グロース,医薬品,100,2007-08-31,
21620,ｎｍｓ　ホールディングス,株式,スタンダード,サービス業,100,2013-07-16,
21630,アルトナー,株式,プライム,サービス業,100,2013-07-16,
21640,地域新聞社,株式,スタンダード,サービス業,100,2013-07-16,
21680,パソナグループ,株式,プライム,サービス業,100,2007-12-03,
21690,ＣＤＳ,株式,スタンダード,サービス業,100,2012-09-12,
21700,リンクアンドモチベーション,株式,プライム,サービス業,100,2007-12-17,
21730,博展,株式,グロース,サービス業,100,2013-07-16,
21750,エス・エム・エス,株式,プライム,サービス業,100,2008-03-13,
21790,成学社,株式,スタンダード,サービス業,100,2013-07-16,
21800,サニーサイドアップグループ,株式,スタンダード,サービス業,100,2013-07-16,
21810,パーソルホールディングス,株式,プライム,サービス業,100,2008-10-01,
21830,リニカル,株式,スタンダード,サービス業,100,2008-10-27,
21850,シイエム・シイ,株式,スタンダード,サービス業,100,2013-07-16,
21860,ソーバル,株式,スタンダード,サービス業,100,2013-07-16,
21930,クックパッド,株式,スタンダード,サービス業,100,2009-07-17,
21950,アミタホールディングス,株式,グロース,サービス業,100,2013-07-16,
21960,エスクリ,株式,上場廃止,サービス業,100,2010-03-05,2026-03-30
21980,アイ・ケイ・ケイホールディングス,株式,プライム,サービス業,100,2012-01-20,
22010,森永製菓,株式,プライム,食料品,100,1949-05-16,
22040,中村屋,株式,スタンダード,食料品,100,1957-03-14,
22060,江崎グリコ,株式,プライム,食料品,100,1961-05-18,
22070,ｍｅｉｔｏ,株式,プライム,食料品,100,1961-10-02,
22080,ブルボン,株式,スタンダード,食料品,100,2000-03-01,
22090,井村屋グループ,株式,プライム,食料品,100,1997-11-11,
22110,不二家,株式,プライム,食料品,100,1962-06-11,
22120,山崎製パン,株式,プライム,食料品,100,1962-07-20,
22150,第一屋製パン,株式,スタンダード,食料品,100,1962-09-21,
22160,カンロ,株式,スタンダード,食料品,100,1962-09-28,
22170,モロゾフ,株式,プライム,食料品,100,1983-08-08,
22200,亀田製菓,株式,プライム,食料品,100,2000-03-01,
22210,岩塚製菓,株式,スタンダード,食料品,100,2013-07-16,
22220,寿スピリッツ,株式,プライム,食料品,100,2013-04-03,
22240,コモ,株式,スタンダード,食料品,100,2013-07-16,
22260,湖池屋,株式,スタンダード,食料品,100,2013-07-16,
22290,カルビー,株式,プライム,食料品,100,2011-03-11,
22350,上場インデックスファンド米国株式（ダウ平均）為替ヘッジなし,ETF,その他,nan,1,2022-12-16,
22360,グローバルＸ　Ｓ＆Ｐ５００配当貴族ＥＴＦ,ETF,その他,nan,1,2023-01-13,
22370,ｉＦｒｅｅＥＴＦ　Ｓ＆Ｐ５００レバレッジ,ETF,その他,nan,1,2023-02-01,
22380,ｉＦｒｅｅＥＴＦ　Ｓ＆Ｐ５００インバース,ETF,その他,nan,1,2023-02-01,
22390,上場インデックスファンドＳ＆Ｐ５００先物レバレッジ２倍,ETF,その他,nan,1,2023-03-17,
22400,上場インデックスファンドＳ＆Ｐ５００先物インバース,ETF,その他,nan,1,2023-03-17,
22410,ＭＡＸＩＳ　ＮＹダウ上場投信,ETF,その他,nan,10,2023-03-10,
22420,ＭＡＸＩＳ　ＮＹダウ上場投信（為替ヘッジあり）,ETF,その他,nan,10,2023-03-10,
22430,グローバルＸ　半導体　ＥＴＦ,ETF,その他,nan,1,2023-04-13,
22440,グローバルＸ　ＵＳ　テック・トップ２０　ＥＴＦ,ETF,その他,nan,1,2023-04-13,
22450,ＮＥＸＴ　ＦＵＮＤＳ　ブルームバーグ・ドイツ国債（７－１０年）インデックス（為替ヘッジあり）連動型上場投信,ETF,その他,nan,10,2023-04-26,
22460,ＮＥＸＴ　ＦＵＮＤＳ　ブルームバーグ・フランス国債（７－１０年）インデックス（為替ヘッジあり）連動型上場投信,ETF,上場廃止,nan,10,2023-04-26,2026-06-29
22470,ｉＦｒｅｅＥＴＦ　Ｓ＆Ｐ５００（為替ヘッジなし）,ETF,その他,nan,1,2023-05-12,
22480,ｉＦｒｅｅＥＴＦ　Ｓ＆Ｐ５００（為替ヘッジあり）,ETF,その他,nan,1,2023-05-12,
22490,ｉＦｒｅｅＥＴＦ　Ｓ＆Ｐ５００ダブルインバース,ETF,その他,nan,1,2023-05-12,
22500,ｉシェアーズ　ＭＳＣＩ　ジャパン気候変動アクション　ＥＴＦ,ETF,その他,nan,10,2023-06-08,
22510,ＮＥＸＴ　ＦＵＮＤＳ　ＪＰＸ国債先物ダブルインバース指数連動型上場投信,ETF,その他,nan,10,2023-06-23,
22520,グローバルＸ　Ｍｏｒｎｉｎｇｓｔａｒ　米国中小型　Ｍｏａｔ　ＥＴＦ,ETF,その他,nan,1,2023-07-13,
22530,グローバルＸ　スーパーディビィデンド－ＵＳ　ＥＴＦ,ETF,その他,nan,1,2023-07-13,
22540,グローバルＸ　チャイナＥＶ＆バッテリー　ＥＴＦ,ETF,その他,nan,1,2023-07-13,
22550,ｉシェアーズ　米国債２０年超　ＥＴＦ,ETF,その他,nan,10,2023-11-28,
22560,ｉシェアーズ　米国総合債券　ＥＴＦ,ETF,その他,nan,10,2023-11-28,
22570,ｉシェアーズ　米ドル建て投資適格社債　ＥＴＦ,ETF,その他,nan,10,2023-11-28,
22580,ｉシェアーズ　米ドル建てハイイールド社債　ＥＴＦ,ETF,その他,nan,10,2023-11-28,
22590,ｉシェアーズ　フランス国債７－１０年　ＥＴＦ（為替ヘッジあり）,ETF,その他,nan,10,2023-11-28,
22640,森永乳業,株式,プライム,食料品,100,1954-09-01,
22660,六甲バター,株式,プライム,食料品,100,2013-07-16,
22670,ヤクルト本社,株式,プライム,食料品,100,1980-01-23,
22680,Ｂ－Ｒ　サーティワン　アイスクリーム,株式,スタンダード,食料品,100,2013-07-16,
22690,明治ホールディングス,株式,プライム,食料品,100,2009-04-01,
22700,雪印メグミルク,株式,プライム,食料品,100,2009-10-01,
22810,プリマハム,株式,プライム,食料品,100,1961-10-02,
22820,日本ハム,株式,プライム,食料品,100,1963-02-11,
22860,林兼産業,株式,スタンダード,食料品,100,1962-05-15,
22880,丸大食品,株式,プライム,食料品,100,1968-09-02,
22910,福留ハム,株式,スタンダード,食料品,100,2000-03-01,
22920,Ｓ　Ｆｏｏｄｓ,株式,プライム,食料品,100,1999-12-03,
22930,滝沢ハム,株式,スタンダード,食料品,100,2013-07-16,
22940,柿安本店,株式,プライム,食料品,100,2013-07-16,
22960,伊藤ハム米久ホールディングス,株式,プライム,食料品,100,2016-04-01,
23000,きょくとう,株式,スタンダード,サービス業,100,2013-07-16,
23010,学情,株式,プライム,サービス業,100,2005-09-16,
23030,ドーン,株式,スタンダード,情報・通信業,100,2013-07-16,
23040,ＣＳＳホールディングス,株式,スタンダード,サービス業,100,2013-07-16,
23050,スタジオアリス,株式,スタンダード,サービス業,100,2003-07-30,
23070,クロスキャット,株式,プライム,情報・通信業,100,2013-07-16,
23110,エプコ,株式,スタンダード,サービス業,100,2013-07-16,
23150,ＣＡＩＣＡ　ＤＩＧＩＴＡＬ,株式,スタンダード,情報・通信業,100,2013-07-16,
23170,システナ,株式,プライム,情報・通信業,100,2004-11-15,
23210,ソフトフロントホールディングス,株式,グロース,情報・通信業,100,2013-07-16,
23230,ｆｏｎｆｕｎ,株式,スタンダード,情報・通信業,100,2013-07-16,
23250,ＮＪＳ,株式,プライム,サービス業,100,2002-09-26,
23260,デジタルアーツ,株式,プライム,情報・通信業,100,2012-02-28,
23270,日鉄ソリューションズ,株式,プライム,情報・通信業,100,2002-10-11,
23290,東北新社,株式,スタンダード,情報・通信業,100,2013-07-16,
23300,フォーサイド,株式,スタンダード,情報・通信業,100,2013-07-16,
23310,ＡＬＳＯＫ,株式,プライム,サービス業,100,2002-10-25,
23320,クエスト,株式,スタンダード,情報・通信業,100,2013-07-16,
23340,イオレ,株式,グロース,サービス業,100,2017-12-15,
23350,キューブシステム,株式,プライム,情報・通信業,100,2006-11-22,
23370,いちご,株式,プライム,不動産業,100,2013-07-16,
23380,クオンタムソリューションズ,株式,スタンダード,情報・通信業,100,2002-11-19,
23400,極楽湯ホールディングス,株式,スタンダード,サービス業,100,2013-07-16,
23410,アルバイトタイムス,株式,スタンダード,サービス業,100,2013-07-16,
23420,トランスジェニックグループ,株式,スタンダード,サービス業,100,2002-12-10,
23440,平安レイサービス,株式,上場廃止,サービス業,100,2013-07-16,2026-05-08
23450,ＨＯＤＬ１,株式,スタンダード,情報・通信業,100,2002-12-13,
23490,エヌアイデイ,株式,スタンダード,情報・通信業,100,2013-07-16,
23510,ＡＳＪ,株式,スタンダード,情報・通信業,100,2003-01-30,
23530,日本駐車場開発,株式,プライム,不動産業,100,2004-02-25,
23540,ＹＥ　ＤＩＧＩＴＡＬ,株式,スタンダード,情報・通信業,100,2003-02-21,
23590,コア,株式,プライム,情報・通信業,100,2003-03-20,
23700,メディネット,株式,グロース,サービス業,100,2003-10-08,
23710,カカクコム,株式,プライム,サービス業,100,2003-10-09,
23730,ケア２１,株式,スタンダード,サービス業,100,2013-07-16,
23740,セントケア・ホールディング,株式,上場廃止,サービス業,100,2013-07-16,2026-03-13
23750,ギグワークス,株式,スタンダード,サービス業,100,2003-11-05,
23760,サイネックス,株式,スタンダード,サービス業,100,2013-07-16,
23780,ルネサンス,株式,プライム,サービス業,100,2004-12-16,
23790,ディップ,株式,プライム,サービス業,100,2004-05-27,
23840,ＳＢＳホールディングス,株式,プライム,陸運業,100,2012-12-14,
23850,総医研ホールディングス,株式,グロース,サービス業,100,2003-12-18,
23880,ウェッジホールディングス,株式,グロース,その他金融業,100,2013-07-16,
23890,デジタルホールディングス,株式,上場廃止,サービス業,100,2013-07-16,2026-03-19
23910,プラネット,株式,スタンダード,サービス業,100,2013-07-16,
23930,日本ケアサプライ,株式,スタンダード,サービス業,100,2004-02-27,
23950,新日本科学,株式,プライム,サービス業,100,2004-03-08,
24040,鉄人化ホールディングス,株式,スタンダード,サービス業,100,2004-07-09,
24080,ＫＧ情報,株式,スタンダード,サービス業,100,2013-07-16,
24100,キャリアデザインセンター,株式,プライム,サービス業,100,2006-09-25,
24110,ゲンダイエージェンシー,株式,スタンダード,情報・通信業,100,2013-07-16,
24130,エムスリー,株式,プライム,サービス業,100,2004-09-16,
24150,ヒューマンホールディングス,株式,スタンダード,サービス業,100,2013-07-16,
24180,ツカダ・グローバルホールディング,株式,スタンダード,サービス業,100,2004-10-28,
24240,ブラス,株式,スタンダード,サービス業,100,2016-03-09,
24250,ケアサービス,株式,スタンダード,サービス業,100,2013-07-16,
24280,ウェルネット,株式,スタンダード,サービス業,100,2013-07-16,
24290,ワールドホールディングス,株式,プライム,サービス業,100,2013-07-16,
24320,ディー・エヌ・エー,株式,プライム,情報・通信業,100,2005-02-16,
24330,博報堂ＤＹホールディングス,株式,プライム,サービス業,100,2005-02-16,
24350,シダー,株式,スタンダード,サービス業,100,2013-07-16,
24360,共同ピーアール,株式,スタンダード,サービス業,100,2013-07-16,
24370,Ｓｈｉｎｗａ　Ｗｉｓｅ　Ｈｏｌｄｉｎｇｓ,株式,スタンダード,サービス業,100,2013-07-16,
24380,アスカネット,株式,グロース,サービス業,100,2005-04-14,
24400,ぐるなび,株式,スタンダード,サービス業,100,2008-12-12,
24450,タカミヤ,株式,スタンダード,サービス業,100,2007-12-17,
24490,プラップジャパン,株式,スタンダード,サービス業,100,2013-07-16,
24520,コンピュータマインド,株式,TOKYO PRO Market,情報・通信業,100,2016-06-23,
24540,オールアバウト,株式,スタンダード,サービス業,100,2013-07-16,
24590,アウンコンサルティング,株式,スタンダード,サービス業,100,2005-11-09,
24610,ファンコミュニケーションズ,株式,プライム,サービス業,100,2013-07-16,
24620,ライク,株式,プライム,サービス業,100,2005-12-08,
24640,Ａｏｂａ‐ＢＢＴ,株式,スタンダード,サービス業,100,2005-12-13,
24690,ヒビノ,株式,スタンダード,サービス業,100,2013-07-16,
24710,エスプール,株式,プライム,サービス業,100,2013-07-16,
24750,ＷＤＢホールディングス,株式,プライム,サービス業,100,2008-03-18,
24770,手間いらず,株式,スタンダード,情報・通信業,100,2006-03-15,
24790,ジェイテック,株式,スタンダード,サービス業,100,2013-07-16,
24800,システム・ロケーション,株式,スタンダード,情報・通信業,100,2013-07-16,
24810,タウンニュース社,株式,スタンダード,サービス業,100,2013-07-16,
24830,翻訳センター,株式,スタンダード,サービス業,100,2013-07-16,
24840,出前館,株式,スタンダード,情報・通信業,100,2013-07-16,
24850,ティア,株式,スタンダード,サービス業,100,2013-06-21,
24880,ＪＴＰ,株式,スタンダード,サービス業,100,2013-07-16,
24890,アドウェイズ,株式,スタンダード,サービス業,100,2006-06-20,
24910,バリューコマース,株式,プライム,サービス業,100,2006-07-31,
24920,インフォマート,株式,プライム,サービス業,100,2006-08-08,
24930,イーサポートリンク,株式,スタンダード,サービス業,100,2013-07-16,
24970,ユナイテッド,株式,グロース,サービス業,100,2006-08-30,
24980,オリエンタルコンサルタンツホールディングス,株式,スタンダード,サービス業,100,2013-07-16,
24990,日本和装ホールディングス,株式,スタンダード,サービス業,100,2012-02-27,
25010,サッポロビール,株式,プライム,食料品,100,1949-10-31,
25020,アサヒグループホールディングス,株式,プライム,食料品,100,1949-10-31,
25030,キリンホールディングス,株式,プライム,食料品,100,1949-05-16,
25100,ＮＥＸＴ　ＦＵＮＤＳ　国内債券・ＮＯＭＵＲＡ－ＢＰＩ総合連動型上場投信,ETF,その他,nan,10,2017-12-11,
25110,ＮＥＸＴ　ＦＵＮＤＳ　外国債券・ＦＴＳＥ世界国債インデックス（除く日本・為替ヘッジなし）連動型上場投信,ETF,その他,nan,10,2017-12-11,
25120,ＮＥＸＴ　ＦＵＮＤＳ　外国債券・ＦＴＳＥ世界国債インデックス（除く日本・為替ヘッジあり）連動型上場投信,ETF,その他,nan,10,2017-12-11,
25130,ＮＥＸＴ　ＦＵＮＤＳ　外国株式・ＭＳＣＩ－ＫＯＫＵＳＡＩ指数（為替ヘッジなし）連動型上場投信,ETF,その他,nan,1,2017-12-11,
25140,ＮＥＸＴ　ＦＵＮＤＳ　外国株式・ＭＳＣＩ－ＫＯＫＵＳＡＩ指数（為替ヘッジあり）連動型上場投信,ETF,その他,nan,1,2017-12-11,
25150,ＮＥＸＴ　ＦＵＮＤＳ　外国ＲＥＩＴ・Ｓ＆Ｐ先進国ＲＥＩＴ指数（除く日本・為替ヘッジなし）連動型上場投信,ETF,その他,nan,1,2017-12-11,
25160,東証グロース２５０ＥＴＦ,ETF,その他,nan,10,2018-02-01,
25170,ＭＡＸＩＳ　Ｊリート・コア上場投信,ETF,その他,nan,10,2018-04-17,
25180,ＮＥＸＴ　ＦＵＮＤＳ　ＭＳＣＩ日本株女性活躍指数（セレクト）連動型上場投信,ETF,その他,nan,1,2018-05-15,
25190,ＮＥＸＴ　ＦＵＮＤＳ　新興国債券・Ｊ．Ｐ．モルガン・エマージング・マーケット・ボンド・インデックス・プラス（為替ヘッジなし）連動型上場投信,ETF,その他,nan,10,2018-07-10,
25200,ＮＥＸＴ　ＦＵＮＤＳ　新興国株式・ＭＳＣＩエマージング・マーケット・インデックス（為替ヘッジなし）連動型上場投信,ETF,その他,nan,1,2018-07-10,
25210,上場インデックスファンド米国株式（Ｓ＆Ｐ５００）為替ヘッジあり,ETF,その他,nan,1,2018-08-03,
25220,ｉシェアーズ　オートメーション　＆　ロボット　ＥＴＦ,ETF,その他,nan,1,2018-11-15,
25230,ＭＡＸＩＳトピックス（除く金融）上場投信,ETF,その他,nan,10,2019-01-11,
25240,ＮＺＡＭ　上場投信　ＴＯＰＩＸ,ETF,その他,nan,1,2019-02-06,
25250,ＮＺＡＭ　上場投信　日経２２５,ETF,その他,nan,1,2019-02-06,
25260,ＮＺＡＭ　上場投信　ＪＰＸ日経４００,ETF,その他,nan,1,2019-02-06,
25270,ＮＺＡＭ　上場投信　東証ＲＥＩＴ　Ｃｏｒｅ指数,ETF,その他,nan,1,2019-02-06,
25280,ｉＦｒｅｅＥＴＦ　東証ＲＥＩＴ　Ｃｏｒｅ指数,ETF,その他,nan,1,2019-02-08,
25290,ＮＥＸＴ　ＦＵＮＤＳ　野村株主還元７０連動型上場投信,ETF,その他,nan,1,2019-04-19,
25300,ＭＡＸＩＳ　ＨｕａＡｎ中国株式（上海１８０Ａ株）上場投信,ETF,その他,nan,1,2019-06-25,
25310,宝ホールディングス,株式,プライム,食料品,100,1949-05-16,
25330,オエノンホールディングス,株式,プライム,食料品,100,1949-05-16,
25400,養命酒製造,株式,上場廃止,食料品,100,1955-10-26,2026-06-18
25520,上場インデックスファンドＪリート（東証ＲＥＩＴ指数）隔月分配型（ミニ）,ETF,その他,nan,1,2019-06-04,
25530,Ｏｎｅ　ＥＴＦ　南方　中国Ａ株　ＣＳＩ５００,ETF,その他,nan,10,2019-06-25,
25540,ＮＥＸＴ　ＦＵＮＤＳ　ブルームバーグ米国投資適格社債（１－１０年）インデックス（為替ヘッジあり）連動型上場投信,ETF,その他,nan,10,2019-06-28,
25550,東証ＲＥＩＴ　ＥＴＦ,ETF,その他,nan,10,2019-07-16,
25560,Ｏｎｅ　ＥＴＦ　東証ＲＥＩＴ指数,ETF,その他,nan,10,2019-08-15,
25570,ＳＭＤＡＭ　トピックス上場投信,ETF,その他,nan,10,2019-12-16,
25580,ＭＡＸＩＳ米国株式（Ｓ＆Ｐ５００）上場投信,ETF,その他,nan,1,2020-01-09,
25590,ＭＡＸＩＳ全世界株式（オール・カントリー）上場投信,ETF,その他,nan,1,2020-01-09,
25600,ＭＡＸＩＳカーボン・エフィシェント日本株上場投信,ETF,その他,nan,1,2020-02-06,
25610,ｉシェアーズ・コア　日本国債　ＥＴＦ,ETF,その他,nan,1,2020-02-26,
25620,上場インデックスファンド米国株式（ダウ平均）為替ヘッジあり,ETF,その他,nan,1,2020-03-18,
25630,ｉシェアーズ　Ｓ＆Ｐ　５００　米国株　ＥＴＦ（為替ヘッジあり）,ETF,その他,nan,10,2020-06-19,
25640,グローバルＸ　ＭＳＣＩスーパーディビィデンド－日本株式　ＥＴＦ,ETF,その他,nan,1,2020-08-26,
25650,グローバルＸ　ロジスティクス・Ｊ－ＲＥＩＴ　ＥＴＦ,ETF,その他,nan,1,2020-08-26,
25660,上場インデックスファンド日経ＥＳＧリート,ETF,その他,nan,1,2020-09-07,
25670,ＮＺＡＭ　上場投信　Ｓ＆Ｐ／ＪＰＸカーボン・エフィシェント指数,ETF,その他,nan,10,2020-09-11,
25680,上場インデックスファンド米国株式（ＮＡＳＤＡＱ１００）為替ヘッジなし,ETF,その他,nan,1,2020-09-24,
25690,上場インデックスファンド米国株式（ＮＡＳＤＡＱ１００）為替ヘッジあり,ETF,その他,nan,1,2020-09-24,
25730,北海道コカ・コーラボトリング,株式,スタンダード,食料品,100,1973-08-21,
25790,コカ・コーラ　ボトラーズジャパンホールディングス,株式,プライム,食料品,100,1996-11-07,
25850,ライフドリンク　カンパニー,株式,プライム,食料品,100,2021-12-21,
25860,フルッタフルッタ,株式,グロース,食料品,100,2014-12-17,
25870,サントリービバレッジ＆フード,株式,プライム,食料品,100,2013-07-03,
25880,プレミアムウォーターホールディングス,株式,スタンダード,食料品,100,2013-03-15,
25900,ダイドーグループホールディングス,株式,プライム,食料品,100,2001-08-09,
25930,伊藤園,株式,プライム,食料品,100,1996-09-30,
25940,キーコーヒー,株式,プライム,食料品,100,1996-01-26,
25970,ユニカフェ,株式,スタンダード,食料品,100,2000-08-18,
26020,日清オイリオグループ,株式,プライム,食料品,100,1949-06-10,
26070,不二製油,株式,プライム,食料品,100,1978-10-02,
26120,かどや製油,株式,スタンダード,食料品,100,2012-03-29,
26130,Ｊ－オイルミルズ,株式,プライム,食料品,100,2002-03-31,
26200,ｉシェアーズ　米国債１－３年　ＥＴＦ,ETF,その他,nan,10,2020-10-15,
26210,ｉシェアーズ　米国債２０年超　ＥＴＦ（為替ヘッジあり）,ETF,その他,nan,1,2020-10-15,
26220,ｉシェアーズ　米ドル建て新興国債券　ＥＴＦ（為替ヘッジあり）,ETF,その他,nan,1,2020-10-15,
26230,ｉシェアーズ　ユーロ建て投資適格社債　ＥＴＦ（為替ヘッジあり）,ETF,その他,nan,1,2020-10-15,
26240,ｉＦｒｅｅＥＴＦ　日経２２５（年４回決算型）,ETF,その他,nan,1,2020-11-10,
26250,ｉＦｒｅｅＥＴＦ　ＴＯＰＩＸ（年４回決算型）,ETF,その他,nan,1,2020-11-10,
26260,グローバルＸ　デジタル・イノベーション－日本株式　ＥＴＦ,ETF,その他,nan,1,2021-01-27,
26270,グローバルＸ　ｅコマース－日本株式　ＥＴＦ,ETF,その他,nan,1,2021-01-27,
26280,ｉＦｒｅｅＥＴＦ　中国科創板５０（ＳＴＡＲ５０）,ETF,その他,nan,1,2021-04-08,
26290,ｉＦｒｅｅＥＴＦ　中国グレーターベイエリア・イノベーション１００（ＧＢＡ１００）,ETF,その他,nan,1,2021-04-08,
26300,ＭＡＸＩＳ米国株式（Ｓ＆Ｐ５００）上場投信（為替ヘッジあり）,ETF,その他,nan,1,2021-02-25,
26310,ＭＡＸＩＳナスダック１００上場投信,ETF,その他,nan,1,2021-02-25,
26320,ＭＡＸＩＳナスダック１００上場投信（為替ヘッジあり）,ETF,その他,nan,1,2021-02-25,
26330,ＮＥＸＴ　ＦＵＮＤＳ　Ｓ＆Ｐ　５００　指数（為替ヘッジなし）連動型上場投信,ETF,その他,nan,10,2021-03-31,
26340,ＮＥＸＴ　ＦＵＮＤＳ　Ｓ＆Ｐ　５００　指数（為替ヘッジあり）連動型上場投信,ETF,その他,nan,1,2021-03-31,
26350,ＮＥＸＴ　ＦＵＮＤＳ　Ｓ＆Ｐ　５００スコアリング＆スクリーニング指数連動型上場投信,ETF,上場廃止,nan,10,2021-03-31,2025-11-07
26360,グローバルＸ　ＭＳＣＩ　ガバナンス・クオリティ－日本株式　ＥＴＦ,ETF,その他,nan,1,2021-03-31,
26370,グローバルＸ　クリーンテック－日本株式　ＥＴＦ,ETF,その他,nan,1,2021-03-31,
26380,グローバルＸ　ロボティクス＆ＡＩ－日本株式　ＥＴＦ,ETF,その他,nan,1,2021-06-23,
26390,グローバルＸ　バイオ＆メドテック－日本株式　ＥＴＦ,ETF,その他,nan,1,2021-06-23,
26400,グローバルＸ　ゲーム＆アニメ－日本株式　ＥＴＦ,ETF,その他,nan,1,2021-06-23,
26410,グローバルＸ　グローバルリーダーズ－日本株式　ＥＴＦ,ETF,その他,nan,1,2021-06-23,
26420,ＳＭＴ　ＥＴＦカーボン・エフィシェント日本株,ETF,その他,nan,1,2021-06-23,
26430,ＮＥＸＴ　ＦＵＮＤＳ　ＭＳＣＩジャパンカントリー指数（セレクト）連動型上場投信,ETF,その他,nan,1,2021-07-16,
26440,グローバルＸ　半導体関連－日本株式　ＥＴＦ,ETF,その他,nan,1,2021-09-28,
26450,グローバルＸ　レジャー＆エンターテインメント－日本株式　ＥＴＦ,ETF,その他,nan,1,2021-09-28,
26460,グローバルＸ　メタルビジネス－日本株式　ＥＴＦ,ETF,その他,nan,1,2021-09-28,
26470,ＮＥＸＴ　ＦＵＮＤＳ　ブルームバーグ米国国債（７－１０年）インデックス（為替ヘッジなし）連動型上場投信,ETF,その他,nan,1,2021-10-29,
26480,ＮＥＸＴ　ＦＵＮＤＳ　ブルームバーグ米国国債（７－１０年）インデックス（為替ヘッジあり）連動型上場投信,ETF,その他,nan,1,2021-10-29,
26490,ｉシェアーズ　米国政府系機関ジニーメイＭＢＳ　ＥＴＦ（為替ヘッジあり）,ETF,その他,nan,10,2022-01-14,
26520,まんだらけ,株式,スタンダード,小売業,100,2000-07-26,
26530,イオン九州,株式,スタンダード,小売業,100,2013-07-16,
26540,アスモ,株式,スタンダード,小売業,100,2013-07-16,
26560,ベクターホールディングス,株式,スタンダード,小売業,100,2013-07-16,
26590,サンエー,株式,プライム,小売業,100,2005-02-04,
26640,カワチ薬品,株式,プライム,小売業,100,2002-12-04,
26660,オートウェーブ,株式,スタンダード,小売業,100,2013-07-16,
26670,イメージ　ワン,株式,スタンダード,卸売業,100,2013-07-16,
26680,タビオ,株式,スタンダード,卸売業,100,2013-07-16,
26690,カネ美食品,株式,スタンダード,小売業,100,2013-07-16,
26700,エービーシー・マート,株式,プライム,小売業,100,2002-11-22,
26730,夢みつけ隊,株式,スタンダード,小売業,100,2013-07-16,
26740,ハードオフコーポレーション,株式,プライム,小売業,100,2004-02-10,
26760,高千穂交易,株式,プライム,卸売業,100,2004-03-18,
26780,アスクル,株式,プライム,小売業,100,2004-04-27,
26810,ゲオホールディングス,株式,プライム,小売業,100,2004-01-13,
26830,魚喜,株式,スタンダード,小売業,100,2002-04-15,
26850,アンドエスティＨＤ,株式,プライム,小売業,100,2002-12-12,
26860,ジーフット,株式,上場廃止,小売業,100,2015-11-10,2026-06-23
26870,シー・ヴイ・エス・ベイエリア,株式,スタンダード,サービス業,100,2002-10-02,
26890,オルバヘルスケアホールディングス,株式,スタンダード,卸売業,100,2000-12-21,
26920,伊藤忠食品,株式,上場廃止,卸売業,100,2001-03-13,2026-05-19
26930,ＹＫＴ,株式,スタンダード,卸売業,100,2013-07-16,
26940,焼肉坂井ホールディングス,株式,スタンダード,小売業,100,2013-07-16,
26950,くら寿司,株式,プライム,小売業,100,2004-10-04,
26980,キャンドゥ,株式,スタンダード,小売業,100,2003-12-03,
27000,木徳神糧,株式,スタンダード,卸売業,100,2013-07-16,
27020,日本マクドナルドホールディングス,株式,スタンダード,小売業,100,2013-07-16,
27050,大戸屋ホールディングス,株式,スタンダード,小売業,100,2013-07-16,
27080,久世,株式,スタンダード,卸売業,100,2013-07-16,
27210,ジェイホールディングス,株式,スタンダード,卸売業,100,2013-07-16,
27220,ＩＫホールディングス,株式,スタンダード,小売業,100,2013-07-16,
27260,パルグループホールディングス,株式,プライム,小売業,100,2004-02-13,
27300,エディオン,株式,プライム,小売業,100,2002-03-28,
27330,あらた,株式,プライム,卸売業,100,2011-03-17,
27340,サーラコーポレーション,株式,プライム,小売業,100,2002-04-30,
27350,ワッツ,株式,スタンダード,小売業,100,2013-07-16,
27360,フェスタリアホールディングス,株式,スタンダード,小売業,100,2013-07-16,
27370,トーメンデバイス,株式,プライム,卸売業,100,2004-03-25,
27420,ハローズ,株式,プライム,小売業,100,2013-07-16,
27430,ピクセルカンパニーズ,株式,上場廃止,卸売業,100,2013-07-16,2026-01-16
27470,北雄ラッキー,株式,スタンダード,小売業,100,2013-07-16,
27490,ＪＰホールディングス,株式,プライム,サービス業,100,2011-03-10,
27500,石光商事,株式,スタンダード,卸売業,100,2013-07-16,
27510,テンポスホールディングス,株式,スタンダード,卸売業,100,2013-07-16,
27520,フジオフードグループ本社,株式,プライム,小売業,100,2013-07-16,
27530,あみやき亭,株式,プライム,小売業,100,2002-12-18,
27600,東京エレクトロン　デバイス,株式,プライム,卸売業,100,2003-03-07,
27620,ＳＡＮＫＯ　ＭＡＲＫＥＴＩＮＧ　ＦＯＯＤＳ,株式,スタンダード,小売業,100,2004-09-15,
27630,エフティグループ,株式,上場廃止,卸売業,100,2013-07-16,2026-07-30
27640,ひらまつ,株式,スタンダード,小売業,100,2004-04-28,
27670,円谷フィールズホールディングス,株式,プライム,卸売業,100,2013-07-16,
27680,双日,株式,プライム,卸売業,100,2003-04-01,
27690,ヴィレッジヴァンガードコーポレーション,株式,スタンダード,小売業,100,2013-07-16,
27760,新都ホールディングス,株式,スタンダード,卸売業,100,2013-07-16,
27780,パレモ・ホールディングス,株式,スタンダード,小売業,100,2013-07-16,
27800,コメ兵ホールディングス,株式,スタンダード,小売業,100,2004-12-21,
27820,セリア,株式,スタンダード,小売業,100,2013-07-16,
27840,アルフレッサ　ホールディングス,株式,プライム,卸売業,100,2003-09-29,
27880,アップルインターナショナル,株式,スタンダード,卸売業,100,2003-12-01,
27890,カルラ,株式,スタンダード,小売業,100,2013-07-16,
27900,ナフコ,株式,スタンダード,小売業,100,2013-07-16,
27910,大黒天物産,株式,プライム,小売業,100,2006-05-24,
27920,ハニーズホールディングス,株式,プライム,小売業,100,2005-04-27,
27950,日本プリメックス,株式,スタンダード,卸売業,100,2013-07-16,
27960,ファーマライズホールディングス,株式,スタンダード,小売業,100,2013-07-16,
27980,ワイズテーブルコーポレーション,株式,スタンダード,小売業,100,2004-03-01,
28010,キッコーマン,株式,プライム,食料品,100,1949-05-16,
28020,味の素,株式,プライム,食料品,100,1949-05-16,
28040,ブルドックソース,株式,プライム,食料品,100,1973-05-16,
28050,ヱスビー食品,株式,スタンダード,食料品,100,1961-10-02,
28060,ユタカフーズ,株式,スタンダード,食料品,100,2000-03-01,
28090,キユーピー,株式,プライム,食料品,100,1970-07-22,
28100,ハウス食品グループ本社,株式,プライム,食料品,100,1971-07-01,
28110,カゴメ,株式,プライム,食料品,100,1978-11-01,
28130,和弘食品,株式,スタンダード,食料品,100,2013-07-16,
28140,佐藤食品工業,株式,スタンダード,食料品,100,2013-07-16,
28150,アリアケジャパン,株式,プライム,食料品,100,1995-09-20,
28160,ダイショー,株式,スタンダード,食料品,100,2000-11-09,
28180,ピエトロ,株式,スタンダード,食料品,100,2002-04-16,
28190,エバラ食品工業,株式,スタンダード,食料品,100,2013-07-16,
28200,やまみ,株式,スタンダード,食料品,100,2016-06-17,
28300,アヲハタ,株式,上場廃止,食料品,100,2000-03-01,2025-10-30
28310,はごろもフーズ,株式,スタンダード,食料品,100,2000-02-09,
28360,グローバルＸ　フィンテック－日本株式　ＥＴＦ,ETF,その他,nan,1,2021-12-08,
28370,グローバルＸ　中小型リーダーズ－日本株式　ＥＴＦ,ETF,その他,nan,1,2021-12-08,
28380,ＭＡＸＩＳ米国国債７－１０年上場投信（為替ヘッジなし）,ETF,その他,nan,1,2021-12-10,
28390,ＭＡＸＩＳ米国国債７－１０年上場投信（為替ヘッジあり）,ETF,その他,nan,1,2021-12-10,
28400,ｉＦｒｅｅＥＴＦ　ＮＡＳＤＡＱ１００（為替ヘッジなし）,ETF,その他,nan,1,2022-02-02,
28410,ｉＦｒｅｅＥＴＦ　ＮＡＳＤＡＱ１００（為替ヘッジあり）,ETF,その他,nan,1,2022-02-02,
28420,ｉＦｒｅｅＥＴＦ　ＮＡＳＤＡＱ１００インバース,ETF,その他,nan,1,2022-02-02,
28430,上場インデックスファンド豪州国債（為替ヘッジあり）,ETF,その他,nan,1,2022-02-17,
28440,上場インデックスファンド豪州国債（為替ヘッジなし）,ETF,その他,nan,1,2022-02-17,
28450,ＮＥＸＴ　ＦＵＮＤＳ　ＮＡＳＤＡＱ－１００（為替ヘッジあり）連動型上場投信,ETF,その他,nan,1,2022-03-18,
28460,ＮＥＸＴ　ＦＵＮＤＳ　ダウ・ジョーンズ工業株３０種平均株価（為替ヘッジあり）連動型上場投信,ETF,その他,nan,1,2022-03-18,
28470,グローバルＸ　新成長インフラ－日本株式　ＥＴＦ,ETF,その他,nan,1,2022-03-24,
28480,グローバルＸ　ＭＳＣＩ　気候変動対応－日本株式　ＥＴＦ,ETF,その他,nan,1,2022-03-24,
28490,グローバルＸ　Ｍｏｒｎｉｎｇｓｔａｒ　高配当　ＥＳＧ－日本株式　ＥＴＦ,ETF,その他,nan,1,2022-03-24,
28510,ｉシェアーズ　ＭＳＣＩ　ジャパンＳＲＩ　ＥＴＦ,ETF,その他,nan,10,2022-06-08,
28520,ｉシェアーズ　グリーンＪリート　ＥＴＦ,ETF,その他,nan,10,2022-05-25,
28530,ｉシェアーズ　気候リスク調整世界国債　ＥＴＦ（除く日本・為替ヘッジあり）,ETF,その他,nan,10,2022-05-25,
28540,グローバルＸ　テック・トップ２０－日本株式　ＥＴＦ,ETF,その他,nan,1,2022-06-24,
28550,グローバルＸ　グリーン・Ｊ－ＲＥＩＴ　ＥＴＦ,ETF,その他,nan,1,2022-06-24,
28560,ｉシェアーズ　米国債３－７年　ＥＴＦ（為替ヘッジあり）,ETF,その他,nan,10,2022-07-27,
28570,ｉシェアーズ　ドイツ国債　ＥＴＦ（為替ヘッジあり）,ETF,その他,nan,10,2022-07-27,
28580,グローバルＸ　日経２２５　カバード・コール　ＥＴＦ（プレミアム再投資型）,ETF,その他,nan,1,2022-07-29,
28590,ＮＥＸＴ　ＦＵＮＤＳ　ユーロ・ストックス５０指数（為替ヘッジあり）連動型上場投信,ETF,その他,nan,1,2022-09-02,
28600,ＮＥＸＴ　ＦＵＮＤＳ　ドイツ株式・ＤＡＸ（為替ヘッジあり）連動型上場投信,ETF,その他,nan,1,2022-09-02,
28610,上場インデックスファンドフランス国債（為替ヘッジなし）,ETF,その他,nan,1,2022-08-17,
28620,上場インデックスファンドフランス国債（為替ヘッジあり）,ETF,その他,nan,1,2022-08-17,
28630,ＮＥＸＴ　ＦＵＮＤＳ　Ｓ＆Ｐ米国株式・債券バランス保守型指数（為替ヘッジあり）連動型上場投信,ETF,上場廃止,nan,10,2022-09-16,2025-11-16
28640,グローバルＸ　ロジスティクス・ＲＥＩＴ　ＥＴＦ,ETF,その他,nan,1,2022-09-30,
28650,グローバルＸ　ＮＡＳＤＡＱ１００・カバード・コール　ＥＴＦ,ETF,その他,nan,1,2022-09-30,
28660,グローバルＸ　米国優先証券　ＥＴＦ,ETF,その他,nan,1,2022-09-30,
28670,グローバルＸ　自動運転＆ＥＶ　ＥＴＦ,ETF,その他,nan,1,2022-11-08,
28680,グローバルＸ　Ｓ＆Ｐ５００・カバード・コール　ＥＴＦ,ETF,その他,nan,1,2022-11-08,
28690,ｉＦｒｅｅＥＴＦ　ＮＡＳＤＡＱ１００レバレッジ,ETF,その他,nan,1,2022-11-16,
28700,ｉＦｒｅｅＥＴＦ　ＮＡＳＤＡＱ１００ダブルインバース,ETF,その他,nan,1,2022-11-16,
28710,ニチレイ,株式,プライム,食料品,100,1949-05-16,
28720,セイヒョー,株式,スタンダード,食料品,100,2000-03-01,
28740,横浜冷凍,株式,プライム,卸売業,100,1962-12-27,
28750,東洋水産,株式,プライム,食料品,100,1970-09-28,
28760,デルソーレ,株式,スタンダード,食料品,100,2013-07-16,
28770,日東ベスト,株式,スタンダード,食料品,100,2013-07-16,
28820,イートアンドホールディングス,株式,プライム,食料品,100,2012-11-27,
28830,大冷,株式,スタンダード,食料品,100,2014-12-18,
28840,ヨシムラ・フード・ホールディングス,株式,プライム,食料品,100,2016-03-04,
28920,日本食品化工,株式,スタンダード,食料品,100,1961-10-02,
28940,石井食品,株式,スタンダード,食料品,100,1962-12-13,
28970,日清食品ホールディングス,株式,プライム,食料品,100,1963-10-21,
29010,ウェルディッシュ,株式,スタンダード,食料品,100,2013-07-16,
29030,シノブフーズ,株式,スタンダード,食料品,100,2013-07-16,
29040,一正蒲鉾,株式,スタンダード,食料品,100,2013-07-16,
29070,あじかん,株式,スタンダード,食料品,100,2000-03-01,
29080,フジッコ,株式,プライム,食料品,100,1996-12-27,
29100,ロック・フィールド,株式,プライム,食料品,100,2000-02-25,
29110,旭松食品,株式,スタンダード,食料品,100,2013-07-16,
29140,日本たばこ産業,株式,プライム,食料品,100,1994-10-27,
29150,ケンコーマヨネーズ,株式,プライム,食料品,100,2011-03-24,
29160,仙波糖化工業,株式,スタンダード,食料品,100,2013-07-16,
29170,大森屋,株式,スタンダード,食料品,100,2013-07-16,
29180,わらべや日洋ホールディングス,株式,プライム,食料品,100,1999-11-04,
29220,なとり,株式,プライム,食料品,100,2001-09-17,
29230,サトウ食品,株式,スタンダード,食料品,100,2001-04-11,
29240,イフジ産業,株式,スタンダード,食料品,100,2012-05-30,
29260,篠崎屋,株式,スタンダード,食料品,100,2003-11-28,
29270,ＡＦＣ－ＨＤアムスライフサイエンス,株式,スタンダード,食料品,100,2013-07-16,
29290,ファーマフーズ,株式,プライム,食料品,100,2006-06-12,
29300,北の達人コーポレーション,株式,プライム,化学,100,2014-11-21,
29310,ユーグレナ,株式,プライム,食料品,100,2012-12-20,
29320,ＳＴＩフードホールディングス,株式,スタンダード,食料品,100,2020-09-25,
29330,紀文食品,株式,プライム,食料品,100,2021-04-13,
29340,ジェイフロンティア,株式,グロース,食料品,100,2021-08-27,
29350,ピックルスホールディングス,株式,プライム,食料品,100,2022-09-01,
29360,ベースフード,株式,グロース,食料品,100,2022-11-15,
29370,サンクゼール,株式,グロース,食料品,100,2022-12-21,
29380,オカムラ食品工業,株式,スタンダード,食料品,100,2023-09-27,
29610,日本調理機,株式,スタンダード,金属製品,100,2021-11-09,
29620,テクニスコ,株式,スタンダード,金属製品,100,2023-07-26,
29700,ＧＬＣ　ＧＲＯＵＰ,株式,スタンダード,不動産業,100,2018-12-17,
29710,エスコンジャパンリート投資法人,REIT,その他,nan,1,2019-02-13,
29720,サンケイリアルエステート投資法人,REIT,その他,nan,1,2019-03-12,
29750,スター・マイカ・ホールディングス,株式,プライム,不動産業,100,2019-06-01,
29780,ツクルバ,株式,グロース,不動産業,100,2019-07-31,
29790,ＳＯＳｉＬＡ物流リート投資法人,REIT,その他,nan,1,2019-12-10,
29800,ＳＲＥホールディングス,株式,プライム,不動産業,100,2019-12-19,
29810,ランディックス,株式,グロース,不動産業,100,2019-12-19,
29820,ＡＤワークスグループ,株式,プライム,不動産業,100,2020-04-01,
29830,アールプランナー,株式,グロース,不動産業,100,2021-02-10,
29840,ヤマイチエステート,株式,スタンダード,不動産業,100,2022-06-20,
29850,ファーストステージ,株式,TOKYO PRO Market,不動産業,100,2020-05-27,
29860,ＬＡホールディングス,株式,グロース,不動産業,100,2020-07-01,
29890,東海道リート投資法人,REIT,その他,nan,1,2021-06-22,
29900,アイダ設計,株式,TOKYO PRO Market,不動産業,100,2021-06-28,
29910,ランドネット,株式,スタンダード,不動産業,100,2021-07-21,
29920,アーバンライク,株式,TOKYO PRO Market,不動産業,100,2021-07-28,
29930,長栄,株式,スタンダード,不動産業,100,2021-12-24,
29940,アンサーホールディングス,株式,TOKYO PRO Market,不動産業,100,2022-01-20,
29950,ジェイレックス・コーポレーション,株式,TOKYO PRO Market,不動産業,100,2022-01-26,
29970,ストレージ王,株式,グロース,不動産業,100,2022-04-27,
29980,クリアル,株式,グロース,不動産業,100,2022-04-28,
29990,ホームポジション,株式,スタンダード,不動産業,100,2022-06-23,
30010,片倉工業,株式,スタンダード,繊維製品,100,1949-05-16,
30020,グンゼ,株式,プライム,繊維製品,100,1949-05-16,
30030,ヒューリック,株式,プライム,不動産業,100,1949-05-16,
30040,神栄,株式,スタンダード,卸売業,100,1949-05-16,
30100,ポラリス・ホールディングス,株式,スタンダード,サービス業,100,1961-10-02,
30110,バナーズ,株式,スタンダード,小売業,100,1963-05-17,
30200,アプライド,株式,スタンダード,小売業,100,2013-07-16,
30210,パシフィックネット,株式,スタンダード,サービス業,100,2006-02-20,
30230,ラサ商事,株式,スタンダード,卸売業,100,2006-02-28,
30240,クリエイト,株式,スタンダード,卸売業,100,2013-07-16,
30280,アルペン,株式,プライム,小売業,100,2006-03-24,
30300,ハブ,株式,スタンダード,小売業,100,2013-07-16,
30310,ラクーンホールディングス,株式,プライム,情報・通信業,100,2006-04-06,
30340,クオールホールディングス,株式,プライム,小売業,100,2011-12-20,
30350,ケイティケイ,株式,スタンダード,卸売業,100,2013-07-16,
30360,アルコニックス,株式,プライム,卸売業,100,2008-03-14,
30380,神戸物産,株式,プライム,卸売業,100,2013-07-16,
30400,ソリトンシステムズ,株式,プライム,情報・通信業,100,2013-07-16,
30410,ビューティカダンホールディングス,株式,スタンダード,卸売業,100,2006-06-19,
30420,セキュアヴェイル,株式,スタンダード,情報・通信業,100,2013-07-16,
30450,カワサキ,株式,スタンダード,卸売業,100,2013-07-16,
30460,ジンズホールディングス,株式,プライム,小売業,100,2013-05-30,
30480,ビックカメラ,株式,プライム,小売業,100,2008-06-10,
30500,ＤＣＭホールディングス,株式,プライム,小売業,100,2006-09-01,
30530,ペッパーフードサービス,株式,スタンダード,小売業,100,2006-09-21,
30540,ハイパー,株式,スタンダード,卸売業,100,2013-07-16,
30580,三洋堂ホールディングス,株式,スタンダード,小売業,100,2013-07-16,
30590,ヒラキ,株式,スタンダード,小売業,100,2006-11-14,
30630,ジェイグループホールディングス,株式,グロース,小売業,100,2006-11-30,
30640,ＭｏｎｏｔａＲＯ,株式,プライム,小売業,100,2006-12-06,
30650,ライフフーズ,株式,スタンダード,小売業,100,2013-07-16,
30670,東京一番フーズ,株式,スタンダード,小売業,100,2006-12-21,
30680,ＷＤＩ,株式,スタンダード,小売業,100,2013-07-16,
30690,ＪＦＬＡホールディングス,株式,スタンダード,食料品,100,2013-07-16,
30700,ジェリービーンズグループ,株式,グロース,卸売業,100,2013-07-16,
30710,ストリーム,株式,スタンダード,小売業,100,2007-02-20,
30730,ＤＤグループ,株式,上場廃止,小売業,100,2013-07-16,2025-11-21
30750,銚子丸,株式,スタンダード,小売業,100,2013-07-16,
30760,あい　ホールディングス,株式,プライム,卸売業,100,2007-04-02,
30770,ホリイフードサービス,株式,スタンダード,小売業,100,2013-07-16,
30790,ディーブイエックス,株式,スタンダード,卸売業,100,2013-07-16,
30800,ジェーソン,株式,スタンダード,小売業,100,2013-07-16,
30820,きちりホールディングス,株式,スタンダード,小売業,100,2013-03-22,
30830,スターシーズ,株式,スタンダード,小売業,100,2013-07-16,
30860,Ｊ．フロント　リテイリング,株式,プライム,小売業,100,2007-09-03,
30870,ドトール・日レスホールディングス,株式,プライム,小売業,100,2007-10-01,
30880,マツキヨココカラ＆カンパニー,株式,プライム,小売業,100,2007-10-01,
30890,テクノアルファ,株式,スタンダード,卸売業,100,2013-07-16,
30910,ブロンコビリー,株式,プライム,小売業,100,2011-08-26,
30920,ＺＯＺＯ,株式,プライム,小売業,100,2007-12-11,
30930,トレジャー・ファクトリー,株式,プライム,小売業,100,2007-12-26,
30940,スーパーバリュー,株式,上場廃止,小売業,100,2013-07-16,2026-01-05
30960,オーシャンシステム,株式,スタンダード,小売業,100,2013-07-16,
30970,物語コーポレーション,株式,プライム,小売業,100,2010-06-25,
30990,三越伊勢丹ホールディングス,株式,プライム,小売業,100,2008-04-01,
31010,東洋紡,株式,プライム,化学,100,1949-05-16,
31030,ユニチカ,株式,スタンダード,繊維製品,100,1949-05-16,
31040,富士紡ホールディングス,株式,プライム,繊維製品,100,1949-05-16,
31050,日清紡ホールディングス,株式,プライム,電気機器,100,1949-05-16,
31060,倉敷紡績,株式,プライム,繊維製品,100,1949-05-16,
31070,ダイワボウホールディングス,株式,プライム,卸売業,100,1949-05-16,
31090,シキボウ,株式,プライム,繊維製品,100,1949-05-16,
31100,日東紡績,株式,プライム,ガラス・土石製品,100,1949-05-16,
31110,オーミケンシ,株式,スタンダード,繊維製品,100,1949-05-16,
31130,ＵＮＩＶＡ・Ｏａｋホールディングス,株式,スタンダード,証券、商品先物取引業,100,1949-05-16,
31160,トヨタ紡織,株式,プライム,輸送用機器,100,2000-03-16,
31210,マーチャント・バンカーズ,株式,スタンダード,サービス業,100,2013-07-16,
31230,サイボー,株式,スタンダード,繊維製品,100,1961-10-02,
31310,シンデン・ハイテックス,株式,スタンダード,卸売業,100,2015-03-25,
31320,マクニカホールディングス,株式,プライム,卸売業,100,2015-04-01,
31330,海帆,株式,グロース,小売業,100,2015-04-17,
31340,Ｈａｍｅｅ,株式,スタンダード,小売業,100,2015-04-20,
31350,マーケットエンタープライズ,株式,スタンダード,小売業,100,2015-06-17,
31370,ファンデリー,株式,スタンダード,小売業,100,2015-06-25,
31380,富士山マガジンサービス,株式,スタンダード,小売業,100,2015-07-07,
31390,ラクト・ジャパン,株式,プライム,卸売業,100,2015-08-28,
31400,ＢＲＵＮＯ,株式,グロース,卸売業,100,2013-07-16,
31410,ウエルシアホールディングス,株式,上場廃止,小売業,100,2008-09-01,2025-11-27
31430,オーウイル,株式,スタンダード,卸売業,100,2013-07-16,
31480,クリエイトＳＤホールディングス,株式,プライム,小売業,100,2009-03-01,
31500,グリムス,株式,プライム,電気・ガス業,100,2013-07-16,
31510,バイタルケーエスケー・ホールディングス,株式,プライム,卸売業,100,2009-04-01,
31530,八洲電機,株式,プライム,卸売業,100,2009-06-25,
31540,メディアスホールディングス,株式,プライム,卸売業,100,2013-07-16,
31560,レスター,株式,プライム,卸売業,100,2009-10-01,
31570,ジオリーブグループ,株式,スタンダード,卸売業,100,2013-07-16,
31590,丸善ＣＨＩホールディングス,株式,スタンダード,小売業,100,2010-02-01,
31600,大光,株式,スタンダード,卸売業,100,2013-07-16,
31610,アゼアス,株式,スタンダード,卸売業,100,2012-06-28,
31660,ＯＣＨＩホールディングス,株式,スタンダード,卸売業,100,2013-11-25,
31670,ＴＯＫＡＩホールディングス,株式,プライム,卸売業,100,2011-04-01,
31680,ＭＥＲＦ,株式,スタンダード,卸売業,100,2011-06-09,
31690,ミサワ,株式,スタンダード,小売業,100,2011-12-22,
31720,ティーライフ,株式,スタンダード,小売業,100,2013-07-16,
31730,Ｃｏｍｉｎｉｘ,株式,スタンダード,卸売業,100,2013-07-16,
31740,ハピネス・アンド・ディ,株式,スタンダード,小売業,100,2013-07-16,
31750,エー・ピーホールディングス,株式,スタンダード,小売業,100,2012-09-25,
31760,三洋貿易,株式,プライム,卸売業,100,2012-10-23,
31770,ありがとうサービス,株式,スタンダード,小売業,100,2013-07-16,
31780,チムニー,株式,スタンダード,小売業,100,2012-12-14,
31790,シュッピン,株式,プライム,小売業,100,2012-12-20,
31800,ビューティガレージ,株式,プライム,卸売業,100,2013-02-14,
31810,買取王国,株式,スタンダード,小売業,100,2013-07-16,
31820,オイシックス,株式,プライム,小売業,100,2013-03-13,
31830,ウイン・パートナーズ,株式,プライム,卸売業,100,2013-07-16,
31840,ＩＣＤＡホールディングス,株式,スタンダード,小売業,100,2013-07-16,
31850,夢展望,株式,グロース,小売業,100,2013-07-10,
31860,ネクステージ,株式,プライム,小売業,100,2013-07-30,
31870,ミラタップ,株式,グロース,小売業,100,2013-09-13,
31890,ＡＮＡＰホールディングス,株式,スタンダード,小売業,100,2013-11-19,
31900,ホットマン,株式,スタンダード,小売業,100,2014-03-20,
31910,ジョイフル本田,株式,プライム,小売業,100,2014-04-18,
31920,白鳩,株式,スタンダード,小売業,100,2014-04-23,
31930,エターナルホスピタリティグループ,株式,プライム,小売業,100,2014-07-10,
31950,ジェネレーションパス,株式,スタンダード,小売業,100,2014-09-24,
31960,ホットランドホールディングス,株式,プライム,小売業,100,2014-09-30,
31970,すかいらーくホールディングス,株式,プライム,小売業,100,2014-10-09,
31980,ＳＦＰホールディングス,株式,上場廃止,小売業,100,2014-12-16,2026-06-29
31990,綿半ホールディングス,株式,プライム,小売業,100,2014-12-24,
32010,日本毛織,株式,プライム,繊維製品,100,1949-05-16,
32020,ダイトウボウ,株式,スタンダード,繊維製品,100,1949-05-16,
32040,トーア紡コーポレーション,株式,スタンダード,繊維製品,100,2003-06-12,
32050,ダイドーリミテッド,株式,スタンダード,繊維製品,100,1950-05-04,
32210,ヨシックスホールディングス,株式,プライム,小売業,100,2014-12-24,
32220,ユナイテッド・スーパーマーケット・ホールディングス,株式,スタンダード,小売業,100,2015-03-02,
32230,エスエルディー,株式,スタンダード,小売業,100,2015-03-19,
32240,ゼネラル・オイスター,株式,グロース,小売業,100,2015-03-19,
32260,三井不動産アコモデーションファンド投資法人,REIT,その他,nan,1,2006-08-04,
32310,野村不動産ホールディングス,株式,プライム,不動産業,100,2006-10-03,
32320,三重交通グループホールディングス,株式,プライム,不動産業,100,2015-03-19,
32340,森ヒルズリート投資法人,REIT,その他,nan,1,2006-11-30,
32360,プロパスト,株式,スタンダード,不動産業,100,2013-07-16,
32370,イントランス,株式,グロース,不動産業,100,2006-12-15,
32380,セントラル総合開発,株式,スタンダード,不動産業,100,2006-12-22,
32410,ウィル,株式,スタンダード,不動産業,100,2013-07-16,
32420,アーバネットコーポレーション,株式,スタンダード,不動産業,100,2013-07-16,
32450,ディア・ライフ,株式,プライム,不動産業,100,2007-08-02,
32460,コーセーアールイー,株式,スタンダード,不動産業,100,2013-07-16,
32480,アールエイジ,株式,スタンダード,不動産業,100,2007-10-15,
32490,産業ファンド投資法人,REIT,その他,nan,1,2007-10-18,
32520,地主,株式,プライム,不動産業,100,2014-12-26,
32610,グランディーズ,株式,グロース,不動産業,100,2014-12-22,
32660,ファンドクリエーショングループ,株式,スタンダード,不動産業,100,2013-07-16,
32670,フィル・カンパニー,株式,スタンダード,建設業,100,2016-11-18,
32690,アドバンス・レジデンス投資法人,REIT,その他,nan,1,2010-03-02,
32710,ＴＨＥグローバル社,株式,上場廃止,不動産業,100,2012-09-06,2026-07-28
32760,ＪＰＭＣ,株式,プライム,不動産業,100,2012-12-07,
32770,サンセイランディック,株式,スタンダード,不動産業,100,2013-07-16,
32790,アクティビア・プロパティーズ投資法人,REIT,その他,nan,1,2012-06-13,
32800,エストラスト,株式,スタンダード,不動産業,100,2012-11-21,
32810,ＧＬＰ投資法人,REIT,その他,nan,1,2012-12-21,
32820,コンフォリア・レジデンシャル投資法人,REIT,その他,nan,1,2013-02-06,
32830,日本プロロジスリート投資法人,REIT,その他,nan,1,2013-02-14,
32840,フージャースホールディングス,株式,プライム,不動産業,100,2013-04-01,
32860,トラストホールディングス,株式,スタンダード,不動産業,100,2013-07-01,
32870,星野リゾート・リート投資法人,REIT,その他,nan,1,2013-07-12,
32880,オープンハウスグループ,株式,プライム,不動産業,100,2013-09-20,
32890,東急不動産ホールディングス,株式,プライム,不動産業,100,2013-10-01,
32900,Ｏｎｅリート投資法人,REIT,その他,nan,1,2013-10-09,
32910,飯田グループホールディングス,株式,プライム,不動産業,100,2013-11-01,
32920,イオンリート投資法人,REIT,その他,nan,1,2013-11-22,
32930,アズマハウス,株式,スタンダード,不動産業,100,2013-12-17,
32940,イーグランド,株式,上場廃止,不動産業,100,2013-12-18,2026-06-15
32950,ヒューリックリート投資法人,REIT,その他,nan,1,2014-02-07,
32960,日本リート投資法人,REIT,その他,nan,1,2014-04-24,
32970,東武住販,株式,スタンダード,不動産業,100,2014-05-22,
32990,ムゲンエステート,株式,スタンダード,不動産業,100,2014-06-18,
33000,アンビション　ＤＸ　ホールディングス,株式,グロース,不動産業,100,2014-09-19,
33020,帝国繊維,株式,プライム,繊維製品,100,1950-09-20,
33060,日本製麻,株式,スタンダード,卸売業,100,1949-05-16,
33090,積水ハウス・リート投資法人,REIT,その他,nan,1,2014-12-03,
33150,日本コークス工業,株式,プライム,石油・石炭製品,100,2004-03-10,
33170,フライングガーデン,株式,スタンダード,小売業,100,2013-07-16,
33190,ゴルフダイジェスト・オンライン,株式,上場廃止,小売業,100,2004-04-01,2025-09-29
33200,クロスプラス,株式,スタンダード,卸売業,100,2004-04-14,
33210,ミタチ産業,株式,スタンダード,卸売業,100,2004-04-21,
33230,レカム,株式,スタンダード,卸売業,100,2013-07-16,
33260,ランシステム,株式,スタンダード,サービス業,100,2013-07-16,
33280,ＢＥＥＮＯＳ,株式,上場廃止,小売業,100,2004-07-08,2025-08-28
33290,東和フードサービス,株式,スタンダード,小売業,100,2013-07-16,
33330,あさひ,株式,プライム,小売業,100,2005-12-14,
33410,日本調剤,株式,上場廃止,小売業,100,2004-09-17,2025-12-19
33490,コスモス薬品,株式,プライム,小売業,100,2004-11-11,
33500,メタプラネット,株式,スタンダード,卸売業,100,2013-07-16,
33520,バッファロー,株式,スタンダード,小売業,100,2013-07-16,
33530,メディカル一光グループ,株式,スタンダード,小売業,100,2013-07-16,
33550,クリヤマホールディングス,株式,スタンダード,卸売業,100,2004-12-09,
33580,Ｔｒａｉｌｈｅａｄ　Ｇｌｏｂａｌ　Ｈｏｌｄｉｎｇｓ,株式,スタンダード,小売業,100,2013-07-16,
33590,ｃｏｔｔａ,株式,グロース,卸売業,100,2013-09-17,
33600,シップヘルスケアホールディングス,株式,プライム,卸売業,100,2005-02-22,
33610,トーエル,株式,スタンダード,小売業,100,2012-12-26,
33700,フジタコーポレーション,株式,スタンダード,小売業,100,2013-07-16,
33710,ソフトクリエイトホールディングス,株式,プライム,情報・通信業,100,2008-12-19,
33720,関門海,株式,スタンダード,小売業,100,2005-06-02,
33740,内外テック,株式,スタンダード,卸売業,100,2013-07-16,
33750,ＺＯＡ,株式,スタンダード,小売業,100,2013-07-16,
33770,バイク王＆カンパニー,株式,スタンダード,卸売業,100,2006-08-21,
33820,セブン＆アイ・ホールディングス,株式,プライム,小売業,100,2005-09-01,
33860,コスモ・バイオ,株式,スタンダード,卸売業,100,2013-07-16,
33870,クリエイト・レストランツ・ホールディングス,株式,プライム,小売業,100,2005-09-28,
33880,明治電機工業,株式,プライム,卸売業,100,2013-07-16,
33910,ツルハホールディングス,株式,プライム,小売業,100,2005-11-16,
33920,デリカフーズホールディングス,株式,スタンダード,卸売業,100,2005-12-06,
33930,スターティアホールディングス,株式,プライム,卸売業,100,2005-12-20,
33950,サンマルクホールディングス,株式,プライム,小売業,100,2006-01-01,
33960,フェリシモ,株式,スタンダード,小売業,100,2006-02-08,
33970,トリドールホールディングス,株式,プライム,小売業,100,2006-02-15,
33990,丸千代山岡家,株式,スタンダード,小売業,100,2013-07-16,
34010,帝人,株式,プライム,繊維製品,100,1949-05-16,
34020,東レ,株式,プライム,繊維製品,100,1949-05-16,
34050,クラレ,株式,プライム,化学,100,1949-05-16,
34070,旭化成,株式,プライム,化学,100,1949-05-16,
34090,北紡,株式,スタンダード,繊維製品,100,2013-07-16,
34150,ＴＯＫＹＯ　ＢＡＳＥ,株式,プライム,小売業,100,2015-09-02,
34160,ピクスタ,株式,スタンダード,小売業,100,2015-09-14,
34170,大木ヘルスケアホールディングス,株式,スタンダード,卸売業,100,2015-10-01,
34180,バルニバービ,株式,グロース,小売業,100,2015-10-28,
34200,ケー・エフ・シー,株式,スタンダード,金属製品,100,2013-07-16,
34210,稲葉製作所,株式,スタンダード,金属製品,100,2000-06-14,
34220,Ｊ－ＭＡＸ,株式,スタンダード,金属製品,100,2021-03-12,
34230,エスイー,株式,スタンダード,金属製品,100,2013-07-16,
34260,アトムリビンテック,株式,スタンダード,金属製品,100,2013-07-16,
34310,宮地エンジニアリンググループ,株式,プライム,金属製品,100,2003-09-29,
34330,トーカロ,株式,プライム,金属製品,100,2003-12-19,
34340,アルファＣｏ,株式,スタンダード,金属製品,100,2004-04-05,
34350,サンコーテクノ,株式,スタンダード,金属製品,100,2013-07-16,
34360,ＳＵＭＣＯ,株式,プライム,金属製品,100,2005-11-17,
34370,特殊電極,株式,スタンダード,金属製品,100,2013-07-16,
34390,三ツ知,株式,スタンダード,金属製品,100,2013-07-16,
34400,日創グループ,株式,スタンダード,金属製品,100,2019-07-16,
34410,山王,株式,スタンダード,金属製品,100,2013-07-16,
34430,川田テクノロジーズ,株式,プライム,金属製品,100,2009-02-27,
34440,菊池製作所,株式,スタンダード,金属製品,100,2013-07-16,
34450,ＲＳ　Ｔｅｃｈｎｏｌｏｇｉｅｓ,株式,プライム,金属製品,100,2015-03-24,
34460,ジェイテックコーポレーション,株式,スタンダード,金属製品,100,2018-02-28,
34470,信和,株式,スタンダード,金属製品,100,2018-03-20,
34480,清鋼材,株式,TOKYO PRO Market,金属製品,100,2019-09-26,
34490,テクノフレックス,株式,スタンダード,金属製品,100,2019-12-10,
34500,サトウ産業,株式,上場廃止,金属製品,100,2021-10-14,2026-08-17
34510,トーセイ・リート投資法人,REIT,その他,nan,1,2014-11-27,
34520,ビーロット,株式,スタンダード,不動産業,100,2014-12-11,
34540,ファーストブラザーズ,株式,スタンダード,不動産業,100,2015-02-18,
34550,ヘルスケア＆メディカル投資法人,REIT,その他,nan,1,2015-03-19,
34570,Ａｎｄ　Ｄｏホールディングス,株式,プライム,不動産業,100,2015-03-25,
34590,サムティ・レジデンシャル投資法人,REIT,その他,nan,1,2015-06-30,
34610,パルマ,株式,スタンダード,不動産業,100,2015-08-11,
34620,野村不動産マスターファンド投資法人,REIT,その他,nan,1,2015-10-02,
34630,いちごホテルリート投資法人,REIT,その他,nan,1,2015-11-30,
34650,ケイアイスター不動産,株式,プライム,不動産業,100,2015-12-24,
34660,ラサールロジポート投資法人,REIT,その他,nan,1,2016-02-17,
34670,アグレ都市デザイン,株式,スタンダード,不動産業,100,2016-03-18,
34680,スターアジア不動産投資法人,REIT,その他,nan,1,2016-04-20,
34690,デュアルタップ,株式,スタンダード,不動産業,100,2016-07-21,
34700,マリモ地方創生リート投資法人,REIT,その他,nan,1,2016-07-29,
34710,三井不動産ロジスティクスパーク投資法人,REIT,その他,nan,1,2016-08-02,
34720,日本ホテル＆レジデンシャル投資法人,REIT,その他,nan,1,2016-08-31,
34740,Ｇ－ＦＡＣＴＯＲＹ,株式,グロース,不動産業,100,2016-09-30,
34750,グッドコムアセット,株式,プライム,不動産業,100,2016-12-08,
34760,投資法人みらい,REIT,その他,nan,1,2016-12-16,
34770,フォーライフ,株式,グロース,不動産業,100,2016-12-22,
34790,ＴＫＰ,株式,グロース,不動産業,100,2017-03-27,
34800,ジェイ・エス・ビー,株式,プライム,不動産業,100,2017-07-20,
34810,三菱地所物流リート投資法人,REIT,その他,nan,1,2017-09-14,
34820,ロードスターキャピタル,株式,プライム,不動産業,100,2017-09-28,
34830,翔栄,株式,TOKYO PRO Market,不動産業,100,2017-10-24,
34840,イノベーションホールディングス,株式,スタンダード,不動産業,100,2017-10-25,
34860,グローバル・リンク・マネジメント,株式,プライム,不動産業,100,2017-12-13,
34870,ＣＲＥロジスティクスファンド投資法人,REIT,その他,nan,1,2018-02-07,
34880,セントラル・リート投資法人,REIT,その他,nan,1,2018-02-15,
34890,フェイスネットワーク,株式,スタンダード,不動産業,100,2018-03-16,
34900,アズ企画設計,株式,スタンダード,不動産業,100,2018-03-29,
34910,ＧＡ　ｔｅｃｈｎｏｌｏｇｉｅｓ,株式,グロース,不動産業,100,2018-07-25,
34920,ＭＩＲＡＲＴＨ不動産投資法人,REIT,その他,nan,1,2018-07-27,
34940,マリオン,株式,スタンダード,不動産業,100,2018-09-13,
34950,香陵住販,株式,スタンダード,不動産業,100,2018-09-13,
34960,アズーム,株式,プライム,不動産業,100,2018-09-20,
34970,ＬｅＴｅｃｈ,株式,上場廃止,不動産業,100,2018-10-23,2025-09-19
34980,霞ヶ関キャピタル,株式,プライム,不動産業,100,2018-11-28,
35010,ＳＵＭＩＮＯＥ,株式,プライム,繊維製品,100,1990-04-04,
35120,日本フエルト,株式,スタンダード,繊維製品,100,1951-02-15,
35130,イチカワ,株式,スタンダード,繊維製品,100,1951-05-07,
35210,テルマー湯ホールディングス,株式,スタンダード,サービス業,100,1949-08-03,
35240,日東製網,株式,スタンダード,繊維製品,100,1963-06-03,
35260,芦森工業,株式,上場廃止,輸送用機器,100,1961-12-05,2026-02-26
35290,アツギ,株式,スタンダード,繊維製品,100,1961-10-02,
35360,アクサスホールディングス,株式,スタンダード,小売業,100,2016-03-01,
35370,昭栄薬品,株式,スタンダード,卸売業,100,2016-03-16,
35380,ウイルプラスホールディングス,株式,スタンダード,小売業,100,2016-03-24,
35390,ＪＭホールディングス,株式,プライム,小売業,100,2016-04-21,
35400,歯愛メディカル,株式,上場廃止,卸売業,100,2017-12-18,2025-12-15
35410,農業総合研究所,株式,上場廃止,卸売業,100,2016-06-16,2026-04-27
35420,ベガコーポレーション,株式,グロース,小売業,100,2016-06-28,
35430,コメダホールディングス,株式,プライム,卸売業,100,2016-06-29,
35440,サツドラホールディングス,株式,スタンダード,小売業,100,2016-08-16,
35460,アレンザホールディングス,株式,上場廃止,小売業,100,2016-09-01,2026-06-26
35470,ユニシアホールディングス,株式,スタンダード,小売業,100,2016-09-14,
35480,バロックジャパンリミテッド,株式,プライム,小売業,100,2016-11-01,
35490,クスリのアオキホールディングス,株式,スタンダード,小売業,100,2016-11-21,
35500,スタジオアタオ,株式,グロース,小売業,100,2016-11-29,
35510,ダイニック,株式,スタンダード,繊維製品,100,1961-10-02,
35530,共和レザー,株式,スタンダード,化学,100,1961-09-01,
35560,リネットジャパングループ,株式,グロース,小売業,100,2016-12-20,
35570,ユナイテッド＆コレクティブ,株式,グロース,小売業,100,2017-02-23,
35580,ジェイドグループ,株式,グロース,小売業,100,2017-03-07,
35590,ピーバンドットコム,株式,スタンダード,卸売業,100,2017-03-09,
35600,ほぼ日,株式,スタンダード,小売業,100,2017-03-16,
35610,力の源ホールディングス,株式,プライム,小売業,100,2017-03-21,
35620,Ｎｏ．１,株式,スタンダード,卸売業,100,2017-03-28,
35630,ＦＯＯＤ　＆　ＬＩＦＥ　ＣＯＭＰＡＮＩＥＳ,株式,プライム,小売業,100,2017-03-30,
35650,アセンテック,株式,スタンダード,卸売業,100,2017-04-25,
35660,ユニフォームネクスト,株式,グロース,小売業,100,2017-07-19,
35690,セーレン,株式,プライム,繊維製品,100,1969-12-01,
35710,ソトー,株式,スタンダード,繊維製品,100,1961-10-02,
35770,東海染工,株式,スタンダード,繊維製品,100,1971-02-01,
35800,小松マテーレ,株式,プライム,繊維製品,100,1978-12-01,
35830,オーベクス,株式,スタンダード,繊維製品,100,1949-05-16,
35910,ワコールホールディングス,株式,プライム,繊維製品,100,1964-09-07,
35930,ホギメディカル,株式,上場廃止,繊維製品,100,1991-12-04,2026-05-15
35970,自重堂,株式,スタンダード,繊維製品,100,2000-03-01,
35980,山喜,株式,スタンダード,繊維製品,100,2013-07-16,
36000,フジックス,株式,スタンダード,繊維製品,100,2013-07-16,
36070,クラウディアホールディングス,株式,スタンダード,繊維製品,100,2005-03-31,
36080,ＴＳＩホールディングス,株式,プライム,繊維製品,100,2011-06-01,
36110,マツオカコーポレーション,株式,スタンダード,繊維製品,100,2017-12-13,
36120,ワールド,株式,プライム,繊維製品,100,2018-09-28,
36220,ネットイヤーグループ,株式,スタンダード,情報・通信業,100,2008-03-06,
36230,ビリングシステム,株式,グロース,情報・通信業,100,2008-03-19,
36240,アクセルマーク,株式,グロース,情報・通信業,100,2008-03-18,
36250,テックファームホールディングス,株式,グロース,情報・通信業,100,2013-07-16,
36260,ＴＩＳＩ,株式,プライム,情報・通信業,100,2008-04-01,
36270,テクミラホールディングス,株式,スタンダード,情報・通信業,100,2008-05-23,
36280,データホライゾン,株式,グロース,情報・通信業,100,2008-09-19,
36320,グリーホールディングス,株式,プライム,情報・通信業,100,2008-12-17,
36330,ＧＭＯペパボ,株式,スタンダード,情報・通信業,100,2013-07-16,
36340,ソケッツ,株式,スタンダード,情報・通信業,100,2009-04-02,
36350,コーエーテクモホールディングス,株式,プライム,情報・通信業,100,2009-04-01,
36360,三菱総合研究所,株式,プライム,情報・通信業,100,2009-09-14,
36390,ボルテージ,株式,スタンダード,情報・通信業,100,2010-06-11,
36400,電算,株式,スタンダード,情報・通信業,100,2010-06-24,
36410,パピレス,株式,スタンダード,情報・通信業,100,2013-07-16,
36450,メディカルネット,株式,グロース,情報・通信業,100,2010-12-21,
36460,駅探,株式,スタンダード,情報・通信業,100,2011-03-03,
36470,アスリナ,株式,スタンダード,情報・通信業,100,2011-03-01,
36480,ＡＧＳ,株式,スタンダード,情報・通信業,100,2011-03-11,
36490,ファインデックス,株式,プライム,情報・通信業,100,2013-07-16,
36520,ディジタルメディアプロフェッショナル,株式,グロース,情報・通信業,100,2011-06-23,
36530,モルフォ,株式,グロース,情報・通信業,100,2011-07-21,
36550,ブレインパッド,株式,上場廃止,情報・通信業,100,2011-09-22,2026-03-17
36560,ＫＬａｂ,株式,プライム,情報・通信業,100,2011-09-27,
36570,ポールトゥウィンホールディングス,株式,プライム,情報・通信業,100,2011-10-26,
36590,ネクソン,株式,プライム,情報・通信業,100,2011-12-14,
36600,アイスタイル,株式,プライム,情報・通信業,100,2012-03-08,
36610,エムアップホールディングス,株式,プライム,情報・通信業,100,2012-03-14,
36620,エイチームホールディングス,株式,プライム,情報・通信業,100,2012-04-04,
36630,セルシス,株式,プライム,情報・通信業,100,2012-04-02,
36640,ＷＩＺＥ,株式,グロース,情報・通信業,100,2012-06-26,
36650,エニグモ,株式,プライム,情報・通信業,100,2012-07-24,
36670,ｅｎｉｓｈ,株式,スタンダード,情報・通信業,100,2012-12-11,
36680,コロプラ,株式,プライム,情報・通信業,100,2012-12-13,
36700,協立情報通信,株式,スタンダード,情報・通信業,100,2013-07-16,
36710,ソフトマックス,株式,スタンダード,情報・通信業,100,2013-03-12,
36720,オルトプラス,株式,スタンダード,情報・通信業,100,2013-03-14,
36730,ブロードリーフ,株式,プライム,情報・通信業,100,2013-03-22,
36740,オークファン,株式,グロース,情報・通信業,100,2013-04-25,
36750,クロス・マーケティンググループ,株式,スタンダード,情報・通信業,100,2013-06-03,
36760,デジタルハーツホールディングス,株式,プライム,情報・通信業,100,2013-10-01,
36780,メディアドゥ,株式,プライム,情報・通信業,100,2013-11-20,
36790,じげん,株式,プライム,情報・通信業,100,2013-11-22,
36800,ホットリンク,株式,グロース,情報・通信業,100,2013-12-09,
36810,ブイキューブ,株式,上場廃止,情報・通信業,100,2013-12-10,2026-07-01
36820,エンカレッジ・テクノロジ,株式,スタンダード,情報・通信業,100,2013-12-11,
36830,サイバーリンクス,株式,スタンダード,情報・通信業,100,2014-03-06,
36860,ディー・エル・イー,株式,スタンダード,情報・通信業,100,2014-03-26,
36870,フィックスターズ,株式,プライム,情報・通信業,100,2014-04-23,
36880,ＣＡＲＴＡ　ＨＯＬＤＩＮＧＳ,株式,上場廃止,情報・通信業,100,2014-07-02,2025-12-08
36900,イルグルム,株式,スタンダード,情報・通信業,100,2014-09-17,
36910,デジタルプラス,株式,グロース,情報・通信業,100,2014-09-18,
36920,ＦＦＲＩセキュリティ,株式,グロース,情報・通信業,100,2014-09-30,
36940,オプティム,株式,プライム,情報・通信業,100,2014-10-22,
36950,ＧＭＯプロダクトプラットフォーム,株式,グロース,情報・通信業,100,2014-10-21,
36960,セレス,株式,プライム,情報・通信業,100,2014-10-22,
36970,ＳＨＩＦＴ,株式,プライム,情報・通信業,100,2014-11-13,
36980,ＣＲＩ・ミドルウェア,株式,スタンダード,情報・通信業,100,2014-11-27,
37080,特種東海製紙,株式,プライム,パルプ・紙,100,2007-04-02,
37100,ジョルダン,株式,スタンダード,情報・通信業,100,2013-07-16,
37120,情報企画,株式,スタンダード,情報・通信業,100,2003-05-30,
37190,ＡＩストーム,株式,スタンダード,情報・通信業,100,2013-07-16,
37230,日本ファルコム,株式,グロース,情報・通信業,100,2003-12-02,
37260,フォーシーズＨＤ,株式,スタンダード,小売業,100,2003-12-05,
37270,アプリックス,株式,グロース,情報・通信業,100,2003-12-17,
37330,ソフトウェア・サービス,株式,スタンダード,情報・通信業,100,2013-07-16,
37410,セック,株式,プライム,情報・通信業,100,2013-07-16,
37440,サイオス,株式,スタンダード,情報・通信業,100,2004-08-05,
37470,インタートレード,株式,スタンダード,情報・通信業,100,2004-09-16,
37500,ＡＤＲバイオメディカルホールディングス,株式,スタンダード,情報・通信業,100,2004-10-01,
37530,フライトソリューションズ,株式,スタンダード,情報・通信業,100,2004-11-01,
37580,アエリア,株式,スタンダード,情報・通信業,100,2013-07-16,
37600,ケイブ,株式,スタンダード,情報・通信業,100,2013-07-16,
37620,テクマトリックス,株式,プライム,情報・通信業,100,2010-06-04,
37630,プロシップ,株式,プライム,情報・通信業,100,2013-07-16,
37650,ガンホー・オンライン・エンターテイメント,株式,プライム,情報・通信業,100,2013-07-16,
37660,システムズ・デザイン,株式,スタンダード,情報・通信業,100,2013-07-16,
37680,リスクモンスター,株式,スタンダード,情報・通信業,100,2013-07-16,
37690,ＧＭＯペイメントゲートウェイ,株式,プライム,情報・通信業,100,2005-04-04,
37700,ザッパラス,株式,上場廃止,情報・通信業,100,2005-05-27,2025-10-30
37710,システムリサーチ,株式,プライム,情報・通信業,100,2013-07-16,
37720,ウェルス・マネジメント,株式,スタンダード,不動産業,100,2005-06-07,
37730,アドバンスト・メディア,株式,グロース,情報・通信業,100,2005-06-27,
37740,インターネットイニシアティブ,株式,プライム,情報・通信業,100,2005-12-02,
37760,ブロードバンドタワー,株式,スタンダード,情報・通信業,100,2013-07-16,
37770,環境フレンドリーホールディングス,株式,グロース,情報・通信業,100,2013-07-16,
37780,さくらインターネット,株式,プライム,情報・通信業,100,2005-10-12,
37790,ジェイ・エスコムホールディングス,株式,スタンダード,情報・通信業,100,2013-07-16,
37870,テクノマセマティカル,株式,スタンダード,情報・通信業,100,2005-12-14,
37880,ＧＭＯグローバルサイン・ホールディングス,株式,プライム,情報・通信業,100,2005-12-16,
37910,ＩＧポート,株式,スタンダード,情報・通信業,100,2013-07-16,
37930,ドリコム,株式,グロース,情報・通信業,100,2006-02-09,
37960,いい生活,株式,スタンダード,情報・通信業,100,2006-02-16,
37980,ＵＬＳグループ,株式,スタンダード,情報・通信業,100,2013-07-16,
37990,キーウェアソリューションズ,株式,スタンダード,情報・通信業,100,2008-03-03,
38000,ユニリタ,株式,スタンダード,情報・通信業,100,2013-07-16,
38020,エコミック,株式,スタンダード,情報・通信業,100,2020-04-28,
38030,イメージ情報開発,株式,グロース,情報・通信業,100,2013-07-16,
38040,システム　ディ,株式,スタンダード,情報・通信業,100,2013-07-16,
38070,フィスコ,株式,グロース,情報・通信業,100,2013-07-16,
38100,サイバーステップホールディングス,株式,スタンダード,情報・通信業,100,2006-07-05,
38140,アルファクス・フード・システム,株式,上場廃止,情報・通信業,100,2013-07-16,2025-09-06
38150,メディア工房,株式,グロース,情報・通信業,100,2006-09-15,
38160,大和コンピューター,株式,スタンダード,情報・通信業,100,2013-07-16,
38170,ＳＲＡホールディングス,株式,プライム,情報・通信業,100,2006-09-30,
38230,ＴＨＥ　ＷＨＹ　ＨＯＷ　ＤＯ　ＣＯＭＰＡＮＹ,株式,スタンダード,情報・通信業,100,2006-10-19,
38250,リミックスポイント,株式,スタンダード,小売業,100,2006-12-01,
38260,システムインテグレータ,株式,スタンダード,情報・通信業,100,2006-12-04,
38340,朝日ネット,株式,プライム,情報・通信業,100,2006-12-26,
38350,ｅＢＡＳＥ,株式,プライム,情報・通信業,100,2013-07-16,
38360,アバントグループ,株式,プライム,情報・通信業,100,2013-07-16,
38370,アドソル日進,株式,プライム,情報・通信業,100,2013-07-16,
38390,ＯＤＫソリューションズ,株式,スタンダード,情報・通信業,100,2013-07-16,
38400,パス,株式,スタンダード,情報・通信業,100,2007-03-12,
38410,ジーダット,株式,スタンダード,情報・通信業,100,2013-07-16,
38420,ネクストジェン,株式,スタンダード,情報・通信業,100,2013-07-16,
38430,フリービット,株式,プライム,情報・通信業,100,2007-03-20,
38440,コムチュア,株式,プライム,情報・通信業,100,2012-11-16,
38450,アイフリークモバイル,株式,スタンダード,情報・通信業,100,2013-07-16,
38470,パシフィックシステム,株式,上場廃止,情報・通信業,100,2013-07-16,2025-11-26
38480,データ・アプリケーション,株式,スタンダード,情報・通信業,100,2013-07-16,
38500,エヌ・ティ・ティ・データ・イントラマート,株式,スタンダード,情報・通信業,100,2007-06-07,
38510,日本一ソフトウェア,株式,スタンダード,情報・通信業,100,2013-07-16,
38530,アステリア,株式,プライム,情報・通信業,100,2007-06-22,
38540,アイル,株式,プライム,情報・通信業,100,2013-07-16,
38560,Ａｂａｌａｎｃｅ,株式,スタンダード,電気機器,100,2007-09-19,
38580,ユビキタスＡＩ,株式,スタンダード,情報・通信業,100,2013-07-16,
38610,王子ホールディングス,株式,プライム,パルプ・紙,100,1949-12-16,
38630,日本製紙,株式,プライム,パルプ・紙,100,2013-04-01,
38640,三菱製紙,株式,プライム,パルプ・紙,100,1949-05-16,
38650,北越コーポレーション,株式,プライム,パルプ・紙,100,1949-05-16,
38770,中越パルプ工業,株式,プライム,パルプ・紙,100,1956-01-06,
38780,巴川コーポレーション,株式,スタンダード,化学,100,1961-08-28,
38800,大王製紙,株式,プライム,パルプ・紙,100,1988-02-17,
38910,ニッポン高度紙工業,株式,スタンダード,パルプ・紙,100,2013-07-16,
38920,岡山製紙,株式,スタンダード,パルプ・紙,100,2013-07-16,
38950,ハビックス,株式,スタンダード,パルプ・紙,100,2013-07-16,
38960,阿波製紙,株式,スタンダード,パルプ・紙,100,2012-10-23,
39000,クラウドワークス,株式,グロース,情報・通信業,100,2014-12-12,
39010,マークラインズ,株式,プライム,情報・通信業,100,2014-12-16,
39020,メディカル・データ・ビジョン,株式,上場廃止,情報・通信業,100,2014-12-16,2026-04-24
39030,ｇｕｍｉ,株式,プライム,情報・通信業,100,2014-12-18,
39040,カヤック,株式,グロース,情報・通信業,100,2014-12-25,
39050,データセクション,株式,グロース,情報・通信業,100,2014-12-24,
39070,シリコンスタジオ,株式,スタンダード,情報・通信業,100,2015-02-23,
39080,コラボス,株式,スタンダード,情報・通信業,100,2015-03-17,
39090,ショーケース,株式,スタンダード,情報・通信業,100,2015-03-19,
39100,エムケイシステム,株式,スタンダード,情報・通信業,100,2015-03-17,
39110,Ａｉｍｉｎｇ,株式,グロース,情報・通信業,100,2015-03-25,
39120,モバイルファクトリー,株式,スタンダード,情報・通信業,100,2015-03-26,
39130,ＧｒｅｅｎＢｅｅ,株式,スタンダード,情報・通信業,100,2015-03-27,
39140,ＪＩＧ－ＳＡＷ,株式,グロース,情報・通信業,100,2015-04-28,
39150,テラスカイ,株式,プライム,情報・通信業,100,2015-04-30,
39160,デジタル・インフォメーション・テクノロジー,株式,プライム,情報・通信業,100,2015-06-18,
39170,アイリッジ,株式,グロース,情報・通信業,100,2015-07-16,
39180,ＰＣＩホールディングス,株式,スタンダード,情報・通信業,100,2015-08-04,
39200,アイビーシー,株式,スタンダード,情報・通信業,100,2015-09-15,
39210,ネオジャパン,株式,プライム,情報・通信業,100,2015-11-27,
39220,ＰＲ　ＴＩＭＥＳ,株式,プライム,情報・通信業,100,2016-03-31,
39230,ラクス,株式,プライム,情報・通信業,100,2015-12-09,
39240,ランドコンピュータ,株式,上場廃止,情報・通信業,100,2015-12-11,2026-03-30
39250,ダブルスタンダード,株式,プライム,情報・通信業,100,2015-12-15,
39260,オープンドア,株式,スタンダード,情報・通信業,100,2015-12-17,
39270,フーバーブレイン,株式,スタンダード,情報・通信業,100,2015-12-18,
39280,マイネット,株式,スタンダード,情報・通信業,100,2015-12-21,
39290,ソーシャルワイヤー,株式,グロース,情報・通信業,100,2015-12-24,
39300,はてな,株式,グロース,情報・通信業,100,2016-02-24,
39310,バリューゴルフ,株式,グロース,情報・通信業,100,2016-03-02,
39320,アカツキ,株式,プライム,情報・通信業,100,2016-03-17,
39330,チエル,株式,スタンダード,情報・通信業,100,2016-03-22,
39340,ベネフィットジャパン,株式,スタンダード,情報・通信業,100,2016-03-24,
39350,エディア,株式,スタンダード,情報・通信業,100,2016-04-15,
39360,グローバルウェイ,株式,グロース,情報・通信業,100,2016-04-19,
39370,Ｕｂｉｃｏｍホールディングス,株式,スタンダード,情報・通信業,100,2016-06-21,
39390,カナミックネットワーク,株式,プライム,情報・通信業,100,2016-09-14,
39400,ノムラシステムコーポレーション,株式,スタンダード,情報・通信業,100,2016-09-16,
39410,レンゴー,株式,プライム,パルプ・紙,100,1950-04-07,
39430,大石産業,株式,スタンダード,パルプ・紙,100,2022-02-25,
39440,古林紙工,株式,スタンダード,パルプ・紙,100,2013-07-16,
39450,スーパーバッグ,株式,スタンダード,パルプ・紙,100,1964-05-11,
39460,トーモク,株式,プライム,パルプ・紙,100,1974-04-13,
39470,ダイナパック,株式,スタンダード,パルプ・紙,100,1993-10-25,
39480,光ビジネスフォーム,株式,スタンダード,パルプ・紙,100,2013-07-16,
39500,ザ・パック,株式,プライム,パルプ・紙,100,2001-09-11,
39510,朝日印刷,株式,スタンダード,パルプ・紙,100,2002-11-06,
39530,大村紙業,株式,スタンダード,パルプ・紙,100,2013-07-16,
39540,昭和パックス,株式,スタンダード,パルプ・紙,100,2013-07-16,
39550,イムラ,株式,スタンダード,パルプ・紙,100,2000-07-07,
39580,笹徳印刷,株式,スタンダード,パルプ・紙,100,2023-09-22,
39610,シルバーエッグ・テクノロジー,株式,上場廃止,情報・通信業,100,2016-09-27,2026-03-23
39620,チェンジホールディングス,株式,プライム,情報・通信業,100,2016-09-27,
39630,シンクロ・フード,株式,プライム,情報・通信業,100,2016-09-29,
39640,オークネット,株式,プライム,情報・通信業,100,2017-03-29,
39650,キャピタル・アセット・プランニング,株式,スタンダード,情報・通信業,100,2016-10-07,
39670,エルテス,株式,グロース,情報・通信業,100,2016-11-29,
39680,セグエグループ,株式,プライム,情報・通信業,100,2016-12-21,
39690,エイトレッド,株式,スタンダード,情報・通信業,100,2016-12-22,
39700,イノベーション,株式,スタンダード,情報・通信業,100,2016-12-21,
39740,ＳＣＡＴ,株式,スタンダード,情報・通信業,100,2016-12-27,
39760,シャノン,株式,グロース,情報・通信業,100,2017-01-27,
39790,うるる,株式,グロース,情報・通信業,100,2017-03-16,
39810,ビーグリー,株式,スタンダード,情報・通信業,100,2017-03-17,
39830,オロ,株式,プライム,情報・通信業,100,2017-03-24,
39840,ユーザーローカル,株式,プライム,情報・通信業,100,2017-03-30,
39850,テモナ,株式,スタンダード,情報・通信業,100,2017-04-06,
39860,ビーブレイクシステムズ,株式,スタンダード,情報・通信業,100,2017-06-15,
39870,エコモット,株式,グロース,情報・通信業,100,2018-06-22,
39880,ＳＹＳホールディングス,株式,スタンダード,情報・通信業,100,2017-06-30,
39890,シェアリングテクノロジー,株式,グロース,情報・通信業,100,2017-08-03,
39910,ウォンテッドリー,株式,グロース,情報・通信業,100,2017-09-14,
39920,ニーズウェル,株式,プライム,情報・通信業,100,2017-09-20,
39930,ＰＫＳＨＡ　Ｔｅｃｈｎｏｌｏｇｙ,株式,プライム,情報・通信業,100,2017-09-22,
39940,マネーフォワード,株式,プライム,情報・通信業,100,2017-09-29,
39960,サインポスト,株式,スタンダード,情報・通信業,100,2017-11-21,
39970,トレードワークス,株式,スタンダード,情報・通信業,100,2017-11-29,
39980,すららネット,株式,グロース,情報・通信業,100,2017-12-18,
40040,レゾナック・ホールディングス,株式,プライム,化学,100,1949-05-16,
40050,住友化学,株式,プライム,化学,100,1949-05-16,
40080,住友精化,株式,プライム,化学,100,1956-11-12,
40110,ヘッドウォータース,株式,グロース,情報・通信業,100,2020-09-29,
40120,アクシス,株式,スタンダード,情報・通信業,100,2020-09-30,
40130,勤次郎,株式,グロース,情報・通信業,100,2020-10-13,
40140,カラダノート,株式,グロース,情報・通信業,100,2020-10-27,
40150,ペイクラウドホールディングス,株式,グロース,情報・通信業,100,2020-11-19,
40160,ＭＩＴホールディングス,株式,スタンダード,情報・通信業,100,2020-11-25,
40170,クリーマ,株式,グロース,情報・通信業,100,2020-11-27,
40190,スタメン,株式,グロース,情報・通信業,100,2020-12-15,
40200,ビートレンド,株式,グロース,情報・通信業,100,2020-12-17,
40210,日産化学,株式,プライム,化学,100,1949-05-16,
40220,ラサ工業,株式,プライム,化学,100,1949-05-16,
40230,クレハ,株式,プライム,化学,100,1949-05-16,
40250,多木化学,株式,プライム,化学,100,2013-07-16,
40260,神島化学工業,株式,スタンダード,ガラス・土石製品,100,2013-07-16,
40270,テイカ,株式,プライム,化学,100,1949-05-16,
40280,石原産業,株式,プライム,化学,100,1949-07-09,
40310,片倉コープアグリ,株式,スタンダード,化学,100,1961-10-02,
40400,南海化学,株式,スタンダード,化学,100,2023-04-20,
40410,日本曹達,株式,プライム,化学,100,1949-05-16,
40420,東ソー,株式,プライム,化学,100,1949-05-16,
40430,トクヤマ,株式,プライム,化学,100,1949-05-16,
40440,セントラル硝子,株式,プライム,化学,100,1949-05-16,
40450,東亞合成,株式,プライム,化学,100,1949-05-16,
40460,大阪ソーダ,株式,プライム,化学,100,1953-11-14,
40470,関東電化工業,株式,プライム,化学,100,1961-10-02,
40510,ＧＭＯフィナンシャルゲート,株式,プライム,情報・通信業,100,2020-07-15,
40520,フィーチャ,株式,グロース,情報・通信業,100,2020-06-24,
40530,Ｓｕｎ　Ａｓｔｅｒｉｓｋ,株式,プライム,情報・通信業,100,2020-07-31,
40540,日本情報クリエイト,株式,グロース,情報・通信業,100,2020-07-31,
40550,ティアンドエスグループ,株式,グロース,情報・通信業,100,2020-08-07,
40560,ニューラルグループ,株式,グロース,情報・通信業,100,2020-08-20,
40570,インターファクトリー,株式,グロース,情報・通信業,100,2020-08-25,
40580,トヨクモ,株式,グロース,情報・通信業,100,2020-09-24,
40590,まぐまぐ,株式,スタンダード,情報・通信業,100,2020-09-24,
40600,ｒａｋｕｍｏ,株式,グロース,情報・通信業,100,2020-09-28,
40610,デンカ,株式,プライム,化学,100,1949-05-16,
40620,イビデン,株式,プライム,電気機器,100,1949-05-16,
40630,信越化学工業,株式,プライム,化学,100,1949-05-16,
40640,日本カーバイド工業,株式,プライム,化学,100,1949-05-16,
40680,ベイシス,株式,グロース,情報・通信業,100,2021-06-24,
40690,ＢｌｕｅＭｅｍｅ,株式,グロース,情報・通信業,100,2021-06-29,
40710,プラスアルファ・コンサルティング,株式,プライム,情報・通信業,100,2021-06-30,
40720,電算システムホールディングス,株式,プライム,情報・通信業,100,2021-07-01,
40730,ジィ・シィ企画,株式,グロース,情報・通信業,100,2021-09-28,
40740,ラキール,株式,グロース,情報・通信業,100,2021-07-16,
40750,ブレインズテクノロジー,株式,グロース,情報・通信業,100,2021-07-28,
40760,シイエヌエス,株式,グロース,情報・通信業,100,2021-08-20,
40780,堺化学工業,株式,プライム,化学,100,1961-10-02,
40800,田中化学研究所,株式,上場廃止,化学,100,2013-07-16,2026-01-28
40820,第一稀元素化学工業,株式,プライム,化学,100,2004-12-03,
40880,エア・ウォーター,株式,プライム,化学,100,1966-10-05,
40910,日本酸素ホールディングス,株式,プライム,化学,100,1949-05-16,
40920,日本化学工業,株式,プライム,化学,100,1949-05-16,
40930,東邦アセチレン,株式,スタンダード,化学,100,1964-01-04,
40940,日本化学産業,株式,スタンダード,化学,100,1961-10-02,
40950,日本パーカライジング,株式,プライム,化学,100,1961-10-02,
40970,高圧ガス工業,株式,プライム,化学,100,1977-06-10,
40980,チタン工業,株式,スタンダード,化学,100,1962-10-02,
40990,四国化成ホールディングス,株式,プライム,化学,100,1962-10-12,
41000,戸田工業,株式,スタンダード,化学,100,1982-11-29,
41020,丸尾カルシウム,株式,スタンダード,化学,100,2013-07-16,
41070,伊勢化学工業,株式,スタンダード,化学,100,1990-10-16,
41090,ステラ　ケミファ,株式,プライム,化学,100,2000-10-18,
41120,保土谷化学工業,株式,プライム,化学,100,1949-05-16,
41130,田岡化学工業,株式,スタンダード,化学,100,2013-07-16,
41140,日本触媒,株式,プライム,化学,100,1956-11-12,
41160,大日精化工業,株式,プライム,化学,100,1961-10-02,
41180,カネカ,株式,プライム,化学,100,1949-10-31,
41190,日本ピグメントホールディングス,株式,スタンダード,化学,100,1961-10-02,
41200,スガイ化学工業,株式,スタンダード,化学,100,2013-07-16,
41240,大阪油化工業,株式,スタンダード,化学,100,2017-10-05,
41250,三和油化工業,株式,スタンダード,化学,100,2021-12-23,
41510,協和キリン,株式,プライム,医薬品,100,1949-08-22,
41650,プレイド,株式,グロース,情報・通信業,100,2020-12-17,
41660,かっこ,株式,グロース,情報・通信業,100,2020-12-17,
41670,ココペリ,株式,グロース,情報・通信業,100,2020-12-18,
41680,ヤプリ,株式,グロース,情報・通信業,100,2020-12-22,
41690,ＥＮＥＣＨＡＮＧＥ,株式,グロース,情報・通信業,100,2020-12-23,
41700,Ｋａｉｚｅｎ　Ｐｌａｔｆｏｒｍ,株式,グロース,情報・通信業,100,2020-12-22,
41710,グローバルインフォメーション,株式,上場廃止,情報・通信業,100,2020-12-24,2026-08-13
41720,Ｈｉクラテス,株式,スタンダード,情報・通信業,100,2020-12-25,
41740,アピリッツ,株式,スタンダード,情報・通信業,100,2021-02-25,
41750,ｃｏｌｙ,株式,グロース,情報・通信業,100,2021-02-26,
41760,ココナラ,株式,グロース,情報・通信業,100,2021-03-19,
41770,ｉ‐ｐｌｕｇ,株式,グロース,情報・通信業,100,2021-03-18,
41780,Ｓｈａｒｉｎｇ　Ｉｎｎｏｖａｔｉｏｎｓ,株式,グロース,情報・通信業,100,2021-03-24,
41790,ジーネクスト,株式,グロース,情報・通信業,100,2021-03-25,
41800,Ａｐｐｉｅｒ　Ｇｒｏｕｐ,株式,プライム,情報・通信業,100,2021-03-30,
41820,三菱瓦斯化学,株式,プライム,化学,100,1954-02-15,
41830,三井化学,株式,プライム,化学,100,1962-10-05,
41860,東京応化工業,株式,プライム,化学,100,1986-07-30,
41870,大阪有機化学工業,株式,プライム,化学,100,2005-11-21,
41880,三菱ケミカルグループ,株式,プライム,化学,100,2005-10-01,
41890,ＫＨネオケム,株式,プライム,化学,100,2016-10-12,
41920,スパイダープラス,株式,グロース,情報・通信業,100,2021-03-30,
41930,ファブリカホールディングス,株式,スタンダード,情報・通信業,100,2021-04-07,
41940,ビジョナル,株式,プライム,情報・通信業,100,2021-04-22,
41960,ネオマーケティング,株式,スタンダード,情報・通信業,100,2021-04-22,
41970,アスマーク,株式,スタンダード,情報・通信業,100,2023-12-04,
41980,テンダ,株式,スタンダード,情報・通信業,100,2021-06-10,
41990,ワンダープラネット,株式,グロース,情報・通信業,100,2021-06-10,
42020,ダイセル,株式,プライム,化学,100,1949-05-16,
42030,住友ベークライト,株式,プライム,化学,100,1949-05-16,
42040,積水化学工業,株式,プライム,化学,100,1954-04-07,
42050,日本ゼオン,株式,プライム,化学,100,1961-09-11,
42060,アイカ工業,株式,プライム,化学,100,1962-07-20,
42080,ＵＢＥ,株式,プライム,化学,100,1949-05-30,
42120,積水樹脂,株式,プライム,化学,100,1973-10-11,
42160,旭有機材,株式,プライム,化学,100,1961-10-02,
42180,ニチバン,株式,プライム,化学,100,1961-10-02,
42200,リケンテクノス,株式,プライム,化学,100,1961-10-19,
42210,大倉工業,株式,プライム,化学,100,1967-07-10,
42220,児玉化学工業,株式,スタンダード,化学,100,1962-07-26,
42240,ロンシール工業,株式,スタンダード,化学,100,1962-09-07,
42280,積水化成品工業,株式,プライム,化学,100,1973-04-02,
42290,群栄化学工業,株式,プライム,化学,100,1974-05-28,
42310,タイガースポリマー,株式,スタンダード,化学,100,2000-04-07,
42340,サンエー化研,株式,スタンダード,化学,100,2013-07-16,
42350,ウルトラファブリックス・ホールディングス,株式,スタンダード,化学,100,2013-07-16,
42370,フジプレアム,株式,スタンダード,化学,100,2013-07-16,
42380,ミライアル,株式,スタンダード,化学,100,2011-11-18,
42400,クラスターテクノロジー,株式,スタンダード,化学,100,2013-07-16,
42410,アテクト,株式,スタンダード,化学,100,2013-07-16,
42420,タカギセイコー,株式,スタンダード,化学,100,2013-07-16,
42430,ニックス,株式,スタンダード,化学,100,2013-07-16,
42450,ダイキアクシス,株式,スタンダード,化学,100,2013-12-19,
42460,ダイキョーニシカワ,株式,プライム,化学,100,2014-03-13,
42470,ポバール興業,株式,スタンダード,化学,100,2022-03-10,
42480,竹本容器,株式,スタンダード,化学,100,2014-12-17,
42490,森六,株式,プライム,化学,100,2017-12-20,
42510,恵和,株式,プライム,化学,100,2019-10-30,
42550,ＴＨＥＣＯＯ,株式,グロース,情報・通信業,100,2021-12-22,
42560,サインド,株式,グロース,情報・通信業,100,2021-12-22,
42580,網屋,株式,グロース,情報・通信業,100,2021-12-22,
42590,エクサウィザーズ,株式,グロース,情報・通信業,100,2021-12-23,
42600,ハイブリッドテクノロジーズ,株式,グロース,情報・通信業,100,2021-12-23,
42610,アジアクエスト,株式,グロース,情報・通信業,100,2021-12-27,
42620,ニフティライフスタイル,株式,グロース,情報・通信業,100,2021-12-24,
42630,サスメド,株式,グロース,情報・通信業,100,2021-12-24,
42640,セキュア,株式,グロース,情報・通信業,100,2021-12-27,
42650,Ｉｎｓｔｉｔｕｔｉｏｎ　ｆｏｒ　ａ　Ｇｌｏｂａｌ　Ｓｏｃｉｅｔｙ,株式,グロース,情報・通信業,100,2021-12-29,
42700,ＢｅｅＸ,株式,グロース,情報・通信業,100,2022-02-24,
42720,日本化薬,株式,プライム,化学,100,1949-05-16,
42740,細谷火工,株式,スタンダード,化学,100,2013-07-16,
42750,カーリット,株式,プライム,化学,100,2013-10-01,
42840,ソルクシーズ,株式,スタンダード,情報・通信業,100,2013-07-16,
42860,ＣＬホールディングス,株式,スタンダード,サービス業,100,2013-07-16,
42870,ジャストプランニング,株式,スタンダード,情報・通信業,100,2013-07-16,
42880,アズジェント,株式,スタンダード,情報・通信業,100,2013-07-16,
42900,プレステージ・インターナショナル,株式,プライム,サービス業,100,2012-12-11,
42930,セプテーニ・ホールディングス,株式,スタンダード,サービス業,100,2013-07-16,
42990,ハイマックス,株式,スタンダード,情報・通信業,100,2004-03-22,
43010,アミューズ,株式,プライム,サービス業,100,2004-03-24,
43070,野村総合研究所,株式,プライム,情報・通信業,100,2001-12-17,
43080,Ｊストリーム,株式,グロース,情報・通信業,100,2001-09-21,
43100,ドリームインキュベータ,株式,プライム,サービス業,100,2002-05-10,
43160,ビーマップ,株式,グロース,情報・通信業,100,2013-07-16,
43170,レイ,株式,スタンダード,サービス業,100,2013-07-16,
43180,クイック,株式,プライム,サービス業,100,2013-07-16,
43190,ＴＡＣ,株式,上場廃止,サービス業,100,2003-01-29,2025-12-19
43200,ＣＥホールディングス,株式,スタンダード,情報・通信業,100,2001-10-31,
43230,日本システム技術,株式,プライム,情報・通信業,100,2003-02-05,
43240,電通グループ,株式,プライム,サービス業,100,2001-11-30,
43260,インテージホールディングス,株式,プライム,情報・通信業,100,2008-01-22,
43310,テイクアンドギヴ・ニーズ,株式,プライム,サービス業,100,2004-02-16,
43330,東邦システムサイエンス,株式,上場廃止,情報・通信業,100,2007-03-12,2026-03-30
43340,ユークス,株式,スタンダード,情報・通信業,100,2013-07-16,
43350,ＩＰＳホールディングス,株式,スタンダード,情報・通信業,100,2013-07-16,
43370,ぴあ,株式,プライム,サービス業,100,2002-01-30,
43410,西菱電機,株式,スタンダード,サービス業,100,2013-07-16,
43430,イオンファンタジー,株式,プライム,サービス業,100,2003-11-20,
43440,ソースネクスト,株式,プライム,情報・通信業,100,2006-12-20,
43450,シーティーエス,株式,プライム,サービス業,100,2013-07-16,
43460,ＮＥＸＹＺ．Ｇｒｏｕｐ,株式,スタンダード,その他金融業,100,2004-11-11,
43470,ブロードメディア,株式,スタンダード,サービス業,100,2013-07-16,
43500,メディカルシステムネットワーク,株式,スタンダード,小売業,100,2008-09-12,
43510,山田再生系債権回収総合事務所,株式,スタンダード,その他金融業,100,2013-07-16,
43560,応用技術,株式,スタンダード,情報・通信業,100,2013-07-16,
43600,マナック・ケミカル・パートナーズ,株式,スタンダード,化学,100,2021-10-01,
43610,川口化学工業,株式,スタンダード,化学,100,1961-10-02,
43620,日本精化,株式,プライム,化学,100,1997-11-11,
43650,松本油脂製薬,株式,スタンダード,化学,100,2013-07-16,
43660,ダイトーケミックス,株式,スタンダード,化学,100,2013-07-16,
43670,広栄化学,株式,上場廃止,化学,100,2013-07-16,2026-07-30
43680,扶桑化学工業,株式,プライム,化学,100,2013-07-16,
43690,トリケミカル研究所,株式,プライム,化学,100,2013-07-16,
43700,モビルス,株式,グロース,情報・通信業,100,2021-09-02,
43710,コアコンセプト・テクノロジー,株式,グロース,情報・通信業,100,2021-09-22,
43720,ユミルリンク,株式,グロース,情報・通信業,100,2021-09-22,
43730,シンプレクス・ホールディングス,株式,プライム,情報・通信業,100,2021-09-22,
43740,ＲＯＢＯＴ　ＰＡＹＭＥＮＴ,株式,グロース,情報・通信業,100,2021-09-28,
43750,セーフィー,株式,グロース,情報・通信業,100,2021-09-29,
43760,くふうカンパニーホールディングス,株式,グロース,情報・通信業,100,2021-10-01,
43770,ワンキャリア,株式,グロース,情報・通信業,100,2021-10-07,
43780,ＣＩＮＣ,株式,グロース,情報・通信業,100,2021-10-26,
43790,Ｐｈｏｔｏｓｙｎｔｈ,株式,グロース,情報・通信業,100,2021-11-05,
43800,Ｍマート,株式,グロース,情報・通信業,100,2018-02-23,
43810,ビープラッツ,株式,グロース,情報・通信業,100,2018-04-04,
43820,ＨＥＲＯＺ,株式,スタンダード,情報・通信業,100,2018-04-20,
43840,ラクスル,株式,上場廃止,情報・通信業,100,2018-05-31,2026-05-29
43850,メルカリ,株式,プライム,情報・通信業,100,2018-06-19,
43860,ＳＩＧグループ,株式,スタンダード,情報・通信業,100,2018-06-21,
43870,ＺＵＵ,株式,グロース,情報・通信業,100,2018-06-21,
43880,エーアイ,株式,スタンダード,情報・通信業,100,2018-06-27,
43890,プロパティデータバンク,株式,グロース,情報・通信業,100,2018-06-27,
43900,ＩＰＳ,株式,プライム,情報・通信業,100,2018-06-27,
43910,ロジザード,株式,グロース,情報・通信業,100,2018-07-04,
43920,ＦＩＧ,株式,プライム,情報・通信業,100,2018-07-02,
43930,バンク・オブ・イノベーション,株式,グロース,情報・通信業,100,2018-07-24,
43940,エクスモーション,株式,グロース,情報・通信業,100,2018-07-26,
43950,アクリート,株式,グロース,情報・通信業,100,2018-07-26,
43960,システムサポートホールディングス,株式,プライム,情報・通信業,100,2018-08-02,
43970,チームスピリット,株式,グロース,情報・通信業,100,2018-08-22,
43980,ブロードバンドセキュリティ,株式,スタンダード,情報・通信業,100,2018-09-26,
44010,ＡＤＥＫＡ,株式,プライム,化学,100,1949-05-16,
44030,日油,株式,プライム,化学,100,1949-09-01,
44040,ミヨシ油脂,株式,スタンダード,食料品,100,1949-05-16,
44060,新日本理化,株式,スタンダード,化学,100,2013-07-16,
44090,東邦化学工業,株式,スタンダード,化学,100,1962-05-18,
44100,ハリマ化成グループ,株式,プライム,化学,100,1989-03-06,
44120,サイエンスアーツ,株式,グロース,情報・通信業,100,2021-11-24,
44130,ボードルア,株式,プライム,情報・通信業,100,2021-11-30,
44140,フレクト,株式,グロース,情報・通信業,100,2021-12-10,
44150,ブロードエンタープライズ,株式,グロース,情報・通信業,100,2021-12-16,
44160,Ｔｒｕｅ　Ｄａｔａ,株式,グロース,情報・通信業,100,2021-12-16,
44170,グローバルセキュリティエキスパート,株式,グロース,情報・通信業,100,2021-12-20,
44180,ＪＤＳＣ,株式,グロース,情報・通信業,100,2021-12-20,
44190,Ｆｉｎａｔｅｘｔホールディングス,株式,グロース,情報・通信業,100,2021-12-22,
44200,イーソル,株式,スタンダード,情報・通信業,100,2018-10-12,
44210,ディ・アイ・システム,株式,スタンダード,情報・通信業,100,2018-10-19,
44220,ＶＡＬＵＥＮＥＸ,株式,グロース,情報・通信業,100,2018-10-30,
44240,Ａｍａｚｉａ,株式,グロース,情報・通信業,100,2018-12-20,
44250,Ｋｕｄａｎ,株式,グロース,情報・通信業,100,2018-12-19,
44260,パスロジ,株式,TOKYO PRO Market,情報・通信業,100,2018-12-19,
44270,ＥｄｕＬａｂ,株式,グロース,情報・通信業,100,2018-12-21,
44280,シノプス,株式,グロース,情報・通信業,100,2018-12-25,
44290,リックソフト,株式,グロース,情報・通信業,100,2019-02-26,
44300,東海ソフト,株式,スタンダード,情報・通信業,100,2019-02-27,
44310,スマレジ,株式,グロース,情報・通信業,100,2019-02-28,
44320,ウイングアーク１ｓｔ,株式,プライム,情報・通信業,100,2021-03-16,
44330,ヒト・コミュニケーションズ・ホールディングス,株式,プライム,サービス業,100,2019-03-01,
44340,サーバーワークス,株式,スタンダード,情報・通信業,100,2019-03-13,
44360,ミンカブ・ジ・インフォノイド,株式,グロース,情報・通信業,100,2019-03-19,
44370,ｇｏｏｄｄａｙｓホールディングス,株式,グロース,情報・通信業,100,2019-03-25,
44380,Ｗｅｌｂｙ,株式,グロース,情報・通信業,100,2019-03-29,
44390,東名,株式,スタンダード,情報・通信業,100,2019-04-03,
44400,ヴィッツ,株式,スタンダード,情報・通信業,100,2019-04-08,
44410,トビラシステムズ,株式,スタンダード,情報・通信業,100,2019-04-25,
44420,バルテス・ホールディングス,株式,グロース,情報・通信業,100,2019-05-30,
44430,Ｓａｎｓａｎ,株式,プライム,情報・通信業,100,2019-06-19,
44440,インフォネット,株式,グロース,情報・通信業,100,2019-06-25,
44450,リビン・テクノロジーズ,株式,グロース,情報・通信業,100,2019-06-28,
44460,Ｌｉｎｋ－Ｕグループ,株式,スタンダード,情報・通信業,100,2019-07-18,
44470,ピー・ビーシステムズ,株式,グロース,情報・通信業,100,2022-10-06,
44480,ｋｕｂｅｌｌ,株式,グロース,情報・通信業,100,2019-09-24,
44490,ギフティ,株式,上場廃止,情報・通信業,100,2019-09-20,2026-06-29
44500,パワーソリューションズ,株式,グロース,情報・通信業,100,2019-10-01,
44520,花王,株式,プライム,化学,100,1949-05-16,
44610,第一工業製薬,株式,プライム,化学,100,1949-05-16,
44620,石原ケミカル,株式,プライム,化学,100,2011-03-11,
44630,日華化学,株式,スタンダード,化学,100,2015-12-25,
44640,ソフト９９コーポレーション,株式,スタンダード,化学,100,2001-06-12,
44650,ニイタカ,株式,スタンダード,化学,100,2003-04-24,
44710,三洋化成工業,株式,プライム,化学,100,1973-10-11,
44750,ＨＥＮＮＧＥ,株式,グロース,情報・通信業,100,2019-10-08,
44760,ＡＩ　ＣＲＯＳＳ,株式,グロース,情報・通信業,100,2019-10-08,
44770,ＢＡＳＥ,株式,グロース,情報・通信業,100,2019-10-25,
44780,フリー,株式,グロース,情報・通信業,100,2019-12-17,
44790,マクアケ,株式,グロース,情報・通信業,100,2019-12-11,
44800,メドレー,株式,プライム,情報・通信業,100,2019-12-12,
44810,ベース,株式,プライム,情報・通信業,100,2019-12-16,
44820,ウィルズ,株式,グロース,情報・通信業,100,2019-12-17,
44830,ＪＭＤＣ,株式,プライム,情報・通信業,100,2019-12-16,
44840,ランサーズ,株式,グロース,情報・通信業,100,2019-12-16,
44860,ユナイトアンドグロウ,株式,グロース,情報・通信業,100,2019-12-18,
44870,スペースマーケット,株式,グロース,情報・通信業,100,2019-12-20,
44880,ＡＩ　ｉｎｓｉｄｅ,株式,グロース,情報・通信業,100,2019-12-25,
44900,ビザスク,株式,グロース,情報・通信業,100,2020-03-10,
44910,コンピューターマネージメント,株式,スタンダード,情報・通信業,100,2020-03-11,
44920,ゼネテック,株式,スタンダード,情報・通信業,100,2020-03-19,
44930,サイバーセキュリティクラウド,株式,グロース,情報・通信業,100,2020-03-26,
44940,バリオセキュア,株式,上場廃止,情報・通信業,100,2020-11-30,2026-06-26
44950,アイキューブドシステムズ,株式,グロース,情報・通信業,100,2020-07-15,
44960,コマースＯｎｅホールディングス,株式,グロース,情報・通信業,100,2020-06-26,
44980,サイバートラスト,株式,グロース,情報・通信業,100,2021-04-15,
44990,Ｓｐｅｅｅ,株式,スタンダード,情報・通信業,100,2020-07-10,
45020,武田薬品工業,株式,プライム,医薬品,100,1949-05-16,
45030,アステラス製薬,株式,プライム,医薬品,100,1949-05-16,
45060,住友ファーマ,株式,プライム,医薬品,100,1949-05-16,
45070,塩野義製薬,株式,プライム,医薬品,100,1949-05-16,
45120,わかもと製薬,株式,スタンダード,医薬品,100,1949-05-16,
45160,日本新薬,株式,プライム,医薬品,100,1962-09-21,
45190,中外製薬,株式,プライム,医薬品,100,1956-03-03,
45210,科研製薬,株式,プライム,医薬品,100,1961-10-02,
45230,エーザイ,株式,プライム,医薬品,100,1961-09-14,
45240,森下仁丹,株式,スタンダード,医薬品,100,1961-10-02,
45260,理研ビタミン,株式,プライム,食料品,100,1961-10-02,
45270,ロート製薬,株式,プライム,医薬品,100,1962-10-15,
45280,小野薬品工業,株式,プライム,医薬品,100,1963-06-01,
45300,久光製薬,株式,上場廃止,医薬品,100,1962-09-01,2026-05-11
45310,有機合成薬品工業,株式,スタンダード,化学,100,1962-10-02,
45340,持田製薬,株式,プライム,医薬品,100,1963-05-13,
45360,参天製薬,株式,プライム,医薬品,100,1964-04-20,
45380,扶桑薬品工業,株式,プライム,医薬品,100,1989-12-22,
45390,日本ケミファ,株式,スタンダード,医薬品,100,1971-10-01,
45400,ツムラ,株式,プライム,医薬品,100,1980-11-21,
45430,テルモ,株式,プライム,精密機器,100,1982-06-21,
45440,Ｈ．Ｕ．グループホールディングス,株式,プライム,サービス業,100,1983-09-01,
45470,キッセイ薬品工業,株式,プライム,医薬品,100,1988-12-22,
45480,生化学工業,株式,プライム,医薬品,100,2004-03-23,
45490,栄研化学,株式,プライム,医薬品,100,1990-01-29,
45510,鳥居薬品,株式,上場廃止,医薬品,100,1993-10-01,2025-08-28
45520,ＪＣＲファーマ,株式,プライム,医薬品,100,2011-03-18,
45530,東和薬品,株式,プライム,医薬品,100,2004-04-05,
45540,富士製薬工業,株式,プライム,医薬品,100,2011-07-11,
45560,カイノス,株式,上場廃止,医薬品,100,2013-07-16,2026-06-11
45580,中京医薬品,株式,スタンダード,医薬品,100,2013-07-16,
45590,ゼリア新薬工業,株式,プライム,医薬品,100,1998-12-22,
45630,アンジェス,株式,グロース,医薬品,100,2002-09-25,
45640,オンコセラピー・サイエンス,株式,グロース,医薬品,100,2003-12-08,
45650,ネクセラファーマ,株式,プライム,医薬品,100,2004-07-29,
45680,第一三共,株式,プライム,医薬品,100,2005-09-28,
45690,杏林製薬,株式,プライム,医薬品,100,2006-03-10,
45700,免疫生物研究所,株式,グロース,医薬品,100,2013-07-16,
45710,ＮＡＮＯホールディングス,株式,グロース,医薬品,100,2008-03-05,
45720,カルナバイオサイエンス,株式,グロース,医薬品,100,2013-07-16,
45740,大幸薬品,株式,プライム,医薬品,100,2009-03-18,
45750,キャンバス,株式,グロース,医薬品,100,2009-09-17,
45760,デ・ウエスタン・セラピテクス研究所,株式,グロース,医薬品,100,2013-07-16,
45770,ダイト,株式,プライム,医薬品,100,2010-03-24,
45780,大塚ホールディングス,株式,プライム,医薬品,100,2010-12-15,
45790,ラクオリア創薬,株式,グロース,医薬品,100,2013-07-16,
45820,シンバイオ製薬,株式,グロース,医薬品,100,2013-07-16,
45830,カイオム・バイオサイエンス,株式,グロース,医薬品,100,2011-12-20,
45840,キッズウェル・バイオ,株式,グロース,医薬品,100,2012-11-30,
45860,メドレックス,株式,グロース,医薬品,100,2013-02-13,
45870,ペプチドリーム,株式,プライム,医薬品,100,2013-06-11,
45880,オンコリスバイオファーマ,株式,グロース,医薬品,100,2013-12-06,
45910,リボミック,株式,グロース,医薬品,100,2014-09-25,
45920,サンバイオ,株式,グロース,医薬品,100,2015-04-08,
45930,ヘリオス,株式,グロース,医薬品,100,2015-06-16,
45940,ブライトパス・バイオ,株式,グロース,医薬品,100,2015-10-22,
45950,ミズホメディー,株式,スタンダード,医薬品,100,2015-12-17,
45960,窪田製薬ホールディングス,株式,グロース,医薬品,100,2016-12-06,
45970,ソレイジア・ファーマ,株式,グロース,医薬品,100,2017-03-24,
45980,Ｄｅｌｔａ－Ｆｌｙ　Ｐｈａｒｍａ,株式,グロース,医薬品,100,2018-10-12,
45990,ステムリム,株式,グロース,医薬品,100,2019-08-09,
46110,大日本塗料,株式,プライム,化学,100,1949-05-16,
46120,日本ペイントホールディングス,株式,プライム,化学,100,1949-05-30,
46130,関西ペイント,株式,プライム,化学,100,1949-05-16,
46150,神東塗料,株式,スタンダード,化学,100,2013-07-16,
46160,川上塗料,株式,スタンダード,化学,100,2013-07-16,
46170,中国塗料,株式,プライム,化学,100,1961-10-02,
46190,日本特殊塗料,株式,スタンダード,化学,100,1961-10-02,
46200,藤倉化成,株式,スタンダード,化学,100,1962-08-02,
46230,アサヒペン,株式,スタンダード,化学,100,2013-07-16,
46240,イサム塗料,株式,スタンダード,化学,100,2013-07-16,
46250,アトミクス,株式,スタンダード,化学,100,2013-07-16,
46260,太陽ホールディングス,株式,プライム,化学,100,2001-01-18,
46270,ナトコ,株式,スタンダード,化学,100,2013-07-16,
46280,エスケー化研,株式,スタンダード,化学,100,2013-07-16,
46290,大伸化学,株式,スタンダード,化学,100,2013-07-16,
46310,ＤＩＣ,株式,プライム,化学,100,1950-05-29,
46330,サカタインクス,株式,プライム,化学,100,1988-12-15,
46340,ａｒｔｉｅｎｃｅ,株式,プライム,化学,100,1961-10-02,
46350,東京インキ,株式,スタンダード,化学,100,1961-10-02,
46410,アルプス技研,株式,プライム,サービス業,100,2000-09-28,
46420,オリジナル設計,株式,スタンダード,サービス業,100,1998-09-30,
46440,イマジニア,株式,スタンダード,情報・通信業,100,2013-07-16,
46450,市進ホールディングス,株式,スタンダード,サービス業,100,2013-07-16,
46500,ＳＤエンターテイメント,株式,スタンダード,サービス業,100,2013-07-16,
46510,サニックスホールディングス,株式,スタンダード,サービス業,100,1997-09-26,
46570,環境管理センター,株式,スタンダード,サービス業,100,2013-07-16,
46580,日本空調サービス,株式,プライム,サービス業,100,2006-09-07,
46590,エイジス,株式,上場廃止,サービス業,100,2013-07-16,2026-06-19
46610,オリエンタルランド,株式,プライム,サービス業,100,1996-12-11,
46620,フォーカスシステムズ,株式,プライム,情報・通信業,100,2013-07-16,
46640,アール・エス・シー,株式,スタンダード,サービス業,100,2013-07-16,
46650,ダスキン,株式,プライム,サービス業,100,2006-12-12,
46660,パーク２４,株式,プライム,不動産業,100,1999-04-28,
46670,アイサンテクノロジー,株式,スタンダード,情報・通信業,100,2013-07-16,
46680,明光ネットワークジャパン,株式,プライム,サービス業,100,2003-08-06,
46710,ファルコホールディングス,株式,スタンダード,サービス業,100,2004-10-29,
46730,川崎地質,株式,スタンダード,サービス業,100,2013-07-16,
46740,クレスコ,株式,プライム,情報・通信業,100,2000-09-19,
46760,フジ・メディア・ホールディングス,株式,プライム,情報・通信業,100,1997-08-08,
46780,秀英予備校,株式,スタンダード,サービス業,100,2000-12-12,
46790,田谷,株式,スタンダード,サービス業,100,1999-12-06,
46800,ラウンドワン,株式,プライム,サービス業,100,1998-12-08,
46810,リゾートトラスト,株式,プライム,サービス業,100,2000-11-27,
46840,オービック,株式,プライム,情報・通信業,100,1998-12-17,
46850,菱友システムズ,株式,スタンダード,情報・通信業,100,2013-07-16,
46860,ジャストシステム,株式,プライム,情報・通信業,100,2013-07-16,
46870,ＴＤＣソフト,株式,プライム,情報・通信業,100,2001-01-09,
46890,ＬＩＮＥヤフー,株式,プライム,情報・通信業,100,2003-10-28,
46900,日本パレットプール,株式,上場廃止,サービス業,100,2013-07-16,2026-04-15
46910,ワシントンホテル,株式,スタンダード,サービス業,100,2019-10-18,
46940,ビー・エム・エル,株式,プライム,サービス業,100,2001-04-25,
47040,トレンドマイクロ,株式,プライム,情報・通信業,100,2000-08-17,
47050,クリップコーポレーション,株式,スタンダード,サービス業,100,2013-07-16,
47070,キタック,株式,スタンダード,サービス業,100,2013-07-16,
47090,ＩＤホールディングス,株式,プライム,情報・通信業,100,2013-07-16,
47120,ＫｅｙＨｏｌｄｅｒ,株式,スタンダード,サービス業,100,2013-07-16,
47140,リソー教育グループ,株式,プライム,サービス業,100,2001-03-09,
47160,日本オラクル,株式,スタンダード,情報・通信業,100,2000-04-28,
47180,早稲田アカデミー,株式,プライム,サービス業,100,2007-01-26,
47190,アルファシステムズ,株式,プライム,情報・通信業,100,2000-04-19,
47200,城南進学研究社,株式,スタンダード,サービス業,100,2013-07-16,
47220,フューチャー,株式,プライム,情報・通信業,100,2002-06-21,
47250,ＣＡＣ　Ｈｏｌｄｉｎｇｓ,株式,プライム,情報・通信業,100,2000-10-30,
47280,トーセ,株式,スタンダード,情報・通信業,100,2000-09-27,
47320,ユー・エス・エス,株式,プライム,サービス業,100,2000-12-18,
47330,オービックビジネスコンサルタント,株式,プライム,情報・通信業,100,2004-03-12,
47350,京進,株式,スタンダード,サービス業,100,2013-07-16,
47360,日本ラッド,株式,スタンダード,情報・通信業,100,2013-07-16,
47430,アイティフォー,株式,プライム,情報・通信業,100,2005-04-08,
47450,東京個別指導学院,株式,上場廃止,サービス業,100,2002-08-09,2026-01-08
47460,東計電算,株式,スタンダード,情報・通信業,100,2000-03-07,
47500,ダイサン,株式,スタンダード,サービス業,100,2013-07-16,
47510,サイバーエージェント,株式,プライム,サービス業,100,2000-03-24,
47520,昭和システムエンジニアリング,株式,スタンダード,情報・通信業,100,2013-07-16,
47540,トスネット,株式,スタンダード,サービス業,100,2013-07-16,
47550,楽天グループ,株式,プライム,サービス業,100,2013-07-16,
47600,アルファ,株式,スタンダード,サービス業,100,2013-07-16,
47610,さくらケーシーエス,株式,スタンダード,情報・通信業,100,2013-07-16,
47620,エックスネット,株式,スタンダード,情報・通信業,100,2003-02-19,
47630,クリーク・アンド・リバー社,株式,プライム,サービス業,100,2013-07-16,
47650,ＳＢＩグローバルアセットマネジメント,株式,プライム,サービス業,100,2013-07-16,
47660,ピーエイ,株式,スタンダード,サービス業,100,2000-07-06,
47670,テー・オー・ダブリュー,株式,スタンダード,サービス業,100,2007-06-25,
47680,大塚商会,株式,プライム,情報・通信業,100,2000-07-14,
47690,ＩＣ,株式,スタンダード,情報・通信業,100,2013-07-16,
47710,エフアンドエム,株式,スタンダード,サービス業,100,2013-07-16,
47720,ＳＭ　ＥＮＴＥＲＴＡＩＮＭＥＮＴ　ＪＡＰＡＮ,株式,グロース,情報・通信業,100,2013-07-16,
47760,サイボウズ,株式,プライム,情報・通信業,100,2000-08-23,
47770,ガーラ,株式,スタンダード,情報・通信業,100,2013-07-16,
47830,ＮＣＤ,株式,スタンダード,情報・通信業,100,2013-07-16,
47840,ＧＭＯインターネット,株式,プライム,サービス業,100,2013-07-16,
47920,山田コンサルティンググループ,株式,プライム,サービス業,100,2013-07-16,
48000,オリコン,株式,スタンダード,情報・通信業,100,2013-07-16,
48010,セントラルスポーツ,株式,プライム,サービス業,100,2002-03-25,
48090,パラカ,株式,プライム,不動産業,100,2004-12-09,
48110,ドリーム・アーツ,株式,グロース,情報・通信業,100,2023-10-27,
48120,電通総研,株式,プライム,情報・通信業,100,2000-11-30,
48130,ＡＣＣＥＳＳ,株式,プライム,情報・通信業,100,2001-02-26,
48140,ネクストウェア,株式,スタンダード,情報・通信業,100,2013-07-16,
48160,東映アニメーション,株式,スタンダード,情報・通信業,100,2013-07-16,
48190,デジタルガレージ,株式,プライム,情報・通信業,100,2013-07-16,
48200,イーエムシステムズ,株式,プライム,情報・通信業,100,2003-05-02,
48250,ウェザーニューズ,株式,プライム,情報・通信業,100,2002-12-26,
48260,ＣＩＪ,株式,プライム,情報・通信業,100,2002-02-05,
48280,ビジネスエンジニアリング,株式,プライム,情報・通信業,100,2013-04-04,
48290,日本エンタープライズ,株式,スタンダード,情報・通信業,100,2007-07-10,
48320,ＪＦＥシステムズ,株式,スタンダード,情報・通信業,100,2001-03-08,
48330,Ｄｅｆ　ｃｏｎｓｕｌｔｉｎｇ,株式,グロース,サービス業,100,2013-07-16,
48380,スペースシャワーＳＫＩＹＡＫＩホールディングス,株式,スタンダード,情報・通信業,100,2013-07-16,
48390,ＷＯＷＯＷ,株式,プライム,情報・通信業,100,2001-04-20,
48400,トライアイズ,株式,スタンダード,サービス業,100,2013-07-16,
48450,スカラ,株式,スタンダード,情報・通信業,100,2013-07-16,
48470,インテリジェント　ウェイブ,株式,プライム,情報・通信業,100,2013-07-16,
48480,フルキャストホールディングス,株式,プライム,サービス業,100,2003-09-03,
48490,エン,株式,プライム,サービス業,100,2013-07-16,
48750,メディシノバ・インク,株式,スタンダード,医薬品,100,2013-07-16,
48800,セルソース,株式,スタンダード,医薬品,100,2019-10-28,
48810,ファンペップ,株式,グロース,医薬品,100,2020-12-25,
48820,ペルセウスプロテオミクス,株式,グロース,医薬品,100,2021-06-22,
48830,モダリス,株式,グロース,医薬品,100,2020-08-03,
48840,クリングルファーマ,株式,グロース,医薬品,100,2020-12-28,
48850,室町ケミカル,株式,スタンダード,医薬品,100,2021-02-26,
48860,あすか製薬ホールディングス,株式,プライム,医薬品,100,2021-04-01,
48870,サワイグループホールディングス,株式,プライム,医薬品,100,2021-04-01,
48880,ステラファーマ,株式,グロース,医薬品,100,2021-04-22,
48890,レナサイエンス,株式,グロース,医薬品,100,2021-09-24,
48900,坪田ラボ,株式,グロース,医薬品,100,2022-06-23,
48910,ティムス,株式,グロース,医薬品,100,2022-11-22,
48920,サイフューズ,株式,グロース,医薬品,100,2022-12-01,
48930,ノイルイミューン・バイオテック,株式,グロース,医薬品,100,2023-06-28,
48940,クオリプス,株式,グロース,医薬品,100,2023-06-27,
48960,ケイファーマ,株式,グロース,医薬品,100,2023-10-17,
49010,富士フイルムホールディングス,株式,プライム,化学,100,1949-05-16,
49020,コニカミノルタ,株式,プライム,電気機器,100,1949-05-16,
49110,資生堂,株式,プライム,化学,100,1949-05-16,
49120,ライオン,株式,プライム,化学,100,1949-09-15,
49140,高砂香料工業,株式,プライム,化学,100,1963-01-04,
49170,マンダム,株式,上場廃止,化学,100,2002-01-22,2026-05-15
49180,アイビー化粧品,株式,スタンダード,化学,100,2013-07-16,
49190,ミルボン,株式,プライム,化学,100,2000-07-19,
49200,日本色材工業研究所,株式,スタンダード,化学,100,2013-07-16,
49220,コーセーホールディングス,株式,プライム,化学,100,2000-12-04,
49230,コタ,株式,プライム,化学,100,2013-07-16,
49250,ハーバー研究所,株式,スタンダード,化学,100,2013-07-16,
49260,シーボン,株式,スタンダード,化学,100,2012-03-22,
49270,ポーラ・オルビスホールディングス,株式,プライム,化学,100,2010-12-10,
49280,ノエビアホールディングス,株式,プライム,化学,100,2011-03-22,
49290,アジュバンホールディングス,株式,スタンダード,化学,100,2012-12-13,
49310,新日本製薬,株式,プライム,化学,100,2019-06-27,
49320,アルマード,株式,スタンダード,化学,100,2021-06-24,
49330,Ｉ－ｎｅ,株式,プライム,化学,100,2020-09-25,
49340,プレミアアンチエイジング,株式,グロース,化学,100,2020-10-28,
49350,リベルタ,株式,スタンダード,化学,100,2020-12-17,
49360,アクシージア,株式,スタンダード,化学,100,2021-02-18,
49370,Ｗａｑｏｏ,株式,グロース,化学,100,2021-06-29,
49510,エステー,株式,プライム,化学,100,1986-04-23,
49560,コニシ,株式,プライム,化学,100,1997-09-01,
49570,ヤスハラケミカル,株式,上場廃止,化学,100,2000-03-01,2026-03-06
49580,長谷川香料,株式,プライム,化学,100,2000-03-27,
49600,ケミプロ化成,株式,スタンダード,化学,100,2013-07-16,
49660,上村工業,株式,スタンダード,化学,100,2013-07-16,
49670,小林製薬,株式,プライム,化学,100,2000-08-22,
49680,荒川化学工業,株式,プライム,化学,100,2000-10-06,
49700,東洋合成工業,株式,スタンダード,化学,100,2013-07-16,
49710,メック,株式,プライム,化学,100,2003-04-07,
49720,綜研化学,株式,スタンダード,化学,100,2013-07-16,
49730,日本高純度化学,株式,プライム,化学,100,2004-03-22,
49740,タカラバイオ,株式,上場廃止,化学,100,2004-12-07,2026-06-12
49750,ＪＣＵ,株式,プライム,化学,100,2005-12-22,
49760,東洋ドライルーブ,株式,スタンダード,化学,100,2013-07-16,
49770,新田ゼラチン,株式,スタンダード,化学,100,2011-12-20,
49780,リプロセル,株式,グロース,化学,100,2013-07-16,
49790,ＯＡＴアグリオ,株式,スタンダード,化学,100,2014-06-25,
49800,デクセリアルズ,株式,プライム,化学,100,2015-07-29,
49850,アース製薬,株式,プライム,化学,100,2005-11-30,
49900,昭和化学工業,株式,スタンダード,化学,100,1971-11-15,
49920,北興化学工業,株式,スタンダード,化学,100,1961-10-02,
49940,大成ラミックグループ,株式,スタンダード,化学,100,2002-04-12,
49960,クミアイ化学工業,株式,プライム,化学,100,1962-11-07,
49970,日本農薬,株式,プライム,化学,100,1963-07-05,
49980,フマキラー,株式,スタンダード,化学,100,1964-05-19,
50090,富士興産,株式,上場廃止,卸売業,100,1970-05-20,2025-09-29
50100,日本精蝋,株式,スタンダード,石油・石炭製品,100,1963-07-02,
50110,ニチレキグループ,株式,プライム,石油・石炭製品,100,1970-01-19,
50130,ユシロ,株式,スタンダード,石油・石炭製品,100,1985-12-18,
50150,ビーピー・カストロール,株式,スタンダード,石油・石炭製品,100,2000-03-21,
50170,富士石油,株式,上場廃止,石油・石炭製品,100,2003-01-30,2026-01-20
50180,ＭＯＲＥＳＣＯ,株式,スタンダード,石油・石炭製品,100,2008-07-29,
50190,出光興産,株式,プライム,石油・石炭製品,100,2006-10-24,
50200,ＥＮＥＯＳホールディングス,株式,プライム,石油・石炭製品,100,2010-04-01,
50210,コスモエネルギーホールディングス,株式,プライム,石油・石炭製品,100,2015-10-01,
50220,レボインターナショナル,株式,上場廃止,石油・石炭製品,100,2023-10-31,2026-07-23
50250,マーキュリー,株式,グロース,情報・通信業,100,2022-02-25,
50260,トリプルアイズ,株式,グロース,情報・通信業,100,2022-05-31,
50270,ＡｎｙＭｉｎｄ　Ｇｒｏｕｐ,株式,グロース,情報・通信業,100,2023-03-29,
50280,セカンドサイトアナリティカ,株式,グロース,情報・通信業,100,2022-04-04,
50290,サークレイス,株式,グロース,情報・通信業,100,2022-04-12,
50310,モイ,株式,グロース,情報・通信業,100,2022-04-27,
50320,ＡＮＹＣＯＬＯＲ,株式,プライム,情報・通信業,100,2022-06-08,
50330,ヌーラボ,株式,グロース,情報・通信業,100,2022-06-28,
50340,ｕｎｅｒｒｙ,株式,グロース,情報・通信業,100,2022-07-28,
50350,ＨＯＵＳＥＩ,株式,グロース,情報・通信業,100,2022-07-28,
50360,日本ビジネスシステムズ,株式,プライム,情報・通信業,100,2022-08-02,
50370,フィットワークス,株式,TOKYO PRO Market,情報・通信業,100,2022-08-26,
50380,ｅＷｅＬＬ,株式,グロース,情報・通信業,100,2022-09-16,
50700,ドラフト,株式,上場廃止,建設業,100,2020-03-17,2025-12-12
50710,ヴィス,株式,スタンダード,サービス業,100,2020-03-25,
50720,アートフォースジャパン,株式,TOKYO PRO Market,建設業,100,2020-10-21,
50740,テスホールディングス,株式,プライム,建設業,100,2021-04-27,
50760,インフロニア・ホールディングス,株式,プライム,建設業,100,2021-10-01,
50770,ハンズ,株式,TOKYO PRO Market,建設業,100,2022-02-17,
50780,セレコーポレーション,株式,スタンダード,建設業,100,2022-03-11,
50790,ノバック,株式,スタンダード,建設業,100,2022-03-31,
51010,横浜ゴム,株式,プライム,ゴム製品,100,1950-04-24,
51030,昭和ホールディングス,株式,上場廃止,ゴム製品,100,1952-12-20,2026-08-25
51050,ＴＯＹＯ　ＴＩＲＥ,株式,プライム,ゴム製品,100,1955-05-25,
51080,ブリヂストン,株式,プライム,ゴム製品,100,1961-10-02,
51100,住友ゴム工業,株式,プライム,ゴム製品,100,1975-01-14,
51210,藤倉コンポジット,株式,プライム,ゴム製品,100,1949-05-16,
51220,オカモト,株式,プライム,ゴム製品,100,1949-06-10,
51250,ファインズ,株式,グロース,情報・通信業,100,2022-09-28,
51260,ポーターズ,株式,グロース,情報・通信業,100,2022-09-29,
51290,ＦＩＸＥＲ,株式,グロース,情報・通信業,100,2022-10-06,
51300,ヒロホールディングス,株式,TOKYO PRO Market,情報・通信業,100,2022-09-28,
51310,リンカーズ,株式,グロース,情報・通信業,100,2022-10-26,
51320,ｐｌｕｓｚｅｒｏ,株式,グロース,情報・通信業,100,2022-10-28,
51330,テリロジーホールディングス,株式,スタンダード,情報・通信業,100,2022-11-01,
51340,ＰＯＰＥＲ,株式,グロース,情報・通信業,100,2022-11-15,
51350,ＡＩＲ－Ｕ,株式,TOKYO PRO Market,情報・通信業,100,2022-11-04,
51360,ｔｒｉｐｌａ,株式,グロース,情報・通信業,100,2022-11-25,
51370,スマートドライブ,株式,グロース,情報・通信業,100,2022-12-15,
51380,Ｒｅｂａｓｅ,株式,グロース,情報・通信業,100,2022-12-16,
51390,オープンワーク,株式,グロース,情報・通信業,100,2022-12-16,
51420,アキレス,株式,プライム,化学,100,1961-10-02,
51610,西川ゴム工業,株式,スタンダード,ゴム製品,100,2000-03-01,
51620,朝日ラバー,株式,スタンダード,ゴム製品,100,2013-07-16,
51840,ニチリン,株式,スタンダード,ゴム製品,100,2013-07-16,
51850,フコク,株式,プライム,ゴム製品,100,2004-03-01,
51860,ニッタ,株式,プライム,ゴム製品,100,1996-09-05,
51870,クリエートメディック,株式,スタンダード,精密機器,100,2000-07-19,
51890,櫻護謨,株式,スタンダード,ゴム製品,100,1964-03-17,
51910,住友理工,株式,上場廃止,ゴム製品,100,1994-02-17,2026-01-29
51920,三ツ星ベルト,株式,プライム,ゴム製品,100,1962-07-25,
51940,相模ゴム工業,株式,スタンダード,ゴム製品,100,1961-10-02,
51950,バンドー化学,株式,プライム,ゴム製品,100,1970-10-20,
51990,不二ラテックス,株式,スタンダード,ゴム製品,100,2013-07-16,
52010,ＡＧＣ,株式,プライム,ガラス・土石製品,100,1950-06-12,
52020,日本板硝子,株式,プライム,ガラス・土石製品,100,1950-06-28,
52040,石塚硝子,株式,スタンダード,ガラス・土石製品,100,1962-10-10,
52080,有沢製作所,株式,プライム,化学,100,1961-10-02,
52100,日本山村硝子,株式,スタンダード,ガラス・土石製品,100,1962-11-01,
52140,日本電気硝子,株式,プライム,ガラス・土石製品,100,1973-04-23,
52160,倉元製作所,株式,スタンダード,ガラス・土石製品,100,2013-07-16,
52180,オハラ,株式,スタンダード,ガラス・土石製品,100,2005-10-21,
52320,住友大阪セメント,株式,プライム,ガラス・土石製品,100,1949-05-16,
52330,太平洋セメント,株式,プライム,ガラス・土石製品,100,1949-05-16,
52370,ノザワ,株式,スタンダード,ガラス・土石製品,100,2013-07-16,
52400,ｍｏｎｏＡＩ　ｔｅｃｈｎｏｌｏｇｙ,株式,グロース,情報・通信業,100,2022-12-20,
52420,アイズ,株式,グロース,情報・通信業,100,2022-12-21,
52430,ｎｏｔｅ,株式,グロース,情報・通信業,100,2022-12-21,
52440,ｊｉｇ．ｊｐ,株式,グロース,情報・通信業,100,2022-12-22,
52460,ＥＬＥＭＥＮＴＳ,株式,グロース,情報・通信業,100,2022-12-27,
52470,ＢＴＭ,株式,グロース,情報・通信業,100,2022-12-27,
52480,テクノロジーズ,株式,グロース,情報・通信業,100,2023-01-26,
52490,あさかわシステムズ,株式,TOKYO PRO Market,情報・通信業,100,2023-01-26,
52500,ＧＭＯプライム・ストラテジー,株式,スタンダード,情報・通信業,100,2023-02-22,
52510,ウイズ・ワン,株式,TOKYO PRO Market,情報・通信業,100,2023-03-16,
52520,日本ナレッジ,株式,グロース,情報・通信業,100,2023-03-23,
52530,カバー,株式,グロース,情報・通信業,100,2023-03-27,
52540,Ａｒｅｎｔ,株式,グロース,情報・通信業,100,2023-03-28,
52550,モンスターラボ,株式,グロース,情報・通信業,100,2023-03-28,
52560,Ｆｕｓｉｃ,株式,グロース,情報・通信業,100,2023-03-31,
52570,ノバシステム,株式,スタンダード,情報・通信業,100,2023-03-30,
52580,トランザクション・メディア・ネットワークス,株式,グロース,情報・通信業,100,2023-04-04,
52590,ＢＢＤイニシアティブ,株式,上場廃止,情報・通信業,100,2023-04-03,2026-04-28
52610,リソルホールディングス,株式,プライム,サービス業,100,1949-05-16,
52620,日本ヒューム,株式,プライム,ガラス・土石製品,100,1949-05-16,
52680,旭コンクリート工業,株式,スタンダード,ガラス・土石製品,100,1961-10-02,
52690,日本コンクリート工業,株式,プライム,ガラス・土石製品,100,1961-10-02,
52710,トーヨーアサノ,株式,スタンダード,ガラス・土石製品,100,1962-09-03,
52730,三谷セキサン,株式,スタンダード,ガラス・土石製品,100,2013-07-16,
52790,日本興業,株式,スタンダード,ガラス・土石製品,100,2013-07-16,
52800,ヨシコン,株式,スタンダード,不動産業,100,2013-07-16,
52820,ジオスター,株式,スタンダード,ガラス・土石製品,100,1995-04-11,
52830,高見澤,株式,スタンダード,卸売業,100,2013-07-16,
52840,ヤマウホールディングス,株式,スタンダード,ガラス・土石製品,100,2013-07-16,
52850,ヤマックス,株式,スタンダード,ガラス・土石製品,100,2013-07-16,
52870,イトーヨーギョー,株式,スタンダード,ガラス・土石製品,100,2013-07-16,
52880,アジアパイルホールディングス,株式,プライム,ガラス・土石製品,100,2009-02-06,
52900,ベルテクスコーポレーション,株式,スタンダード,ガラス・土石製品,100,2018-10-01,
53010,東海カーボン,株式,プライム,ガラス・土石製品,100,1949-05-16,
53020,日本カーボン,株式,プライム,ガラス・土石製品,100,1949-05-16,
53040,ＳＥＣカーボン,株式,スタンダード,ガラス・土石製品,100,2013-07-16,
53100,東洋炭素,株式,プライム,ガラス・土石製品,100,2006-03-29,
53310,ノリタケ,株式,プライム,ガラス・土石製品,100,1949-05-16,
53320,ＴＯＴＯ,株式,プライム,ガラス・土石製品,100,1949-05-16,
53330,ＮＧＫ,株式,プライム,ガラス・土石製品,100,1949-05-16,
53340,日本特殊陶業,株式,プライム,ガラス・土石製品,100,1949-05-16,
53370,ダントーホールディングス,株式,スタンダード,ガラス・土石製品,100,1962-06-08,
53410,ＡＳＡＨＩ　ＥＩＴＯホールディングス,株式,スタンダード,ガラス・土石製品,100,2013-07-16,
53440,ＭＡＲＵＷＡ,株式,プライム,ガラス・土石製品,100,1998-12-02,
53510,品川リフラ,株式,プライム,ガラス・土石製品,100,1949-05-16,
53520,黒崎播磨,株式,上場廃止,ガラス・土石製品,100,1949-05-16,2026-03-30
53550,日本坩堝,株式,スタンダード,ガラス・土石製品,100,1950-04-07,
53570,ヨータイ,株式,プライム,ガラス・土石製品,100,2013-07-16,
53630,東京窯業,株式,スタンダード,ガラス・土石製品,100,1961-10-02,
53670,ニッカトー,株式,スタンダード,ガラス・土石製品,100,2007-03-19,
53680,日本インシュレーション,株式,スタンダード,ガラス・土石製品,100,2020-03-19,
53800,新東,株式,スタンダード,ガラス・土石製品,100,2013-07-16,
53810,マイポックス,株式,スタンダード,ガラス・土石製品,100,2013-07-16,
53840,フジミインコーポレーテッド,株式,プライム,ガラス・土石製品,100,2007-02-22,
53860,鶴弥,株式,上場廃止,ガラス・土石製品,100,2002-04-04,2026-03-17
53880,クニミネ工業,株式,スタンダード,ガラス・土石製品,100,2013-07-16,
53910,エーアンドエーマテリアル,株式,スタンダード,ガラス・土石製品,100,1949-05-16,
53930,ニチアス,株式,プライム,ガラス・土石製品,100,1961-10-02,
54010,日本製鉄,株式,プライム,鉄鋼,100,1950-10-02,
54060,神戸製鋼所,株式,プライム,鉄鋼,100,1949-05-16,
54080,中山製鋼所,株式,プライム,鉄鋼,100,1949-05-16,
54100,合同製鐵,株式,プライム,鉄鋼,100,1961-10-02,
54110,ＪＦＥホールディングス,株式,プライム,鉄鋼,100,2002-09-26,
54230,東京製鐵,株式,プライム,鉄鋼,100,1974-07-08,
54400,共英製鋼,株式,プライム,鉄鋼,100,2006-12-19,
54440,大和工業,株式,プライム,鉄鋼,100,1961-10-02,
54450,東京鐵鋼,株式,プライム,鉄鋼,100,1971-06-01,
54460,北越メタル,株式,スタンダード,鉄鋼,100,2000-03-01,
54490,大阪製鐵,株式,スタンダード,鉄鋼,100,1996-11-26,
54510,ヨドコウ,株式,プライム,鉄鋼,100,1949-05-16,
54580,高砂鐵工,株式,スタンダード,鉄鋼,100,1961-10-02,
54610,中部鋼鈑,株式,プライム,鉄鋼,100,2022-12-28,
54630,丸一鋼管,株式,プライム,鉄鋼,100,1962-07-25,
54640,モリ工業,株式,スタンダード,鉄鋼,100,1980-07-16,
54710,大同特殊鋼,株式,プライム,鉄鋼,100,1951-06-05,
54760,日本高周波鋼業,株式,上場廃止,鉄鋼,100,1952-02-04,2026-01-29
54800,日本冶金工業,株式,プライム,鉄鋼,100,1949-05-16,
54820,愛知製鋼,株式,プライム,鉄鋼,100,1961-09-06,
54840,東北特殊鋼,株式,スタンダード,鉄鋼,100,2013-07-16,
54910,日本金属,株式,スタンダード,鉄鋼,100,1949-05-16,
55250,フロンティアホールディングス,株式,TOKYO PRO Market,不動産業,100,2022-09-14,
55270,ｐｒｏｐｅｒｔｙ　ｔｅｃｈｎｏｌｏｇｉｅｓ,株式,グロース,不動産業,100,2022-12-13,
55280,フロンティアハウス,株式,TOKYO PRO Market,不動産業,100,2022-12-28,
55310,エヌバイテクノロジーズ,株式,TOKYO PRO Market,不動産業,100,2023-04-26,
55320,リアルゲイト,株式,グロース,不動産業,100,2023-06-22,
55330,エリッツホールディングス,株式,スタンダード,不動産業,100,2023-06-27,
55340,エンゼルグループ,株式,TOKYO PRO Market,不動産業,100,2023-09-21,
55350,ミガロホールディングス,株式,プライム,不動産業,100,2023-10-02,
55360,京橋アートレジデンス,株式,TOKYO PRO Market,不動産業,100,2023-11-10,
55370,ＡｌｂａＬｉｎｋ,株式,グロース,不動産業,100,2025-12-15,
55410,大平洋金属,株式,プライム,鉄鋼,100,1952-01-04,
55420,新報国マテリアル,株式,スタンダード,鉄鋼,100,2013-07-16,
55630,新日本電工,株式,プライム,鉄鋼,100,1949-05-16,
55700,ジェノバ,株式,グロース,情報・通信業,100,2023-04-18,
55710,エキサイトホールディングス,株式,スタンダード,情報・通信業,100,2023-04-19,
55720,Ｒｉｄｇｅ－ｉ,株式,グロース,情報・通信業,100,2023-04-26,
55730,働楽ホールディングス,株式,TOKYO PRO Market,情報・通信業,100,2023-04-28,
55740,ＡＢＥＪＡ,株式,グロース,情報・通信業,100,2023-06-13,
55750,Ｇｌｏｂｅｅ,株式,グロース,情報・通信業,100,2023-06-14,
55760,オービーシステム,株式,スタンダード,情報・通信業,100,2023-06-21,
55770,アイデミー,株式,上場廃止,情報・通信業,100,2023-06-22,2025-11-06
55780,ＡＲアドバンストテクノロジ,株式,グロース,情報・通信業,100,2023-06-23,
55800,プロディライト,株式,グロース,情報・通信業,100,2023-06-28,
55810,カイテクノロジー,株式,TOKYO PRO Market,情報・通信業,100,2023-06-30,
55820,グリッド,株式,グロース,情報・通信業,100,2023-07-07,
55840,Ｓｔｒａｗｂｅｒｒｙ　ｊａｍｓ,株式,TOKYO PRO Market,情報・通信業,100,2023-07-12,
55860,Ｌａｂｏｒｏ．ＡＩ,株式,グロース,情報・通信業,100,2023-07-31,
55870,インバウンドプラットフォーム,株式,グロース,情報・通信業,100,2023-08-30,
55880,ファーストアカウンティング,株式,グロース,情報・通信業,100,2023-09-22,
55890,オートサーバー,株式,スタンダード,情報・通信業,100,2023-09-26,
55900,ネットスターズ,株式,グロース,情報・通信業,100,2023-09-26,
55910,ＡＶＩＬＥＮ,株式,グロース,情報・通信業,100,2023-09-27,
55920,くすりの窓口,株式,グロース,情報・通信業,100,2023-10-04,
55940,エム・デー・ビー,株式,TOKYO PRO Market,情報・通信業,100,2023-11-30,
55950,ＱＰＳ研究所,株式,上場廃止,情報・通信業,100,2023-12-06,2025-11-27
55960,アウトルックコンサルティング,株式,上場廃止,情報・通信業,100,2023-12-12,2026-02-25
55970,ブルーイノベーション,株式,グロース,情報・通信業,100,2023-12-12,
55980,Ｙｏｔｔａｖｉａｓ,株式,TOKYO PRO Market,情報・通信業,100,2023-12-13,
55990,Ｓ＆Ｊ,株式,グロース,情報・通信業,100,2023-12-15,
56020,栗本鐵工所,株式,プライム,鉄鋼,100,1949-05-16,
56030,虹技,株式,スタンダード,鉄鋼,100,2013-07-16,
56090,日本鋳造,株式,スタンダード,鉄鋼,100,1961-10-02,
56120,日本鋳鉄管,株式,スタンダード,鉄鋼,100,1962-07-02,
56160,雨風太陽,株式,グロース,情報・通信業,100,2023-12-18,
56170,ウィル・ドゥ,株式,上場廃止,情報・通信業,100,2023-12-19,2026-08-27
56180,ナイル,株式,グロース,情報・通信業,100,2023-12-20,
56190,マーソ,株式,グロース,情報・通信業,100,2023-12-21,
56200,エスピーオー,株式,TOKYO PRO Market,情報・通信業,100,2023-12-22,
56210,ヒューマンテクノロジーズ,株式,グロース,情報・通信業,100,2023-12-22,
56310,日本製鋼所,株式,プライム,機械,100,1951-06-11,
56320,三菱製鋼,株式,プライム,鉄鋼,100,1951-04-09,
56440,メタルアート,株式,スタンダード,鉄鋼,100,2013-07-16,
56580,日亜鋼業,株式,スタンダード,鉄鋼,100,1986-02-21,
56590,日本精線,株式,プライム,鉄鋼,100,1962-03-01,
56600,神鋼鋼線工業,株式,スタンダード,鉄鋼,100,1993-03-15,
56950,パウダーテック,株式,スタンダード,鉄鋼,100,2013-07-16,
56970,サンユウ,株式,スタンダード,鉄鋼,100,2013-07-16,
56980,エンビプロ・ホールディングス,株式,スタンダード,鉄鋼,100,2013-09-25,
56990,イボキン,株式,スタンダード,鉄鋼,100,2018-08-02,
57020,大紀アルミニウム工業所,株式,プライム,非鉄金属,100,2005-12-08,
57030,日本軽金属ホールディングス,株式,プライム,非鉄金属,100,2012-10-01,
57040,ＪＭＣ,株式,スタンダード,非鉄金属,100,2016-11-29,
57060,三井金属,株式,プライム,非鉄金属,100,1950-10-02,
57070,東邦亜鉛,株式,プライム,非鉄金属,100,1949-05-16,
57110,三菱マテリアル,株式,プライム,非鉄金属,100,1950-09-25,
57130,住友金属鉱山,株式,プライム,非鉄金属,100,1950-06-28,
57140,ＤＯＷＡホールディングス,株式,プライム,非鉄金属,100,1949-08-05,
57150,古河機械金属,株式,プライム,非鉄金属,100,1949-05-16,
57210,エスクリプトエナジー,株式,スタンダード,非鉄金属,100,2013-07-16,
57240,アサカ理研,株式,スタンダード,非鉄金属,100,2013-07-16,
57260,大阪チタニウムテクノロジーズ,株式,プライム,非鉄金属,100,2002-03-08,
57270,東邦チタニウム,株式,上場廃止,非鉄金属,100,1961-10-02,2026-05-28
57290,日本精鉱,株式,スタンダード,非鉄金属,100,1949-09-19,
57410,ＵＡＣＪ,株式,プライム,非鉄金属,100,2005-12-02,
57420,エヌアイシ・オートテック,株式,スタンダード,非鉄金属,100,2013-07-16,
57530,日本伸銅,株式,スタンダード,非鉄金属,100,1961-10-02,
57570,ＣＫサンエツ,株式,プライム,非鉄金属,100,2017-03-21,
58010,古河電気工業,株式,プライム,非鉄金属,100,1949-05-16,
58020,住友電気工業,株式,プライム,非鉄金属,100,1949-05-16,
58030,フジクラ,株式,プライム,非鉄金属,100,1949-05-16,
58050,ＳＷＣＣ,株式,プライム,非鉄金属,100,1949-05-16,
58160,オーナンバ,株式,スタンダード,非鉄金属,100,2006-12-22,
58170,ＪＭＡＣＳ,株式,スタンダード,非鉄金属,100,2013-07-16,
58190,カナレ電気,株式,スタンダード,非鉄金属,100,2006-12-22,
58200,三ッ星,株式,スタンダード,非鉄金属,100,2013-07-16,
58210,平河ヒューテック,株式,プライム,非鉄金属,100,2006-05-02,
58300,いよぎんホールディングス,株式,プライム,銀行業,100,2022-10-03,
58310,しずおかフィナンシャルグループ,株式,プライム,銀行業,100,2022-10-03,
58320,ちゅうぎんフィナンシャルグループ,株式,プライム,銀行業,100,2022-10-03,
58340,ＳＢＩリーシングサービス,株式,グロース,証券、商品先物取引業,100,2022-10-19,
58380,楽天銀行,株式,プライム,銀行業,100,2023-04-21,
58400,日本総険,株式,TOKYO PRO Market,保険業,100,2023-08-04,
58420,インテグラル,株式,グロース,証券、商品先物取引業,100,2023-09-20,
58430,ニッポンインシュア,株式,スタンダード,その他金融業,100,2023-10-03,
58440,京都フィナンシャルグループ,株式,プライム,銀行業,100,2023-10-02,
58450,全保連,株式,スタンダード,その他金融業,100,2023-10-25,
58510,リョービ,株式,プライム,非鉄金属,100,1961-10-02,
58520,アーレスティ,株式,プライム,非鉄金属,100,1961-10-02,
58560,エルアイイーエイチ,株式,上場廃止,小売業,100,2004-10-01,2026-06-26
58570,ＡＲＥホールディングス,株式,プライム,非鉄金属,100,2009-04-01,
58580,ＳＴＧ,株式,グロース,非鉄金属,100,2024-03-21,
58660,ＷｉｚＢｉｚ,株式,TOKYO PRO Market,サービス業,100,2023-12-08,
58670,エスネットワークス,株式,グロース,サービス業,100,2023-12-19,
58700,ナルネットコミュニケーションズ,株式,グロース,サービス業,100,2023-12-25,
58830,ＧＴホールディングス,株式,上場廃止,卸売業,100,2023-04-18,2026-04-10
58840,クラダシ,株式,グロース,小売業,100,2023-06-30,
58850,ジーデップ・アドバンス,株式,スタンダード,卸売業,100,2023-06-30,
58860,ＯＯＫＡＢＥ　ＧＬＡＳＳ,株式,TOKYO PRO Market,卸売業,100,2023-06-27,
58870,光響,株式,TOKYO PRO Market,卸売業,100,2023-07-14,
58880,ＤＡＩＷＡ　ＣＹＣＬＥ,株式,グロース,小売業,100,2023-11-08,
58890,Ｊａｐａｎ　Ｅｙｅｗｅａｒ　Ｈｏｌｄｉｎｇｓ,株式,プライム,小売業,100,2023-11-16,
58900,オフィスバスターズ,株式,TOKYO PRO Market,小売業,100,2023-12-13,
58910,ＳＡＫＩＧＡＫＥホールディングス,株式,スタンダード,小売業,100,2023-12-15,
58920,ｙｕｔｏｒｉ,株式,グロース,小売業,100,2023-12-27,
59000,ダイケン,株式,スタンダード,金属製品,100,2013-07-16,
59010,東洋製罐グループホールディングス,株式,プライム,金属製品,100,1949-05-16,
59020,ホッカンホールディングス,株式,プライム,金属製品,100,1950-05-01,
59030,シンポ,株式,上場廃止,金属製品,100,2013-07-16,2026-07-22
59050,日本製罐,株式,スタンダード,金属製品,100,1963-12-03,
59060,エムケー精工,株式,スタンダード,金属製品,100,2013-07-16,
59090,コロナ,株式,スタンダード,金属製品,100,2000-03-01,
59110,横河ブリッジホールディングス,株式,プライム,金属製品,100,1961-10-02,
59150,駒井ハルテック,株式,スタンダード,金属製品,100,1984-08-07,
59180,瀧上工業,株式,スタンダード,金属製品,100,1961-10-02,
59210,川岸工業,株式,スタンダード,金属製品,100,1962-01-18,
59220,那須電機鉄工,株式,スタンダード,金属製品,100,1962-02-20,
59230,高田機工,株式,スタンダード,金属製品,100,1993-12-22,
59280,アルメタックス,株式,スタンダード,金属製品,100,2013-07-16,
59290,三和ホールディングス,株式,プライム,金属製品,100,1963-09-30,
59300,文化シヤッター,株式,プライム,金属製品,100,1973-11-16,
59320,三協立山,株式,プライム,金属製品,100,2012-12-01,
59330,アルインコ,株式,プライム,金属製品,100,2006-01-30,
59360,東洋シヤッター,株式,スタンダード,金属製品,100,1989-02-20,
59380,ＬＩＸＩＬ,株式,プライム,金属製品,100,1985-08-01,
59390,大谷工業,株式,スタンダード,金属製品,100,2013-07-16,
59400,不二サッシ,株式,スタンダード,金属製品,100,1992-08-19,
59410,中西製作所,株式,スタンダード,金属製品,100,2013-07-16,
59420,日本フイルコン,株式,スタンダード,金属製品,100,1961-10-02,
59430,ノーリツ,株式,プライム,金属製品,100,1985-08-06,
59450,天龍製鋸,株式,スタンダード,金属製品,100,2013-07-16,
59460,長府製作所,株式,プライム,金属製品,100,1997-11-07,
59470,リンナイ,株式,プライム,金属製品,100,1982-11-22,
59490,ユニプレス,株式,プライム,輸送用機器,100,2004-02-24,
59500,日本パワーファスニング,株式,スタンダード,金属製品,100,2013-07-16,
59510,ダイニチ工業,株式,スタンダード,金属製品,100,1998-06-23,
59520,アマテイ,株式,スタンダード,金属製品,100,2013-07-16,
59550,ワイズホールディングス,株式,スタンダード,金属製品,100,2013-07-16,
59560,トーソー,株式,スタンダード,金属製品,100,1996-01-31,
59570,日東精工,株式,プライム,金属製品,100,1985-08-06,
59580,三洋工業,株式,スタンダード,金属製品,100,1971-02-01,
59590,岡部,株式,プライム,金属製品,100,1972-07-03,
59620,浅香工業,株式,スタンダード,その他製品,100,2013-07-16,
59650,フジマック,株式,スタンダード,金属製品,100,1998-02-10,
59660,京都機械工具,株式,スタンダード,金属製品,100,2013-07-16,
59670,ＴＯＮＥ,株式,スタンダード,金属製品,100,2013-07-16,
59690,ロブテックス,株式,スタンダード,金属製品,100,2013-07-16,
59700,ジーテクト,株式,プライム,金属製品,100,2013-07-16,
59710,共和工業所,株式,スタンダード,金属製品,100,2013-07-16,
59730,トーアミ,株式,スタンダード,金属製品,100,2013-07-16,
59740,中国工業,株式,スタンダード,金属製品,100,1961-11-04,
59750,東プレ,株式,プライム,金属製品,100,1962-08-15,
59760,高周波熱錬,株式,プライム,金属製品,100,1964-04-13,
59810,東京製綱,株式,プライム,金属製品,100,1949-05-16,
59820,マルゼン,株式,スタンダード,金属製品,100,1999-02-22,
59830,イワブチ,株式,スタンダード,金属製品,100,2013-07-16,
59840,兼房,株式,スタンダード,金属製品,100,2006-03-09,
59850,サンコール,株式,スタンダード,金属製品,100,2013-07-16,
59860,モリテック　スチール,株式,スタンダード,金属製品,100,2013-07-16,
59870,オーネックス,株式,スタンダード,金属製品,100,2013-07-16,
59880,パイオラックス,株式,プライム,金属製品,100,1998-04-20,
59890,エイチワン,株式,プライム,金属製品,100,2013-07-16,
59900,スーパーツール,株式,スタンダード,金属製品,100,2013-07-16,
59910,日本発條,株式,プライム,金属製品,100,1954-03-03,
59920,中央発條,株式,スタンダード,金属製品,100,1985-01-09,
59940,ファインシンター,株式,スタンダード,金属製品,100,1962-06-01,
59970,協立エアテック,株式,スタンダード,金属製品,100,2013-07-16,
59980,アドバネクス,株式,スタンダード,金属製品,100,1964-05-11,
60050,三浦工業,株式,プライム,機械,100,1984-12-18,
60130,タクマ,株式,プライム,機械,100,1949-05-16,
60160,ジャパンエンジンコーポレーション,株式,スタンダード,輸送用機器,100,2013-07-16,
60180,阪神内燃機工業,株式,スタンダード,輸送用機器,100,2013-07-16,
60220,赤阪鐵工所,株式,スタンダード,機械,100,1961-10-02,
60230,ダイハツインフィニアース,株式,スタンダード,輸送用機器,100,2013-07-16,
60260,ＧＭＯ　ＴＥＣＨ,株式,上場廃止,サービス業,100,2014-12-11,2025-09-29
60270,弁護士ドットコム,株式,プライム,サービス業,100,2014-12-11,
60280,テクノプロ・ホールディングス,株式,上場廃止,サービス業,100,2014-12-15,2025-12-09
60290,アトラグループ,株式,スタンダード,サービス業,100,2014-12-16,
60300,アドベンチャー,株式,グロース,サービス業,100,2014-12-18,
60310,ＺＥＴＡ,株式,グロース,サービス業,100,2014-12-19,
60330,エクストリーム,株式,グロース,サービス業,100,2014-12-25,
60340,ＭＲＴ,株式,グロース,サービス業,100,2014-12-26,
60350,アイ・アールジャパンホールディングス,株式,スタンダード,サービス業,100,2015-02-02,
60360,ＫｅｅＰｅｒ技研,株式,プライム,サービス業,100,2015-02-12,
60370,楽待,株式,スタンダード,サービス業,100,2015-02-18,
60380,イード,株式,グロース,サービス業,100,2015-03-24,
60390,日本動物高度医療センター,株式,グロース,サービス業,100,2015-03-26,
60400,日本スキー場開発,株式,グロース,サービス業,100,2015-04-22,
60420,ニッキ,株式,スタンダード,輸送用機器,100,1961-10-02,
60440,三機サービス,株式,スタンダード,サービス業,100,2015-04-24,
60450,レントラックス,株式,グロース,サービス業,100,2015-04-24,
60460,リンクバル,株式,スタンダード,サービス業,100,2015-04-28,
60470,Ｇｕｎｏｓｙ,株式,スタンダード,サービス業,100,2015-04-28,
60480,デザインワン・ジャパン,株式,上場廃止,サービス業,100,2015-04-30,2025-09-29
60490,イトクロ,株式,グロース,サービス業,100,2015-07-30,
60500,イー・ガーディアン,株式,プライム,サービス業,100,2010-12-01,
60540,リブセンス,株式,スタンダード,サービス業,100,2011-12-07,
60550,ジャパンマテリアル,株式,プライム,サービス業,100,2011-12-19,
60580,ベクトル,株式,プライム,サービス業,100,2012-03-27,
60590,ウチヤマホールディングス,株式,スタンダード,サービス業,100,2013-07-16,
60600,こころネット,株式,上場廃止,サービス業,100,2013-07-16,2026-01-29
60610,ユニバーサル園芸社,株式,スタンダード,サービス業,100,2013-07-16,
60620,チャーム・ケア・コーポレーション,株式,プライム,サービス業,100,2013-07-16,
60630,日本エマージェンシーアシスタンス,株式,スタンダード,サービス業,100,2013-07-16,
60690,トレンダーズ,株式,グロース,サービス業,100,2012-10-19,
60700,キャリアリンク,株式,プライム,サービス業,100,2012-11-15,
60710,ＩＢＪ,株式,プライム,サービス業,100,2013-07-16,
60720,地盤ネットホールディングス,株式,スタンダード,サービス業,100,2012-12-21,
60730,アサンテ,株式,プライム,サービス業,100,2013-03-19,
60740,ジェイエスエス,株式,スタンダード,サービス業,100,2013-07-16,
60780,バリューＨＲ,株式,プライム,サービス業,100,2013-10-04,
60800,Ｍ＆Ａキャピタルパートナーズ,株式,プライム,サービス業,100,2013-11-20,
60810,アライドアーキテクツ,株式,グロース,サービス業,100,2013-11-29,
60820,ライドオンエクスプレスホールディングス,株式,スタンダード,サービス業,100,2013-12-03,
60830,ＥＲＩホールディングス,株式,スタンダード,サービス業,100,2013-12-02,
60850,アーキテクツ・スタジオ・ジャパン,株式,グロース,サービス業,100,2013-12-18,
60860,シンメンテホールディングス,株式,グロース,サービス業,100,2013-12-19,
60870,アビスト,株式,スタンダード,サービス業,100,2013-12-18,
60880,シグマクシス・ホールディングス,株式,プライム,サービス業,100,2013-12-18,
60890,ウィルグループ,株式,プライム,サービス業,100,2013-12-19,
60900,ヒューマン・メタボローム・テクノロジーズ,株式,スタンダード,サービス業,100,2013-12-24,
60910,ウエスコホールディングス,株式,スタンダード,サービス業,100,2014-02-03,
60920,エンバイオ・ホールディングス,株式,スタンダード,サービス業,100,2014-03-12,
60930,ミトラグループ,株式,スタンダード,サービス業,100,2014-03-28,
60940,フリークアウト・ホールディングス,株式,グロース,サービス業,100,2014-06-24,
60950,メドピア,株式,上場廃止,サービス業,100,2014-06-27,2025-10-17
60960,レアジョブ,株式,上場廃止,サービス業,100,2014-06-27,2026-07-29
60980,リクルートホールディングス,株式,プライム,サービス業,100,2014-10-16,
60990,エラン,株式,プライム,サービス業,100,2014-11-07,
61010,ツガミ,株式,プライム,機械,100,1959-07-01,
61030,オークマ,株式,プライム,機械,100,1949-05-16,
61040,芝浦機械,株式,プライム,機械,100,1949-08-01,
61130,アマダ,株式,プライム,機械,100,1961-10-02,
61180,アイダエンジニアリング,株式,プライム,機械,100,1962-06-12,
61250,岡本工作機械製作所,株式,スタンダード,機械,100,1963-10-03,
61340,ＦＵＪＩ,株式,プライム,機械,100,2013-06-20,
61350,牧野フライス製作所,株式,プライム,機械,100,1964-07-22,
61360,オーエスジー,株式,プライム,機械,100,1970-12-01,
61370,小池酸素工業,株式,スタンダード,機械,100,1969-10-01,
61380,ダイジェット工業,株式,スタンダード,機械,100,1985-12-24,
61400,旭ダイヤモンド工業,株式,プライム,機械,100,1972-10-09,
61410,ＤＭＧ森精機,株式,プライム,機械,100,1981-11-20,
61430,ソディック,株式,プライム,機械,100,1986-02-19,
61440,西部電機,株式,スタンダード,機械,100,2006-12-25,
61450,ＮＩＴＴＯＫＵ,株式,スタンダード,機械,100,2013-07-16,
61460,ディスコ,株式,プライム,機械,100,1999-12-07,
61470,ヤマザキ,株式,スタンダード,機械,100,2013-07-16,
61490,小田原エンジニアリング,株式,スタンダード,機械,100,2013-07-16,
61500,タケダ機械,株式,スタンダード,機械,100,2013-07-16,
61510,日東工器,株式,プライム,機械,100,1998-04-27,
61550,高松機械工業,株式,スタンダード,機械,100,2006-04-21,
61560,エーワン精密,株式,スタンダード,機械,100,2013-07-16,
61570,日進工具,株式,スタンダード,機械,100,2013-07-16,
61580,和井田製作所,株式,スタンダード,機械,100,2013-07-16,
61590,ミクロン精密,株式,スタンダード,機械,100,2013-07-16,
61610,エスティック,株式,スタンダード,機械,100,2006-01-30,
61650,パンチ工業,株式,スタンダード,機械,100,2012-12-20,
61660,中村超硬,株式,グロース,機械,100,2015-06-24,
61670,冨士ダイス,株式,プライム,機械,100,2015-06-25,
61680,ＯＮＥ　ＧＲＯＵＰ,株式,TOKYO PRO Market,機械,100,2021-06-30,
61710,土木管理総合試験所,株式,スタンダード,サービス業,100,2015-08-26,
61730,アクアライン,株式,上場廃止,サービス業,100,2015-08-31,2026-06-01
61740,デンタス,株式,TOKYO PRO Market,サービス業,100,2015-09-11,
61760,ブランジスタ,株式,スタンダード,サービス業,100,2015-09-17,
61770,ＡｐｐＢａｎｋ,株式,グロース,サービス業,100,2015-10-15,
61780,日本郵政,株式,プライム,サービス業,100,2015-11-04,
61800,ＧＭＯメディア,株式,グロース,サービス業,100,2015-10-23,
61810,タメニー,株式,グロース,サービス業,100,2015-10-27,
61820,メタリアル,株式,グロース,サービス業,100,2015-11-19,
61830,ベルシステム２４ホールディングス,株式,プライム,サービス業,100,2015-11-20,
61840,鎌倉新書,株式,プライム,サービス業,100,2015-12-04,
61850,ＳＭＮ,株式,スタンダード,サービス業,100,2015-12-22,
61860,一蔵,株式,スタンダード,サービス業,100,2015-12-25,
61890,グローバルキッズＣＯＭＰＡＮＹ,株式,スタンダード,サービス業,100,2016-03-18,
61900,フェニックスバイオ,株式,グロース,サービス業,100,2016-03-18,
61910,エアトリ,株式,プライム,サービス業,100,2016-03-31,
61930,バーチャレクス・ホールディングス,株式,グロース,サービス業,100,2016-06-23,
61940,アトラエ,株式,プライム,サービス業,100,2016-06-15,
61950,ホープ,株式,グロース,サービス業,100,2016-06-15,
61960,ストライクグループ,株式,プライム,サービス業,100,2016-06-21,
61970,ソラスト,株式,上場廃止,サービス業,100,2016-06-29,2026-08-06
61980,キャリア,株式,グロース,サービス業,100,2016-06-27,
61990,セラク,株式,スタンダード,情報・通信業,100,2016-07-01,
62000,インソース,株式,プライム,サービス業,100,2016-07-21,
62010,豊田自動織機,株式,上場廃止,輸送用機器,100,1949-05-16,2026-06-01
62030,豊和工業,株式,スタンダード,機械,100,1949-05-16,
62080,石川製作所,株式,スタンダード,機械,100,1961-09-01,
62090,リケンＮＰＲ,株式,プライム,機械,100,2023-10-02,
62100,ＴＯＹＯイノベックス,株式,上場廃止,機械,100,2004-10-19,2026-03-30
62170,津田駒工業,株式,スタンダード,機械,100,1961-10-02,
62180,エンシュウ,株式,スタンダード,機械,100,1961-10-02,
62220,島精機製作所,株式,プライム,機械,100,1996-01-25,
62230,西部技研,株式,スタンダード,機械,100,2023-10-03,
62240,ＪＲＣ,株式,グロース,機械,100,2023-08-09,
62260,守谷輸送機工業,株式,スタンダード,機械,100,2022-03-17,
62270,ＡＩメカテック,株式,スタンダード,機械,100,2021-07-30,
62280,ジェイ・イー・ティ,株式,スタンダード,機械,100,2023-09-25,
62290,オーケーエム,株式,スタンダード,機械,100,2020-12-17,
62300,ＳＡＮＥＩ,株式,スタンダード,機械,100,2020-12-25,
62310,木村工機,株式,スタンダード,機械,100,2020-03-13,
62320,ＡＣＳＬ,株式,グロース,機械,100,2018-12-21,
62330,ＫＬＡＳＳ,株式,スタンダード,機械,100,2018-09-27,
62350,オプトラン,株式,プライム,機械,100,2017-12-20,
62370,イワキポンプ,株式,プライム,機械,100,2016-03-18,
62380,フリュー,株式,プライム,機械,100,2015-12-18,
62390,ナガオカ,株式,スタンダード,機械,100,2015-06-29,
62400,ヤマシンフィルタ,株式,プライム,機械,100,2014-10-08,
62450,ヒラノテクシード,株式,スタンダード,機械,100,2013-07-16,
62460,テクノスマート,株式,スタンダード,機械,100,2013-07-16,
62470,日阪製作所,株式,プライム,機械,100,1985-12-12,
62480,横田製作所,株式,スタンダード,機械,100,2013-07-16,
62490,ゲームカードホールディングス,株式,スタンダード,機械,100,2013-07-16,
62500,やまびこ,株式,プライム,機械,100,2008-12-01,
62540,野村マイクロ・サイエンス,株式,プライム,機械,100,2013-07-16,
62550,エヌ・ピー・シー,株式,グロース,機械,100,2007-06-29,
62570,藤商事,株式,スタンダード,機械,100,2013-07-16,
62580,平田機工,株式,プライム,機械,100,2013-07-16,
62620,ＰＥＧＡＳＵＳ,株式,スタンダード,機械,100,2006-02-23,
62640,マルマエ,株式,プライム,機械,100,2006-12-26,
62650,コンバム,株式,スタンダード,機械,100,2013-07-16,
62660,タツモ,株式,プライム,機械,100,2013-07-16,
62670,ゼネラルパッカー,株式,スタンダード,機械,100,2013-07-16,
62680,ナブテスコ,株式,プライム,機械,100,2003-09-29,
62690,三井海洋開発,株式,プライム,機械,100,2003-07-02,
62720,レオン自動機,株式,プライム,機械,100,1987-02-20,
62730,ＳＭＣ,株式,プライム,機械,100,1987-12-23,
62760,シリウスビジョン,株式,スタンダード,電気機器,100,2013-07-16,
62770,ホソカワミクロン,株式,プライム,機械,100,1991-08-01,
62780,ユニオンツール,株式,プライム,機械,100,1996-09-25,
62790,瑞光,株式,プライム,機械,100,2013-07-16,
62820,オイレス工業,株式,プライム,機械,100,1994-03-04,
62840,日精エー・エス・ビー機械,株式,プライム,機械,100,2012-09-26,
62860,靜甲,株式,スタンダード,機械,100,2013-07-16,
62870,サトー,株式,プライム,機械,100,1994-08-09,
62890,技研製作所,株式,プライム,機械,100,2013-07-16,
62910,日本エアーテック,株式,スタンダード,機械,100,1997-07-30,
62920,カワタ,株式,スタンダード,機械,100,2013-06-24,
62930,日精樹脂工業,株式,上場廃止,機械,100,2000-09-13,2026-03-30
62940,オカダアイヨン,株式,プライム,機械,100,2013-07-16,
62970,鉱研工業,株式,上場廃止,機械,100,2013-07-16,2025-11-17
62980,ワイエイシイホールディングス,株式,プライム,機械,100,2006-10-31,
63010,小松製作所,株式,プライム,機械,100,1949-05-16,
63020,住友重機械工業,株式,プライム,機械,100,1949-05-16,
63050,日立建機,株式,プライム,機械,100,1981-12-17,
63060,日工,株式,プライム,機械,100,1962-05-07,
63070,サンセイ,株式,スタンダード,機械,100,2013-07-16,
63090,巴工業,株式,プライム,機械,100,2004-10-25,
63100,井関農機,株式,プライム,機械,100,1961-06-26,
63120,フロイント産業,株式,上場廃止,機械,100,2013-07-16,2026-01-27
63150,ＴＯＷＡ,株式,プライム,機械,100,2000-11-29,
63160,丸山製作所,株式,スタンダード,機械,100,1961-10-02,
63170,北川鉄工所,株式,スタンダード,機械,100,1961-10-02,
63220,タクミナ,株式,スタンダード,機械,100,2013-07-16,
63230,ローツェ,株式,プライム,機械,100,2013-07-16,
63240,ハーモニック・ドライブ・システムズ,株式,プライム,機械,100,2013-07-16,
63250,タカキタ,株式,スタンダード,機械,100,1963-09-14,
63260,クボタ,株式,プライム,機械,100,1949-05-16,
63270,北川精機,株式,スタンダード,機械,100,2013-07-16,
63280,荏原実業,株式,プライム,機械,100,2001-02-16,
63300,東洋エンジニアリング,株式,プライム,建設業,100,1980-11-04,
63310,三菱化工機,株式,プライム,機械,100,1950-03-17,
63320,月島ホールディングス,株式,プライム,機械,100,1949-05-16,
63330,ＴＥＩＫＯＫＵ,株式,プライム,機械,100,2005-02-28,
63340,明治機械,株式,スタンダード,機械,100,1949-05-16,
63350,東京機械製作所,株式,スタンダード,機械,100,1949-05-16,
63360,石井表記,株式,スタンダード,機械,100,2000-03-01,
63370,テセック,株式,スタンダード,機械,100,2013-07-16,
63380,タカトリ,株式,スタンダード,機械,100,2013-07-16,
63390,新東工業,株式,プライム,機械,100,1962-09-25,
63400,澁谷工業,株式,プライム,機械,100,1985-03-26,
63420,太平製作所,株式,スタンダード,機械,100,2013-07-16,
63430,フリージア・マクロス,株式,スタンダード,機械,100,1963-07-22,
63450,アイチ　コーポレーション,株式,プライム,機械,100,1987-04-30,
63460,キクカワエンタープライズ,株式,スタンダード,機械,100,2013-07-16,
63470,プラコー,株式,スタンダード,機械,100,2013-07-16,
63490,小森コーポレーション,株式,プライム,機械,100,1983-04-21,
63510,鶴見製作所,株式,プライム,機械,100,1988-07-15,
63560,日本ギア工業,株式,スタンダード,機械,100,1961-10-02,
63570,三精テクノロジーズ,株式,スタンダード,機械,100,2013-07-16,
63580,酒井重工業,株式,プライム,機械,100,1964-09-24,
63600,東京自働機械製作所,株式,スタンダード,機械,100,1963-07-13,
63610,荏原製作所,株式,プライム,機械,100,1949-05-16,
63630,酉島製作所,株式,プライム,機械,100,1981-12-16,
63640,ＡＩＲＭＡＮ,株式,プライム,機械,100,2000-03-01,
63650,電業社機械製作所,株式,スタンダード,機械,100,1961-10-02,
63660,千代田化工建設,株式,スタンダード,建設業,100,1961-03-22,
63670,ダイキン工業,株式,プライム,機械,100,1957-06-01,
63680,オルガノ,株式,プライム,機械,100,1961-10-02,
63690,トーヨーカネツ,株式,プライム,機械,100,1961-10-02,
63700,栗田工業,株式,プライム,機械,100,1961-10-02,
63710,椿本チエイン,株式,プライム,機械,100,1949-05-16,
63730,大同工業,株式,上場廃止,機械,100,1961-10-02,2025-12-29
63760,日機装,株式,プライム,精密機器,100,1961-10-02,
63780,木村化工機,株式,スタンダード,機械,100,1971-10-04,
63790,レイズネクスト,株式,プライム,建設業,100,1961-10-02,
63800,オリエンタルチエン工業,株式,スタンダード,機械,100,2013-07-16,
63810,アネスト岩田,株式,プライム,機械,100,1963-12-06,
63820,トリニティ工業,株式,スタンダード,機械,100,1963-08-07,
63830,ダイフク,株式,プライム,機械,100,1962-07-02,
63840,昭和真空,株式,スタンダード,機械,100,2013-07-16,
63870,サムコ,株式,プライム,機械,100,2013-07-16,
63900,加藤製作所,株式,プライム,機械,100,1962-08-02,
63910,加地テック,株式,スタンダード,機械,100,2013-07-16,
63920,ヤマダコーポレーション,株式,スタンダード,機械,100,1962-09-11,
63930,油研工業,株式,スタンダード,機械,100,1962-10-02,
63950,タダノ,株式,プライム,機械,100,1971-03-01,
63960,宇野澤組鐵工所,株式,スタンダード,機械,100,1962-11-08,
64000,不二精機,株式,スタンダード,機械,100,2013-07-16,
64020,兼松エンジニアリング,株式,スタンダード,機械,100,2013-07-16,
64030,水道機工,株式,上場廃止,機械,100,2013-07-16,2026-06-24
64050,鈴茂器工,株式,スタンダード,機械,100,2013-07-16,
64060,フジテック,株式,上場廃止,機械,100,1970-03-10,2026-03-23
64070,ＣＫＤ,株式,プライム,機械,100,1979-11-27,
64080,小倉クラッチ,株式,スタンダード,機械,100,2013-07-16,
64110,中野冷機,株式,上場廃止,機械,100,2013-07-16,2025-10-14
64120,平和,株式,プライム,機械,100,1991-12-06,
64130,理想科学工業,株式,プライム,機械,100,2006-12-28,
64160,桂川電機,株式,上場廃止,機械,100,2013-07-16,2025-11-05
64170,ＳＡＮＫＹＯ,株式,プライム,機械,100,1995-08-30,
64180,日本金銭機械,株式,プライム,機械,100,2000-12-18,
64190,マースグループホールディングス,株式,プライム,機械,100,1996-09-13,
64200,ガリレイホールディングス,株式,プライム,機械,100,2002-04-15,
64240,高見沢サイバネティックス,株式,スタンダード,機械,100,2013-07-16,
64250,ユニバーサルエンターテインメント,株式,スタンダード,機械,100,2013-07-16,
64280,オーイズミ,株式,スタンダード,機械,100,2002-03-12,
64300,ダイコク電機,株式,プライム,機械,100,2002-11-06,
64320,竹内製作所,株式,プライム,機械,100,2013-07-16,
64330,ヒーハイスト,株式,スタンダード,機械,100,2013-07-16,
64360,アマノ,株式,プライム,機械,100,1961-10-02,
64400,ＪＵＫＩ,株式,プライム,機械,100,1961-10-02,
64440,サンデン,株式,スタンダード,機械,100,1962-08-20,
64450,ジャノメ,株式,プライム,機械,100,1962-09-05,
64480,ブラザー工業,株式,プライム,電気機器,100,1963-01-21,
64540,マックス,株式,プライム,機械,100,1970-03-23,
64550,モリタホールディングス,株式,プライム,輸送用機器,100,1979-05-24,
64570,グローリー,株式,プライム,機械,100,2000-12-20,
64580,新晃工業,株式,プライム,機械,100,2013-07-16,
64590,だいわ,株式,プライム,機械,100,1991-08-29,
64600,セガサミーホールディングス,株式,プライム,機械,100,2004-10-01,
64630,ＴＰＲ,株式,プライム,機械,100,1961-10-02,
64640,ツバキ・ナカシマ,株式,プライム,機械,100,2015-12-16,
64650,ホシザキ,株式,プライム,機械,100,2008-12-10,
64660,ＴＶＥ,株式,スタンダード,機械,100,2000-03-15,
64670,ニチダイ,株式,スタンダード,機械,100,2013-07-16,
64690,放電精密加工研究所,株式,スタンダード,機械,100,2013-07-16,
64700,大豊工業,株式,スタンダード,機械,100,2000-03-23,
64710,日本精工,株式,プライム,機械,100,1949-05-16,
64720,ＮＴＮ,株式,プライム,機械,100,1949-05-16,
64730,ジェイテクト,株式,プライム,機械,100,1949-05-16,
64740,不二越,株式,プライム,機械,100,1949-05-16,
64790,ミネベアミツミ,株式,プライム,電気機器,100,1961-10-02,
64800,日本トムソン,株式,プライム,機械,100,1963-10-03,
64810,ＴＨＫ,株式,プライム,機械,100,2001-02-26,
64820,ＹＵＳＨＩＮ,株式,スタンダード,機械,100,1999-12-14,
64840,ＫＶＫ,株式,スタンダード,機械,100,2013-07-16,
64850,前澤給装工業,株式,スタンダード,機械,100,1998-02-09,
64860,イーグル工業,株式,プライム,機械,100,1982-01-20,
64880,ヨシタケ,株式,スタンダード,機械,100,2013-07-16,
64890,前澤工業,株式,上場廃止,機械,100,1994-03-25,2026-05-28
64900,ＰＩＬＬＡＲ,株式,プライム,機械,100,2001-01-09,
64920,岡野バルブ製造,株式,スタンダード,機械,100,1962-04-16,
64930,ＮＩＴＴＡＮ,株式,スタンダード,輸送用機器,100,1962-09-06,
64940,ＮＦＫホールディングス,株式,スタンダード,機械,100,2013-07-16,
64950,宮入バルブ製作所,株式,スタンダード,機械,100,1963-09-05,
64960,中北製作所,株式,スタンダード,機械,100,2013-07-16,
64970,ハマイ,株式,スタンダード,機械,100,2013-07-16,
64980,キッツ,株式,プライム,機械,100,1961-10-02,
65010,日立製作所,株式,プライム,電気機器,100,1949-05-16,
65030,三菱電機,株式,プライム,電気機器,100,1949-05-16,
65040,富士電機,株式,プライム,電気機器,100,1949-05-16,
65050,東洋電機製造,株式,スタンダード,電気機器,100,1949-05-16,
65060,安川電機,株式,プライム,電気機器,100,1949-05-16,
65070,シンフォニアテクノロジー,株式,プライム,電気機器,100,1952-03-03,
65080,明電舎,株式,プライム,電気機器,100,1949-05-16,
65130,オリジン,株式,スタンダード,電気機器,100,1961-10-02,
65160,山洋電気,株式,プライム,電気機器,100,1962-09-29,
65170,デンヨー,株式,プライム,電気機器,100,1983-02-14,
65180,三相電機,株式,スタンダード,電気機器,100,2013-07-16,
65210,オキサイド,株式,グロース,電気機器,100,2021-04-05,
65220,アスタリスク,株式,グロース,電気機器,100,2021-09-30,
65230,ＰＨＣホールディングス,株式,プライム,電気機器,100,2021-10-14,
65240,湖北工業,株式,スタンダード,電気機器,100,2021-12-21,
65250,ＫＯＫＵＳＡＩ　ＥＬＥＣＴＲＩＣ,株式,プライム,電気機器,100,2023-10-25,
65260,ソシオネクスト,株式,プライム,電気機器,100,2022-10-12,
65270,ワカ製作所,株式,TOKYO PRO Market,電気機器,100,2023-06-02,
65320,ベイカレント,株式,プライム,サービス業,100,2016-09-02,
65330,Ｏｒｃｈｅｓｔｒａ　Ｈｏｌｄｉｎｇｓ,株式,プライム,サービス業,100,2016-09-14,
65350,アイモバイル,株式,プライム,サービス業,100,2016-10-27,
65370,ＷＡＳＨハウス,株式,グロース,サービス業,100,2016-11-22,
65380,ディスラプターズ,株式,スタンダード,サービス業,100,2016-12-14,
65390,ＭＳ－Ｊａｐａｎ,株式,プライム,サービス業,100,2016-12-15,
65400,船場,株式,スタンダード,サービス業,100,2016-12-19,
65420,ＦＣホールディングス,株式,上場廃止,サービス業,100,2017-01-04,2026-01-14
65430,日宣,株式,スタンダード,サービス業,100,2017-02-16,
65440,ジャパンエレベーターサービスホールディングス,株式,プライム,サービス業,100,2017-03-17,
65450,インターネットインフィニティー,株式,グロース,サービス業,100,2017-03-21,
65460,フルテック,株式,スタンダード,サービス業,100,2017-03-22,
65470,グリーンズ,株式,スタンダード,サービス業,100,2017-03-23,
65480,旅工房,株式,グロース,サービス業,100,2017-04-18,
65490,ディーエムソリューションズ,株式,スタンダード,サービス業,100,2017-06-20,
65510,ツナググループ・ホールディングス,株式,スタンダード,サービス業,100,2017-06-30,
65520,ＧａｍｅＷｉｔｈ,株式,スタンダード,サービス業,100,2017-06-30,
65540,エスユーエス,株式,グロース,サービス業,100,2017-09-13,
65550,ＭＳ＆Ｃｏｎｓｕｌｔｉｎｇ,株式,スタンダード,サービス業,100,2017-10-05,
65570,ＡＩＡＩグループ,株式,グロース,サービス業,100,2019-12-23,
65580,クックビズ,株式,グロース,サービス業,100,2017-11-28,
65600,エル・ティー・エス,株式,プライム,サービス業,100,2017-12-14,
65610,ＨＡＮＡＴＯＵＲ　ＪＡＰＡＮ,株式,グロース,サービス業,100,2017-12-15,
65620,ジーニー,株式,グロース,サービス業,100,2017-12-18,
65630,みらいワークス,株式,グロース,サービス業,100,2017-12-19,
65640,ミダックホールディングス,株式,プライム,サービス業,100,2018-12-21,
65650,ＡＢホテル,株式,上場廃止,サービス業,100,2017-12-25,2026-05-01
65660,要興業,株式,スタンダード,サービス業,100,2017-12-25,
65680,神戸天然物化学,株式,グロース,サービス業,100,2018-03-15,
65700,共和コーポレーション,株式,スタンダード,サービス業,100,2018-03-19,
65710,キュービーネットホールディングス,株式,プライム,サービス業,100,2018-03-23,
65720,オープングループ,株式,プライム,サービス業,100,2018-03-27,
65730,ＣＲＡＶＩＡ,株式,グロース,サービス業,100,2018-03-28,
65740,コンヴァノ,株式,グロース,サービス業,100,2018-04-11,
65760,揚工舎,株式,TOKYO PRO Market,サービス業,100,2018-04-24,
65770,ベストワンドットコム,株式,グロース,サービス業,100,2018-04-25,
65780,コレックホールディングス,株式,スタンダード,サービス業,100,2018-04-27,
65790,ログリー,株式,グロース,サービス業,100,2018-06-20,
65800,ライトアップ,株式,グロース,サービス業,100,2018-06-22,
65840,三櫻工業,株式,プライム,輸送用機器,100,1961-10-02,
65860,マキタ,株式,プライム,機械,100,1968-08-21,
65880,東芝テック,株式,プライム,電気機器,100,1962-11-17,
65900,芝浦メカトロニクス,株式,プライム,電気機器,100,1969-10-01,
65920,マブチモーター,株式,プライム,電気機器,100,1986-12-05,
65940,ニデック,株式,プライム,電気機器,100,1998-09-16,
65960,筑波精工,株式,TOKYO PRO Market,電気機器,100,2018-11-28,
65970,ＨＰＣシステムズ,株式,グロース,電気機器,100,2019-09-26,
65990,エブレン,株式,スタンダード,電気機器,100,2020-06-29,
66120,バルミューダ,株式,グロース,電気機器,100,2020-12-16,
66130,ＱＤレーザ,株式,グロース,電気機器,100,2021-02-05,
66140,シキノハイテック,株式,スタンダード,電気機器,100,2021-03-24,
66150,ユー・エム・シー・エレクトロニクス,株式,プライム,電気機器,100,2016-03-15,
66160,トレックス・セミコンダクター,株式,プライム,電気機器,100,2014-04-08,
66170,東光高岳,株式,プライム,電気機器,100,2012-10-01,
66190,ダブル・スコープ,株式,プライム,電気機器,100,2011-12-16,
66200,宮越ホールディングス,株式,プライム,不動産業,100,2011-10-03,
66220,ダイヘン,株式,プライム,電気機器,100,1961-10-02,
66250,ＪＡＬＣＯホールディングス,株式,スタンダード,不動産業,100,2013-07-16,
66260,ＳＥＭＩＴＥＣ,株式,スタンダード,電気機器,100,2013-07-16,
66270,テラプローブ,株式,スタンダード,電気機器,100,2010-12-16,
66290,テクノホライゾン,株式,スタンダード,電気機器,100,2013-07-16,
66300,ヤーマン,株式,プライム,電気機器,100,2011-01-27,
66320,ＪＶＣケンウッド,株式,プライム,電気機器,100,2008-10-01,
66330,ＣＧＳホールディングス,株式,スタンダード,電気機器,100,2013-07-16,
66340,ＪＮグループ,株式,スタンダード,電気機器,100,2013-07-16,
66350,大日光・エンジニアリング,株式,スタンダード,電気機器,100,2013-07-16,
66370,寺崎電気産業,株式,スタンダード,電気機器,100,2013-07-16,
66380,ミマキエンジニアリング,株式,プライム,電気機器,100,2013-07-16,
66430,戸上電機製作所,株式,スタンダード,電気機器,100,1961-10-02,
66440,大崎電気工業,株式,プライム,電気機器,100,1962-01-04,
66450,オムロン,株式,プライム,電気機器,100,1966-09-16,
66470,森尾電機,株式,スタンダード,電気機器,100,1962-09-28,
66480,かわでん,株式,スタンダード,電気機器,100,2013-07-16,
66510,日東工業,株式,プライム,電気機器,100,1990-02-14,
66520,ＩＤＥＣ,株式,プライム,電気機器,100,1989-03-17,
66530,正興電機製作所,株式,プライム,電気機器,100,2017-11-27,
66540,不二電機工業,株式,スタンダード,電気機器,100,2006-11-17,
66560,インスペック,株式,スタンダード,電気機器,100,2006-06-21,
66580,シライ電子工業,株式,スタンダード,電気機器,100,2013-07-16,
66590,メディアリンクス,株式,スタンダード,電気機器,100,2013-07-16,
66620,ユビテック,株式,スタンダード,電気機器,100,2013-07-16,
66630,太洋テクノレックス,株式,スタンダード,電気機器,100,2013-07-16,
66640,オプトエレクトロニクス,株式,スタンダード,電気機器,100,2013-07-16,
66660,リバーエレテック,株式,スタンダード,電気機器,100,2013-07-16,
66680,アドテック　プラズマ　テクノロジー,株式,スタンダード,電気機器,100,2004-07-26,
66700,ＭＣＪ,株式,上場廃止,電気機器,100,2004-06-01,2026-06-16
66740,ジーエス・ユアサ　コーポレーション,株式,プライム,電気機器,100,2004-04-01,
66750,サクサ,株式,スタンダード,電気機器,100,2004-02-02,
66760,ＢＵＦＦＡＬＯ,株式,スタンダード,電気機器,100,2003-10-01,
66770,エスケーエレクトロニクス,株式,スタンダード,電気機器,100,2013-07-16,
66780,テクノメディカ,株式,スタンダード,電気機器,100,2007-03-12,
66940,ズーム,株式,スタンダード,電気機器,100,2017-03-28,
66950,キャストリコ,株式,TOKYO PRO Market,電気機器,100,2017-06-30,
66960,トラース・オン・プロダクト,株式,グロース,電気機器,100,2017-08-09,
66990,ダイヤモンドエレクトリックホールディングス,株式,スタンダード,電気機器,100,2018-10-01,
67010,日本電気,株式,プライム,電気機器,100,1949-05-16,
67020,富士通,株式,プライム,電気機器,100,1949-05-16,
67030,沖電気工業,株式,プライム,電気機器,100,1951-11-22,
67060,電気興業,株式,プライム,電気機器,100,1961-10-02,
67070,サンケン電気,株式,プライム,電気機器,100,1961-10-02,
67180,アイホン,株式,プライム,電気機器,100,1999-01-11,
67210,ウインテスト,株式,スタンダード,電気機器,100,2003-09-03,
67230,ルネサスエレクトロニクス,株式,プライム,電気機器,100,2003-07-24,
67240,セイコーエプソン,株式,プライム,電気機器,100,2003-06-24,
67270,ワコム,株式,プライム,電気機器,100,2005-12-27,
67280,アルバック,株式,プライム,電気機器,100,2004-04-20,
67300,アクセル,株式,スタンダード,電気機器,100,2008-11-17,
67310,ピクセラ,株式,スタンダード,電気機器,100,2002-12-10,
67340,ニューテック,株式,上場廃止,電気機器,100,2013-07-16,2026-03-23
67360,サン電子,株式,スタンダード,電気機器,100,2013-07-16,
67370,ＥＩＺＯ,株式,プライム,電気機器,100,2002-03-12,
67400,ジャパンディスプレイ,株式,プライム,電気機器,100,2014-03-19,
67410,日本信号,株式,プライム,電気機器,100,1949-05-16,
67420,京三製作所,株式,プライム,電気機器,100,1949-05-16,
67430,大同信号,株式,スタンダード,電気機器,100,1962-09-24,
67440,能美防災,株式,プライム,電気機器,100,1962-12-01,
67450,ホーチキ,株式,プライム,電気機器,100,1963-07-29,
67480,星和電機,株式,スタンダード,電気機器,100,2013-07-16,
67500,エレコム,株式,プライム,電気機器,100,2013-03-08,
67520,パナソニック　ホールディングス,株式,プライム,電気機器,100,1949-05-16,
67530,シャープ,株式,プライム,電気機器,100,1956-03-30,
67540,アンリツ,株式,プライム,電気機器,100,1961-10-02,
67570,ＯＳＧコーポレーション,株式,スタンダード,電気機器,100,2013-07-16,
67580,ソニーグループ,株式,プライム,電気機器,100,1958-12-01,
67620,ＴＤＫ,株式,プライム,電気機器,100,1961-09-04,
67630,帝国通信工業,株式,プライム,電気機器,100,1961-10-02,
67680,タムラ製作所,株式,プライム,電気機器,100,1961-10-02,
67690,ザインエレクトロニクス,株式,スタンダード,電気機器,100,2013-07-16,
67700,アルプスアルパイン,株式,プライム,電気機器,100,1961-10-02,
67710,池上通信機,株式,スタンダード,電気機器,100,1961-10-02,
67720,東京コスモス電機,株式,スタンダード,電気機器,100,1970-11-24,
67750,ＴＢグループ,株式,スタンダード,電気機器,100,1961-10-02,
67760,天昇電気工業,株式,スタンダード,化学,100,1961-10-02,
67770,ｓａｎｔｅｃ　Ｈｏｌｄｉｎｇｓ,株式,スタンダード,電気機器,100,2013-07-16,
67780,アルチザネットワークス,株式,スタンダード,電気機器,100,2001-07-19,
67790,日本電波工業,株式,プライム,電気機器,100,1990-12-06,
67850,鈴木,株式,プライム,電気機器,100,2012-05-28,
67860,ＲＶＨ,株式,スタンダード,サービス業,100,2000-12-21,
67870,メイコー,株式,プライム,電気機器,100,2013-07-16,
67880,日本トリム,株式,プライム,電気機器,100,2003-02-04,
67940,フォスター電機,株式,プライム,電気機器,100,1962-05-01,
67980,ＳＭＫ,株式,プライム,電気機器,100,1962-09-11,
68000,ヨコオ,株式,プライム,電気機器,100,1962-10-03,
68030,ティアック,株式,スタンダード,電気機器,100,1970-04-01,
68040,ホシデン,株式,プライム,電気機器,100,1992-12-18,
68060,ヒロセ電機,株式,プライム,電気機器,100,1972-12-01,
68070,日本航空電子工業,株式,プライム,電気機器,100,1973-04-02,
68090,ＴＯＡ,株式,プライム,電気機器,100,1996-08-08,
68100,マクセル,株式,プライム,電気機器,100,2014-03-18,
68140,古野電気,株式,プライム,電気機器,100,2013-07-16,
68170,スミダコーポレーション,株式,プライム,電気機器,100,1998-12-03,
68190,伊豆シャボテンリゾート,株式,スタンダード,サービス業,100,2013-07-16,
68200,アイコム,株式,プライム,電気機器,100,2001-01-31,
68220,大井電気,株式,スタンダード,電気機器,100,2013-07-16,
68230,リオン,株式,プライム,電気機器,100,2000-05-15,
68240,新コスモス電機,株式,スタンダード,電気機器,100,2013-07-16,
68320,アオイ電子,株式,スタンダード,電気機器,100,2000-08-10,
68340,精工技研,株式,スタンダード,電気機器,100,2013-07-16,
68350,アライドテレシスホールディングス,株式,スタンダード,電気機器,100,2000-07-27,
68360,ぷらっとホーム,株式,スタンダード,電気機器,100,2000-07-11,
68370,京写,株式,スタンダード,電気機器,100,2013-07-16,
68380,多摩川ホールディングス,株式,スタンダード,電気機器,100,2013-07-16,
68400,ＡＫＩＢＡホールディングス,株式,スタンダード,電気機器,100,2013-07-16,
68410,横河電機,株式,プライム,電気機器,100,1949-05-16,
68440,新電元工業,株式,プライム,電気機器,100,1961-10-02,
68450,アズビル,株式,プライム,電気機器,100,1961-10-02,
68480,東亜ディーケーケー,株式,スタンダード,電気機器,100,1961-11-02,
68490,日本光電工業,株式,プライム,電気機器,100,1961-11-02,
68500,チノー,株式,プライム,電気機器,100,1962-04-02,
68530,共和電業,株式,スタンダード,電気機器,100,1969-08-12,
68550,日本電子材料,株式,スタンダード,電気機器,100,2005-02-08,
68560,堀場製作所,株式,プライム,電気機器,100,1974-03-29,
68570,アドバンテスト,株式,プライム,電気機器,100,1983-02-09,
68580,小野測器,株式,スタンダード,電気機器,100,1983-08-15,
68590,エスペック,株式,プライム,電気機器,100,1985-08-06,
68610,キーエンス,株式,プライム,電気機器,100,1989-12-25,
68620,ミナトホールディングス,株式,スタンダード,電気機器,100,2013-07-16,
68630,ニレコ,株式,スタンダード,電気機器,100,2013-07-16,
68640,エヌエフホールディングス,株式,スタンダード,電気機器,100,2013-07-16,
68660,日置電機,株式,プライム,電気機器,100,2001-11-22,
68670,リーダー電子,株式,スタンダード,電気機器,100,2013-07-16,
68690,シスメックス,株式,プライム,電気機器,100,1996-07-25,
68700,日本フェンオール,株式,スタンダード,電気機器,100,2013-07-16,
68710,日本マイクロニクス,株式,プライム,電気機器,100,2013-07-16,
68740,協立電機,株式,スタンダード,電気機器,100,2013-07-16,
68750,メガチップス,株式,プライム,電気機器,100,2000-12-25,
68770,ＯＢＡＲＡ　ＧＲＯＵＰ,株式,スタンダード,電気機器,100,2006-08-28,
68790,ＩＭＡＧＩＣＡ　ＧＲＯＵＰ,株式,上場廃止,情報・通信業,100,2012-12-07,2025-09-29
68820,三社電機製作所,株式,スタンダード,電気機器,100,2013-07-16,
68880,アクモス,株式,スタンダード,情報・通信業,100,2013-07-16,
68900,フェローテック,株式,スタンダード,電気機器,100,2013-07-16,
68940,パルステック工業,株式,スタンダード,電気機器,100,2000-03-21,
68970,ツインバード,株式,スタンダード,電気機器,100,2000-03-01,
68980,トミタ電機,株式,スタンダード,電気機器,100,2013-07-16,
68990,ＡＳＴＩ,株式,スタンダード,電気機器,100,2002-12-16,
69010,澤藤電機,株式,上場廃止,電気機器,100,1949-05-16,2026-05-15
69020,デンソー,株式,プライム,輸送用機器,100,1953-01-05,
69040,原田工業,株式,スタンダード,電気機器,100,2013-07-16,
69050,コーセル,株式,プライム,電気機器,100,1999-01-25,
69070,ジオマテック,株式,スタンダード,電気機器,100,2013-07-16,
69080,イリソ電子工業,株式,プライム,電気機器,100,2013-07-16,
69120,菊水ホールディングス,株式,スタンダード,電気機器,100,2013-07-16,
69140,オプテックスグループ,株式,プライム,電気機器,100,2001-08-29,
69150,千代田インテグレ,株式,スタンダード,電気機器,100,2001-03-30,
69180,アバールデータ,株式,スタンダード,電気機器,100,2013-07-16,
69190,ケル,株式,スタンダード,電気機器,100,2013-07-16,
69200,レーザーテック,株式,プライム,電気機器,100,2012-03-14,
69230,スタンレー電気,株式,プライム,電気機器,100,1961-10-02,
69250,ウシオ電機,株式,プライム,電気機器,100,1970-05-04,
69260,岡谷電機産業,株式,スタンダード,電気機器,100,1970-09-01,
69270,ヘリオス　テクノ　ホールディング,株式,スタンダード,電気機器,100,2005-04-11,
69280,エノモト,株式,スタンダード,電気機器,100,2013-07-16,
69290,日本セラミック,株式,プライム,電気機器,100,2000-03-01,
69300,日本アンテナ,株式,上場廃止,電気機器,100,2013-07-16,2025-11-20
69320,遠藤照明,株式,スタンダード,電気機器,100,2013-07-16,
69370,古河電池,株式,上場廃止,電気機器,100,1961-12-18,2025-12-22
69410,山一電機,株式,プライム,電気機器,100,2000-03-10,
69420,ソフィアホールディングス,株式,スタンダード,情報・通信業,100,2013-07-16,
69430,ＮＫＫスイッチズ,株式,スタンダード,電気機器,100,2013-07-16,
69460,日本アビオニクス,株式,スタンダード,電気機器,100,1988-02-09,
69470,図研,株式,プライム,電気機器,100,1991-10-08,
69510,日本電子,株式,プライム,電気機器,100,1962-04-05,
69520,カシオ計算機,株式,プライム,電気機器,100,1970-09-21,
69540,ファナック,株式,プライム,電気機器,100,1976-11-10,
69550,ＦＤＫ,株式,スタンダード,電気機器,100,1969-10-01,
69570,芝浦電子,株式,上場廃止,電気機器,100,2013-07-16,2026-01-13
69580,日本シイエムケイ,株式,プライム,電気機器,100,1985-07-19,
69600,フクダ電子,株式,スタンダード,電気機器,100,2013-07-16,
69610,エンプラス,株式,プライム,電気機器,100,1984-09-05,
69620,大真空,株式,プライム,電気機器,100,2013-07-16,
69630,ローム,株式,プライム,電気機器,100,1989-01-25,
69640,サンコー,株式,スタンダード,電気機器,100,1999-12-20,
69650,浜松ホトニクス,株式,プライム,電気機器,100,1996-07-22,
69660,三井ハイテック,株式,プライム,電気機器,100,1985-09-09,
69690,松尾電機,株式,スタンダード,電気機器,100,2013-07-16,
69710,京セラ,株式,プライム,電気機器,100,1972-09-11,
69730,協栄産業,株式,上場廃止,卸売業,100,1962-12-27,2025-10-16
69760,太陽誘電,株式,プライム,電気機器,100,1970-03-02,
69770,日本抵抗器製作所,株式,スタンダード,電気機器,100,1964-10-12,
69810,村田製作所,株式,プライム,電気機器,100,1969-12-01,
69820,リード,株式,スタンダード,輸送用機器,100,1963-07-05,
69860,双葉電子工業,株式,プライム,電気機器,100,1985-04-17,
69880,日東電工,株式,プライム,化学,100,1962-08-27,
69890,北陸電気工業,株式,スタンダード,電気機器,100,1962-08-07,
69930,大黒屋ホールディングス,株式,スタンダード,小売業,100,1961-10-02,
69940,指月電機製作所,株式,スタンダード,電気機器,100,1963-05-01,
69950,東海理化電機製作所,株式,プライム,輸送用機器,100,1961-10-02,
69960,ニチコン,株式,プライム,電気機器,100,1961-10-02,
69970,日本ケミコン,株式,プライム,電気機器,100,1970-09-01,
69980,日本タングステン,株式,スタンダード,電気機器,100,1961-10-02,
69990,ＫＯＡ,株式,プライム,電気機器,100,1961-12-01,
70030,三井Ｅ＆Ｓ,株式,プライム,機械,100,1949-05-16,
70040,カナデビア,株式,プライム,機械,100,1949-05-16,
70110,三菱重工業,株式,プライム,機械,100,1950-05-29,
70120,川崎重工業,株式,プライム,輸送用機器,100,1949-05-16,
70130,ＩＨＩ,株式,プライム,機械,100,1949-05-16,
70140,名村造船所,株式,スタンダード,輸送用機器,100,2013-07-16,
70180,内海造船,株式,スタンダード,輸送用機器,100,2000-03-01,
70210,ニッチツ,株式,スタンダード,機械,100,1951-10-15,
70220,サノヤスホールディングス,株式,スタンダード,機械,100,2013-07-16,
70300,スプリックス,株式,スタンダード,サービス業,100,2018-06-29,
70310,インバウンドテック,株式,グロース,サービス業,100,2020-12-18,
70330,マネジメントソリューションズ,株式,プライム,サービス業,100,2018-07-23,
70340,プロレド・パートナーズ,株式,プライム,サービス業,100,2018-07-27,
70350,ａｎｄ　ｆａｃｔｏｒｙ,株式,スタンダード,サービス業,100,2018-09-06,
70360,イーエムネットジャパン,株式,グロース,サービス業,100,2018-09-21,
70370,テノ．ホールディングス,株式,スタンダード,サービス業,100,2018-12-21,
70380,フロンティア・マネジメント,株式,プライム,サービス業,100,2018-09-28,
70390,ブリッジインターナショナルグループ,株式,グロース,サービス業,100,2018-10-03,
70400,サン・ライフホールディング,株式,スタンダード,サービス業,100,2018-10-01,
70410,ＣＲＧホールディングス,株式,グロース,サービス業,100,2018-10-10,
70420,アクセスグループ・ホールディングス,株式,スタンダード,サービス業,100,2018-11-06,
70430,アルー,株式,グロース,サービス業,100,2018-12-11,
70440,ピアラ,株式,スタンダード,サービス業,100,2018-12-11,
70460,ＴＤＳＥ,株式,グロース,サービス業,100,2018-12-18,
70470,ポート,株式,グロース,サービス業,100,2018-12-21,
70480,ベルトラ,株式,グロース,サービス業,100,2018-12-25,
70490,識学,株式,グロース,サービス業,100,2019-02-22,
70500,フロンティアインターナショナル,株式,グロース,サービス業,100,2019-02-28,
70560,マルク,株式,上場廃止,サービス業,100,2019-03-05,2026-04-10
70570,エヌ・シー・エヌ,株式,スタンダード,サービス業,100,2019-03-14,
70580,共栄セキュリティーサービス,株式,スタンダード,サービス業,100,2019-03-18,
70590,コプロ・ホールディングス,株式,プライム,サービス業,100,2019-03-19,
70600,ギークス,株式,スタンダード,サービス業,100,2019-03-20,
70610,日本ホスピスホールディングス,株式,グロース,サービス業,100,2019-03-28,
70620,フレアス,株式,グロース,サービス業,100,2019-03-28,
70630,Ｂｉｒｄｍａｎ,株式,グロース,サービス業,100,2019-03-29,
70640,ハウテレビジョン,株式,スタンダード,サービス業,100,2019-04-24,
70650,ユーピーアール,株式,スタンダード,サービス業,100,2019-06-12,
70660,ピアズ,株式,グロース,サービス業,100,2019-06-20,
70670,ブランディングテクノロジー,株式,グロース,サービス業,100,2019-06-21,
70680,フィードフォースグループ,株式,グロース,サービス業,100,2019-07-05,
70690,サイバー・バズ,株式,グロース,サービス業,100,2019-09-19,
70710,アンビスホールディングス,株式,プライム,サービス業,100,2019-10-09,
70720,インティメート・マージャー,株式,グロース,サービス業,100,2019-10-24,
70730,ジェイック,株式,グロース,サービス業,100,2019-10-29,
70740,トゥエンティーフォーセブンホールディングス,株式,グロース,サービス業,100,2019-11-21,
70770,ＡＬｉＮＫインターネット,株式,グロース,サービス業,100,2019-12-10,
70780,ＩＮＣＬＵＳＩＶＥ　Ｈｏｌｄｉｎｇｓ,株式,グロース,サービス業,100,2019-12-20,
70790,ＷＤＢココ,株式,グロース,サービス業,100,2019-12-25,
70800,スポーツフィールド,株式,グロース,サービス業,100,2019-12-26,
70810,コーユーレンティア,株式,スタンダード,サービス業,100,2020-02-07,
70820,ジモティー,株式,グロース,サービス業,100,2020-02-07,
70830,ＡＨＣグループ,株式,グロース,サービス業,100,2020-02-25,
70840,Ｓｍｉｌｅ　Ｈｏｌｄｉｎｇｓ,株式,グロース,サービス業,100,2020-03-04,
70850,カーブスホールディングス,株式,プライム,サービス業,100,2020-03-02,
70870,ウイルテック,株式,スタンダード,サービス業,100,2020-03-06,
70880,フォーラムエンジニアリング,株式,上場廃止,サービス業,100,2020-03-09,2026-05-13
70890,フォースタートアップス,株式,グロース,サービス業,100,2020-03-13,
70900,リグア,株式,グロース,サービス業,100,2020-03-13,
70910,リビングプラットフォーム,株式,グロース,サービス業,100,2020-03-17,
70920,Ｆａｓｔ　Ｆｉｔｎｅｓｓ　Ｊａｐａｎ,株式,上場廃止,サービス業,100,2020-12-16,2026-04-20
70930,アディッシュ,株式,グロース,サービス業,100,2020-03-26,
70940,ＮｅｘＴｏｎｅ,株式,グロース,サービス業,100,2020-03-30,
70950,Ｍａｃｂｅｅ　Ｐｌａｎｅｔ,株式,プライム,サービス業,100,2020-03-31,
70960,ステムセル研究所,株式,グロース,サービス業,100,2021-06-25,
70970,さくらさくプラス,株式,グロース,サービス業,100,2020-10-28,
70980,エージェント,株式,TOKYO PRO Market,サービス業,100,2020-04-28,
71020,日本車輌製造,株式,プライム,輸送用機器,100,1949-05-16,
71050,三菱ロジスネクスト,株式,上場廃止,輸送用機器,100,1961-10-02,2026-04-27
71100,クラシコム,株式,グロース,小売業,100,2022-08-05,
71110,ＩＮＥＳＴ,株式,スタンダード,卸売業,100,2022-10-03,
71120,キューブ,株式,グロース,小売業,100,2022-10-07,
71140,フーディソン,株式,グロース,卸売業,100,2022-12-16,
71150,アルファパーチェス,株式,スタンダード,卸売業,100,2022-12-26,
71160,ダイワ通信,株式,上場廃止,卸売業,100,2022-12-26,2026-03-25
71170,ミモナ,株式,上場廃止,小売業,100,2023-01-26,2025-09-30
71190,ハルメクホールディングス,株式,グロース,小売業,100,2023-03-23,
71200,ＳＨＩＮＫＯ,株式,スタンダード,卸売業,100,2023-03-22,
71220,近畿車輛,株式,スタンダード,輸送用機器,100,1961-10-02,
71260,グローバルスタイル,株式,スタンダード,小売業,100,2021-08-24,
71270,一家ホールディングス,株式,スタンダード,小売業,100,2021-10-01,
71280,ユニソルホールディングス,株式,プライム,卸売業,100,2021-10-01,
71290,ミアヘルサホールディングス,株式,スタンダード,小売業,100,2021-10-01,
71300,ヤマエグループホールディングス,株式,プライム,卸売業,100,2021-10-01,
71310,のむら産業,株式,スタンダード,卸売業,100,2021-12-02,
71320,フローバル,株式,TOKYO PRO Market,卸売業,100,2021-12-16,
71330,ＨＹＵＧＡ　ＰＲＩＭＡＲＹ　ＣＡＲＥ,株式,グロース,小売業,100,2021-12-20,
71340,アップガレージグループ,株式,スタンダード,小売業,100,2021-12-23,
71350,ジャパンクラフトホールディングス,株式,スタンダード,小売業,100,2022-01-04,
71360,ウェルビングループ,株式,上場廃止,小売業,100,2022-02-17,2026-05-19
71370,グラントマト,株式,TOKYO PRO Market,小売業,100,2022-02-25,
71380,ＴＯＲＩＣＯ,株式,グロース,小売業,100,2022-03-23,
71390,東京高圧山崎,株式,TOKYO PRO Market,卸売業,100,2022-04-19,
71400,ペットゴー,株式,グロース,小売業,100,2022-04-28,
71480,ＦＰＧ,株式,プライム,証券、商品先物取引業,100,2011-10-03,
71500,島根銀行,株式,スタンダード,銀行業,100,2011-03-15,
71570,ライフネット生命保険,株式,プライム,保険業,100,2012-03-15,
71610,じもとホールディングス,株式,スタンダード,銀行業,100,2012-10-01,
71620,アストマックス,株式,スタンダード,電気・ガス業,100,2013-07-16,
71630,住信ＳＢＩネット銀行,株式,上場廃止,銀行業,100,2023-03-29,2025-09-25
71640,全国保証,株式,プライム,その他金融業,100,2012-12-19,
71670,めぶきフィナンシャルグループ,株式,プライム,銀行業,100,2013-12-19,
71700,中央インターナショナルグループ,株式,TOKYO PRO Market,保険業,100,2014-07-14,
71720,ジャパンインベストメントアドバイザー,株式,プライム,証券、商品先物取引業,100,2014-09-11,
71730,東京きらぼしフィナンシャルグループ,株式,プライム,銀行業,100,2014-10-01,
71750,今村証券,株式,スタンダード,証券、商品先物取引業,100,2014-12-17,
71760,シンプレクス・ファイナンシャル・ホールディングス,株式,TOKYO PRO Market,証券、商品先物取引業,100,2015-01-27,
71770,ＧＭＯフィナンシャルホールディングス,株式,スタンダード,証券、商品先物取引業,100,2015-04-01,
71800,九州フィナンシャルグループ,株式,プライム,銀行業,100,2015-10-01,
71810,かんぽ生命保険,株式,プライム,保険業,100,2015-11-04,
71820,ゆうちょ銀行,株式,プライム,銀行業,100,2015-11-04,
71830,あんしん保証,株式,スタンダード,その他金融業,100,2015-11-19,
71840,富山第一銀行,株式,プライム,銀行業,100,2016-03-15,
71850,ヒロセ通商,株式,スタンダード,証券、商品先物取引業,100,2016-03-18,
71860,横浜フィナンシャルグループ,株式,プライム,銀行業,100,2016-04-01,
71870,ジェイリース,株式,プライム,その他金融業,100,2016-06-22,
71890,西日本フィナンシャルホールディングス,株式,プライム,銀行業,100,2016-10-03,
71910,イントラスト,株式,スタンダード,その他金融業,100,2016-12-07,
71920,日本モーゲージサービス,株式,スタンダード,その他金融業,100,2016-12-19,
71960,Ｃａｓａ,株式,スタンダード,その他金融業,100,2017-10-31,
71980,ＳＢＩアルヒ,株式,プライム,その他金融業,100,2017-12-14,
71990,プレミアグループ,株式,プライム,その他金融業,100,2017-12-21,
72010,日産自動車,株式,プライム,輸送用機器,100,1951-01-04,
72020,いすゞ自動車,株式,プライム,輸送用機器,100,1949-05-16,
72030,トヨタ自動車,株式,プライム,輸送用機器,100,1949-05-16,
72050,日野自動車,株式,上場廃止,輸送用機器,100,1949-05-16,2026-03-30
72080,カネミツ,株式,スタンダード,輸送用機器,100,2013-07-16,
72110,三菱自動車工業,株式,プライム,輸送用機器,100,1988-12-05,
72120,エフテック,株式,スタンダード,輸送用機器,100,2001-01-26,
72130,レシップホールディングス,株式,スタンダード,輸送用機器,100,2007-12-27,
72140,ＧＭＢ,株式,スタンダード,輸送用機器,100,2013-07-16,
72150,ファルテック,株式,スタンダード,輸送用機器,100,2013-03-19,
72170,テイン,株式,スタンダード,輸送用機器,100,2013-07-16,
72180,田中精密工業,株式,スタンダード,輸送用機器,100,2013-07-16,
72190,エッチ・ケー・エス,株式,スタンダード,輸送用機器,100,2013-07-16,
72200,武蔵精密工業,株式,プライム,輸送用機器,100,2004-03-24,
72220,日産車体,株式,スタンダード,輸送用機器,100,1961-10-02,
72240,新明和工業,株式,プライム,輸送用機器,100,1962-08-04,
72260,極東開発工業,株式,プライム,輸送用機器,100,1992-11-16,
72280,デイトナ,株式,スタンダード,輸送用機器,100,2013-07-16,
72290,ユタカ技研,株式,上場廃止,輸送用機器,100,2013-07-16,2026-06-10
72310,トピー工業,株式,プライム,輸送用機器,100,1949-05-16,
72350,東京ラヂエーター製造,株式,スタンダード,輸送用機器,100,1961-10-02,
72360,ティラド,株式,プライム,輸送用機器,100,1961-10-02,
72380,曙ブレーキ工業,株式,プライム,輸送用機器,100,1961-10-02,
72390,タチエス,株式,プライム,輸送用機器,100,1986-12-17,
72400,ＮＯＫ,株式,プライム,輸送用機器,100,1961-10-02,
72410,フタバ産業,株式,プライム,輸送用機器,100,1980-12-03,
72420,カヤバ,株式,プライム,輸送用機器,100,1959-10-19,
72440,市光工業,株式,プライム,電気機器,100,1961-10-02,
72450,大同メタル工業,株式,プライム,輸送用機器,100,2004-03-22,
72460,プレス工業,株式,プライム,輸送用機器,100,1961-08-07,
72470,ミクニ,株式,スタンダード,輸送用機器,100,1961-10-02,
72500,太平洋工業,株式,上場廃止,輸送用機器,100,1963-10-08,2026-04-13
72540,ユニバンス,株式,スタンダード,輸送用機器,100,1963-08-21,
72550,桜井製作所,株式,スタンダード,輸送用機器,100,2013-07-16,
72560,河西工業,株式,スタンダード,輸送用機器,100,1964-07-27,
72590,アイシン,株式,プライム,輸送用機器,100,1970-05-01,
72610,マツダ,株式,プライム,輸送用機器,100,1949-05-16,
72640,ムロコーポレーション,株式,スタンダード,輸送用機器,100,2013-07-16,
72650,エイケン工業,株式,スタンダード,輸送用機器,100,2013-07-16,
72660,今仙電機製作所,株式,スタンダード,輸送用機器,100,2003-02-03,
72670,本田技研工業,株式,プライム,輸送用機器,100,1957-12-02,
72690,スズキ,株式,プライム,輸送用機器,100,1949-05-16,
72700,ＳＵＢＡＲＵ,株式,プライム,輸送用機器,100,1966-03-10,
72710,安永,株式,スタンダード,輸送用機器,100,2013-07-16,
72720,ヤマハ発動機,株式,プライム,輸送用機器,100,1967-03-08,
72730,イクヨ,株式,スタンダード,輸送用機器,100,1997-03-18,
72760,小糸製作所,株式,プライム,電気機器,100,1949-05-16,
72770,ＴＢＫ,株式,スタンダード,輸送用機器,100,1971-11-01,
72780,エクセディ,株式,プライム,輸送用機器,100,1997-08-20,
72790,ハイレックスコーポレーション,株式,スタンダード,輸送用機器,100,2013-07-16,
72800,ミツバ,株式,プライム,電気機器,100,1988-02-05,
72820,豊田合成,株式,プライム,輸送用機器,100,1999-03-24,
72830,愛三工業,株式,プライム,輸送用機器,100,2000-03-09,
72840,盟和産業,株式,スタンダード,輸送用機器,100,1981-01-26,
72870,日本精機,株式,スタンダード,輸送用機器,100,1989-02-16,
72910,日本プラスト,株式,スタンダード,輸送用機器,100,2008-03-17,
72920,村上開明堂,株式,スタンダード,輸送用機器,100,1995-03-20,
72940,ヨロズ,株式,プライム,輸送用機器,100,1994-03-10,
72960,エフ・シー・シー,株式,プライム,輸送用機器,100,2003-02-17,
72970,カーメイト,株式,スタンダード,輸送用機器,100,2013-07-16,
72990,フジオーゼックス,株式,スタンダード,輸送用機器,100,1994-12-22,
73050,新家工業,株式,スタンダード,鉄鋼,100,1961-10-02,
73090,シマノ,株式,プライム,輸送用機器,100,1973-05-01,
73130,テイ・エス　テック,株式,プライム,輸送用機器,100,2007-02-23,
73140,小田原機器,株式,スタンダード,輸送用機器,100,2013-07-16,
73170,松屋アールアンドディ,株式,上場廃止,輸送用機器,100,2020-04-06,2026-07-17
73180,セレンディップ・ホールディングス,株式,グロース,輸送用機器,100,2021-06-24,
73200,Ｓｏｌｖｖｙ,株式,グロース,その他金融業,100,2018-03-30,
73220,三十三フィナンシャルグループ,株式,プライム,銀行業,100,2018-04-02,
73250,アイリックコーポレーション,株式,グロース,保険業,100,2018-09-25,
73260,ＳＢＩインシュアランスグループ,株式,グロース,保険業,100,2018-09-27,
73270,第四北越フィナンシャルグループ,株式,プライム,銀行業,100,2018-10-01,
73370,ひろぎんホールディングス,株式,プライム,銀行業,100,2020-10-01,
73430,ブロードマインド,株式,グロース,保険業,100,2021-03-26,
73450,アイ・パートナーズフィナンシャル,株式,グロース,その他金融業,100,2021-06-23,
73470,マーキュリアホールディングス,株式,プライム,証券、商品先物取引業,100,2021-07-01,
73500,おきなわフィナンシャルグループ,株式,プライム,銀行業,100,2021-10-01,
73510,グッドパッチ,株式,グロース,サービス業,100,2020-06-30,
73520,ＴＷＯＳＴＯＮＥ＆Ｓｏｎｓ,株式,グロース,サービス業,100,2020-07-07,
73530,ＫＩＹＯラーニング,株式,グロース,サービス業,100,2020-07-15,
73540,ダイレクトマーケティングミックス,株式,スタンダード,サービス業,100,2020-10-05,
73550,一寸房,株式,TOKYO PRO Market,サービス業,100,2020-10-28,
73560,Ｒｅｔｔｙ,株式,グロース,サービス業,100,2020-10-30,
73570,ジオコード,株式,スタンダード,サービス業,100,2020-11-26,
73580,ポピンズ,株式,スタンダード,サービス業,100,2020-12-21,
73590,東京通信グループ,株式,グロース,サービス業,100,2020-12-24,
73600,オンデック,株式,グロース,サービス業,100,2020-12-29,
73610,ヒューマンクリエイションホールディングス,株式,グロース,サービス業,100,2021-03-16,
73620,Ｔ．Ｓ．Ｉ,株式,グロース,サービス業,100,2021-03-19,
73630,ベビーカレンダー,株式,グロース,サービス業,100,2021-03-25,
73640,琉球アスティーダスポーツクラブ,株式,TOKYO PRO Market,サービス業,100,2021-03-30,
73660,ＬＩＴＡＬＩＣＯ,株式,プライム,サービス業,100,2021-04-01,
73670,セルム,株式,スタンダード,サービス業,100,2021-04-06,
73680,表示灯,株式,スタンダード,サービス業,100,2021-04-07,
73690,メイホーホールディングス,株式,グロース,サービス業,100,2021-06-02,
73700,Ｅｎｊｉｎ,株式,グロース,サービス業,100,2021-06-18,
73710,Ｚｅｎｋｅｎ,株式,グロース,サービス業,100,2021-06-16,
73720,デコルテ・ホールディングス,株式,グロース,サービス業,100,2021-06-22,
73730,アイドマ・ホールディングス,株式,グロース,サービス業,100,2021-06-23,
73740,コンフィデンス・インターワークス,株式,グロース,サービス業,100,2021-06-28,
73750,リファインバースグループ,株式,グロース,サービス業,100,2021-07-01,
73760,ＢＣＣ,株式,グロース,サービス業,100,2021-07-06,
73770,ＤＮホールディングス,株式,スタンダード,サービス業,100,2021-07-14,
73780,アシロ,株式,グロース,サービス業,100,2021-07-20,
73790,サーキュレーション,株式,上場廃止,サービス業,100,2021-07-27,2025-09-19
73800,十六フィナンシャルグループ,株式,プライム,銀行業,100,2021-10-01,
73810,ＣＣＩグループ,株式,プライム,銀行業,100,2021-10-01,
73830,ネットプロテクションズホールディングス,株式,プライム,その他金融業,100,2021-12-15,
73840,プロクレアホールディングス,株式,プライム,銀行業,100,2022-04-01,
73880,ＦＰパートナー,株式,プライム,保険業,100,2022-09-22,
73890,あいちフィナンシャルグループ,株式,プライム,銀行業,100,2022-10-03,
73990,ナンシン,株式,スタンダード,輸送用機器,100,2013-07-16,
74090,ＡｅｒｏＥｄｇｅ,株式,グロース,輸送用機器,100,2023-07-04,
74120,アトム,株式,スタンダード,小売業,100,2000-09-19,
74130,創健社,株式,スタンダード,卸売業,100,2013-07-16,
74140,小野建,株式,プライム,卸売業,100,2003-12-18,
74160,はるやまホールディングス,株式,スタンダード,小売業,100,1998-12-11,
74170,南陽,株式,スタンダード,卸売業,100,2017-12-11,
74190,ノジマ,株式,プライム,小売業,100,2013-07-16,
74200,佐鳥電機,株式,上場廃止,卸売業,100,1997-03-12,2026-03-30
74210,カッパ・クリエイト,株式,プライム,小売業,100,2003-11-07,
74220,東邦レマック,株式,スタンダード,卸売業,100,2013-07-16,
74250,初穂商事,株式,スタンダード,卸売業,100,2013-07-16,
74260,山大,株式,スタンダード,卸売業,100,2013-07-16,
74270,エコートレーディング,株式,スタンダード,卸売業,100,2003-12-18,
74330,伯東,株式,プライム,卸売業,100,1999-02-16,
74340,オータケ,株式,スタンダード,卸売業,100,2013-07-16,
74350,ナ・デックス,株式,スタンダード,卸売業,100,2013-07-16,
74380,コンドーテック,株式,プライム,卸売業,100,1999-07-16,
74420,中山福,株式,スタンダード,卸売業,100,2006-12-20,
74430,横浜魚類,株式,スタンダード,卸売業,100,2013-07-16,
74440,ハリマ共和物産,株式,スタンダード,卸売業,100,2013-07-16,
74450,ライトオン,株式,上場廃止,小売業,100,2000-02-09,2026-02-26
74460,東北化学薬品,株式,スタンダード,卸売業,100,2013-07-16,
74470,ナガイレーベン,株式,プライム,卸売業,100,2001-08-10,
74500,サンデー,株式,上場廃止,小売業,100,2013-07-16,2026-04-01
74510,三菱食品,株式,上場廃止,卸売業,100,1995-07-05,2025-09-26
74530,良品計画,株式,プライム,小売業,100,1998-12-14,
74550,パリミキホールディングス,株式,上場廃止,小売業,100,1996-12-17,2026-03-30
74560,松田産業,株式,プライム,卸売業,100,1999-12-03,
74580,第一興商,株式,プライム,卸売業,100,2013-07-16,
74590,メディパルホールディングス,株式,プライム,卸売業,100,1995-09-14,
74600,ヤギ,株式,スタンダード,卸売業,100,2013-07-16,
74610,キムラ,株式,スタンダード,卸売業,100,2013-07-16,
74620,ＣＡＰＩＴＡ,株式,スタンダード,小売業,100,2013-07-16,
74630,アドヴァングループ,株式,スタンダード,小売業,100,2000-03-10,
74640,セフテック,株式,スタンダード,卸売業,100,2013-07-16,
74660,ＳＰＫ,株式,プライム,卸売業,100,2000-08-09,
74670,萩原電気ホールディングス,株式,上場廃止,卸売業,100,2013-07-16,2026-03-30
74720,鳥羽洋行,株式,スタンダード,卸売業,100,2013-07-16,
74750,アルビス,株式,プライム,小売業,100,2014-02-03,
74760,アズワン,株式,プライム,卸売業,100,1999-12-17,
74770,ムラキ,株式,スタンダード,卸売業,100,2013-07-16,
74800,スズデン,株式,スタンダード,卸売業,100,2004-12-28,
74810,尾家産業,株式,スタンダード,卸売業,100,2000-12-15,
74820,シモジマ,株式,プライム,卸売業,100,2001-02-26,
74830,ドウシシャ,株式,プライム,卸売業,100,2000-08-18,
74860,サンリン,株式,スタンダード,卸売業,100,2013-07-16,
74870,小津産業,株式,スタンダード,卸売業,100,2001-06-21,
74900,日新商事,株式,スタンダード,卸売業,100,1996-03-06,
74940,コナカ,株式,スタンダード,小売業,100,1997-07-18,
75000,西川計測,株式,スタンダード,卸売業,100,2013-07-16,
75010,ティムコ,株式,スタンダード,卸売業,100,2013-07-16,
75020,プラザホールディングス,株式,スタンダード,サービス業,100,2013-07-16,
75040,高速,株式,プライム,卸売業,100,1999-12-24,
75050,扶桑電通,株式,スタンダード,卸売業,100,1999-08-30,
75060,ハウス　オブ　ローゼ,株式,スタンダード,小売業,100,2006-05-24,
75080,Ｇ‐７ホールディングス,株式,プライム,小売業,100,2001-05-15,
75090,アイエーグループ,株式,スタンダード,小売業,100,2013-07-16,
75100,たけびし,株式,プライム,卸売業,100,2013-07-16,
75120,イオン北海道,株式,スタンダード,小売業,100,1998-11-19,
75130,コジマ,株式,プライム,小売業,100,1996-09-12,
75140,ヒマラヤ,株式,スタンダード,小売業,100,1999-12-27,
75150,マルヨシセンター,株式,スタンダード,小売業,100,2013-07-16,
75160,コーナン商事,株式,プライム,小売業,100,2001-10-10,
75200,エコス,株式,プライム,小売業,100,2004-03-31,
75210,ムサシ,株式,スタンダード,卸売業,100,2013-07-16,
75220,ワタミ,株式,プライム,小売業,100,1998-08-28,
75230,アールビバン,株式,スタンダード,小売業,100,2013-07-16,
75240,マルシェ,株式,スタンダード,小売業,100,1999-12-14,
75250,リックス,株式,プライム,卸売業,100,2008-02-06,
75270,システムソフト,株式,スタンダード,情報・通信業,100,2013-07-16,
75310,清和中央ホールディングス,株式,スタンダード,卸売業,100,2013-07-16,
75320,パン・パシフィック・インターナショナルホールディングス,株式,プライム,小売業,100,1998-06-19,
75370,丸文,株式,プライム,卸売業,100,1997-01-29,
75380,大水,株式,スタンダード,卸売業,100,2013-07-16,
75390,アイナボホールディングス,株式,スタンダード,卸売業,100,2013-07-16,
75440,スリーエフ,株式,スタンダード,小売業,100,2000-07-25,
75450,西松屋チェーン,株式,プライム,小売業,100,1999-11-29,
75500,ゼンショーホールディングス,株式,プライム,小売業,100,1999-09-10,
75510,ウェッズ,株式,スタンダード,輸送用機器,100,2013-07-16,
75520,ハピネット,株式,プライム,卸売業,100,1998-12-17,
75540,幸楽苑,株式,プライム,小売業,100,2002-03-20,
75550,大田花き,株式,スタンダード,卸売業,100,2013-07-16,
75610,ハークスレイホールディングス,株式,スタンダード,小売業,100,2001-02-16,
75620,安楽亭,株式,スタンダード,小売業,100,2000-08-28,
75640,ワークマン,株式,スタンダード,小売業,100,2013-07-16,
75650,萬世電機,株式,スタンダード,卸売業,100,2013-07-16,
75670,栄電子,株式,スタンダード,卸売業,100,2013-07-16,
75700,橋本総業ホールディングス,株式,スタンダード,卸売業,100,2013-07-16,
75710,ヤマノホールディングス,株式,スタンダード,小売業,100,2013-07-16,
75750,日本ライフライン,株式,プライム,卸売業,100,2013-07-16,
75780,ニチリョク,株式,スタンダード,小売業,100,2013-07-16,
75810,サイゼリヤ,株式,プライム,小売業,100,1999-07-06,
75850,かんなん丸,株式,スタンダード,小売業,100,2013-07-16,
75900,タカショー,株式,スタンダード,卸売業,100,2013-07-16,
75930,ＶＴホールディングス,株式,プライム,小売業,100,2013-07-16,
75950,アルゴグラフィックス,株式,プライム,情報・通信業,100,2004-02-27,
75960,魚力,株式,プライム,小売業,100,2003-03-04,
75990,ＩＤＯＭ,株式,プライム,卸売業,100,2000-12-18,
76000,日本エム・ディ・エム,株式,プライム,精密機器,100,2000-03-24,
76010,ポプラ,株式,スタンダード,小売業,100,2000-02-14,
76020,レダックス,株式,スタンダード,卸売業,100,1999-11-25,
76030,ジーイエット,株式,スタンダード,小売業,100,2013-07-16,
76040,梅の花グループ,株式,スタンダード,小売業,100,2002-06-24,
76050,フジ・コーポレーション,株式,上場廃止,小売業,100,2013-07-16,2025-10-14
76060,ユナイテッドアローズ,株式,プライム,小売業,100,2002-03-19,
76070,進和,株式,プライム,卸売業,100,2002-05-31,
76080,エスケイジャパン,株式,スタンダード,卸売業,100,2003-03-06,
76090,ダイトロン,株式,プライム,卸売業,100,2001-06-21,
76100,テイツー,株式,スタンダード,小売業,100,2013-07-16,
76110,ハイデイ日高,株式,プライム,小売業,100,2005-04-28,
76130,シークス,株式,プライム,卸売業,100,2000-11-21,
76140,オーエムツーネットワーク,株式,スタンダード,小売業,100,2013-07-16,
76150,京都きもの友禅ホールディングス,株式,スタンダード,小売業,100,2000-11-29,
76160,コロワイド,株式,プライム,小売業,100,2000-10-13,
76190,田中商事,株式,スタンダード,卸売業,100,2003-02-07,
76210,うかい,株式,スタンダード,小売業,100,2013-07-16,
76240,ＮａＩＴＯ,株式,スタンダード,卸売業,100,2013-07-16,
76250,グローバルダイニング,株式,スタンダード,小売業,100,1999-12-07,
76280,オーハシテクニカ,株式,プライム,卸売業,100,2002-12-18,
76300,壱番屋,株式,プライム,小売業,100,2004-03-08,
76340,星医療酸器,株式,スタンダード,卸売業,100,2013-07-16,
76350,杉田エース,株式,上場廃止,卸売業,100,2013-07-16,2026-03-24
76360,ハンズマン,株式,スタンダード,小売業,100,2013-07-16,
76370,白銅,株式,プライム,卸売業,100,2004-10-29,
76380,ＮＥＷ　ＡＲＴ　ＨＯＬＤＩＮＧＳ,株式,スタンダード,小売業,100,2013-07-16,
76400,トップカルチャー,株式,スタンダード,小売業,100,2001-10-19,
76430,ダイイチ,株式,スタンダード,小売業,100,2013-07-16,
76460,ＰＬＡＮＴ,株式,スタンダード,小売業,100,2012-08-20,
76490,スギホールディングス,株式,プライム,小売業,100,2001-08-07,
76700,オーウエル,株式,スタンダード,卸売業,100,2018-12-13,
76730,ダイコー通産,株式,スタンダード,卸売業,100,2019-03-12,
76740,ＮＡＴＴＹ　ＳＷＡＮＫＹホールディングス,株式,グロース,小売業,100,2019-03-28,
76770,ヤシマキザイ,株式,スタンダード,卸売業,100,2019-06-26,
76780,あさくま,株式,スタンダード,小売業,100,2019-06-27,
76790,薬王堂ホールディングス,株式,プライム,小売業,100,2019-09-02,
76800,軽自動車館,株式,TOKYO PRO Market,小売業,100,2019-09-26,
76810,レオクラン,株式,スタンダード,卸売業,100,2019-10-02,
76820,浜木綿,株式,スタンダード,小売業,100,2019-10-18,
76830,ダブルエー,株式,プライム,小売業,100,2019-11-01,
76850,ＢｕｙＳｅｌｌ　Ｔｅｃｈｎｏｌｏｇｉｅｓ,株式,グロース,卸売業,100,2019-12-18,
76860,ひとまいる,株式,スタンダード,小売業,100,2019-12-23,
76870,ミクリード,株式,グロース,卸売業,100,2020-03-16,
76890,コパ・コーポレーション,株式,グロース,卸売業,100,2020-06-24,
76900,カレント自動車,株式,TOKYO PRO Market,卸売業,100,2020-05-20,
76910,Ｃ　Ｃｈａｎｎｅｌ,株式,TOKYO PRO Market,小売業,100,2020-05-25,
76920,アースインフィニティ,株式,スタンダード,電気・ガス業,100,2020-10-16,
76930,北海道歯科産業,株式,TOKYO PRO Market,卸売業,100,2020-11-16,
76940,いつも,株式,グロース,小売業,100,2020-12-21,
76950,交換できるくん,株式,グロース,小売業,100,2020-12-23,
76980,アイスコ,株式,スタンダード,卸売業,100,2021-04-08,
76990,オムニ・プラス・システム・リミテッド,株式,グロース,卸売業,100,2021-06-29,
77010,島津製作所,株式,プライム,精密機器,100,1949-05-16,
77020,ＪＭＳ,株式,スタンダード,精密機器,100,1989-03-13,
77070,プレシジョン・システム・サイエンス,株式,グロース,精密機器,100,2013-07-16,
77090,クボテック,株式,スタンダード,精密機器,100,2001-02-22,
77110,助川電気工業,株式,スタンダード,精密機器,100,2013-07-16,
77130,シグマ光機,株式,スタンダード,精密機器,100,2013-07-16,
77150,長野計器,株式,プライム,精密機器,100,2005-02-22,
77160,ナカニシ,株式,スタンダード,精密機器,100,2013-07-16,
77170,ブイ・テクノロジー,株式,プライム,精密機器,100,2000-12-08,
77180,スター精密,株式,上場廃止,機械,100,1990-10-16,2026-03-13
77190,東京衡機,株式,スタンダード,精密機器,100,1961-10-02,
77210,東京計器,株式,プライム,精密機器,100,1949-05-16,
77220,国際計測器,株式,スタンダード,精密機器,100,2013-07-16,
77230,愛知時計電機,株式,プライム,精密機器,100,1961-10-02,
77250,インターアクション,株式,プライム,精密機器,100,2001-02-14,
77260,黒田精工,株式,スタンダード,機械,100,1961-10-02,
77270,オーバル,株式,スタンダード,精密機器,100,1961-10-02,
77290,東京精密,株式,プライム,精密機器,100,1962-08-02,
77300,マニー,株式,プライム,精密機器,100,2011-09-05,
77310,ニコン,株式,プライム,精密機器,100,1949-05-16,
77320,トプコン,株式,上場廃止,精密機器,100,1949-05-16,2025-12-02
77330,オリンパス,株式,プライム,精密機器,100,1949-05-16,
77340,理研計器,株式,プライム,精密機器,100,1961-10-02,
77350,ＳＣＲＥＥＮホールディングス,株式,プライム,電気機器,100,1967-10-11,
77390,キヤノン電子,株式,上場廃止,電気機器,100,1981-08-24,2026-04-21
77400,タムロン,株式,プライム,精密機器,100,2006-11-13,
77410,ＨＯＹＡ,株式,プライム,精密機器,100,1961-10-02,
77430,シード,株式,スタンダード,精密機器,100,2013-07-16,
77440,ノーリツ鋼機,株式,プライム,精密機器,100,1997-11-07,
77450,Ａ＆Ｄホロンホールディングス,株式,プライム,精密機器,100,2005-02-25,
77460,岡本硝子,株式,スタンダード,精密機器,100,2013-07-16,
77470,朝日インテック,株式,プライム,精密機器,100,2005-06-17,
77490,メディキット,株式,スタンダード,精密機器,100,2013-07-16,
77510,キヤノン,株式,プライム,電気機器,100,1949-05-16,
77520,リコー,株式,プライム,電気機器,100,1949-05-16,
77600,ＩＭＶ,株式,スタンダード,精密機器,100,2013-07-16,
77620,シチズン時計,株式,プライム,精密機器,100,1949-05-16,
77690,リズム,株式,プライム,精密機器,100,1963-08-20,
77710,日本精密,株式,スタンダード,精密機器,100,2013-07-16,
77740,ジャパン・ティッシュエンジニアリング,株式,グロース,精密機器,100,2013-07-16,
77750,大研医器,株式,スタンダード,精密機器,100,2009-03-12,
77760,セルシード,株式,グロース,精密機器,100,2013-07-16,
77770,スリー・ディー・マトリックス,株式,グロース,精密機器,100,2013-07-16,
77790,ＣＹＢＥＲＤＹＮＥ,株式,グロース,精密機器,100,2014-03-26,
77800,メニコン,株式,プライム,精密機器,100,2015-06-25,
77810,平山ホールディングス,株式,スタンダード,精密機器,100,2015-07-10,
77820,シンシア,株式,スタンダード,精密機器,100,2016-12-16,
77910,ドリームベッド,株式,スタンダード,その他製品,100,2021-06-23,
77920,コラントッテ,株式,グロース,その他製品,100,2021-07-08,
77930,イメージ・マジック,株式,グロース,その他製品,100,2022-03-03,
77940,イーディーピー,株式,グロース,その他製品,100,2022-06-27,
77950,ＫＹＯＲＩＴＳＵ,株式,スタンダード,その他製品,100,2022-10-01,
78000,アミファ,株式,スタンダード,その他製品,100,2019-09-19,
78030,ブシロード,株式,グロース,その他製品,100,2019-07-29,
78040,ビーアンドピー,株式,スタンダード,その他製品,100,2019-07-24,
78050,プリントネット,株式,スタンダード,その他製品,100,2018-10-18,
78060,ＭＴＧ,株式,グロース,その他製品,100,2018-07-10,
78070,幸和製作所,株式,スタンダード,その他製品,100,2017-11-28,
78080,シー・エス・ランバー,株式,スタンダード,その他製品,100,2017-11-15,
78090,壽屋,株式,スタンダード,その他製品,100,2017-09-26,
78100,クロスフォー,株式,スタンダード,その他製品,100,2017-07-20,
78110,中本パックス,株式,スタンダード,その他製品,100,2016-03-03,
78120,クレステック,株式,スタンダード,その他製品,100,2015-07-08,
78130,プラッツ,株式,スタンダード,その他製品,100,2015-03-26,
78140,日本創発グループ,株式,スタンダード,その他製品,100,2015-01-05,
78150,東京ボード工業,株式,スタンダード,その他製品,100,2014-12-25,
78170,パラマウントベッドホールディングス,株式,上場廃止,その他製品,100,2011-10-01,2026-02-05
78180,トランザクション,株式,プライム,その他製品,100,2013-07-16,
78190,粧美堂,株式,スタンダード,その他製品,100,2010-09-03,
78200,ニホンフラッシュ,株式,プライム,その他製品,100,2008-02-13,
78210,前田工繊,株式,プライム,その他製品,100,2007-08-06,
78220,永大産業,株式,スタンダード,その他製品,100,2007-02-28,
78230,アートネイチャー,株式,スタンダード,その他製品,100,2013-07-16,
78260,フルヤ金属,株式,プライム,その他製品,100,2013-07-16,
78270,オービス,株式,スタンダード,その他製品,100,2013-07-16,
78310,ウイルコホールディングス,株式,スタンダード,その他製品,100,2005-10-19,
78320,バンダイナムコホールディングス,株式,プライム,その他製品,100,2005-09-29,
78330,アイフィスジャパン,株式,スタンダード,その他製品,100,2005-09-21,
78360,アビックス,株式,スタンダード,その他製品,100,2013-07-16,
78370,アールシーコア,株式,スタンダード,その他製品,100,2013-07-16,
78390,ＳＨＯＥＩ,株式,プライム,その他製品,100,2007-09-05,
78400,フランスベッドホールディングス,株式,プライム,その他製品,100,2004-03-30,
78410,遠藤製作所,株式,スタンダード,その他製品,100,2013-07-16,
78440,マーベラス,株式,プライム,情報・通信業,100,2005-03-09,
78460,パイロットコーポレーション,株式,プライム,その他製品,100,2002-01-01,
78470,グラファイトデザイン,株式,スタンダード,その他製品,100,2013-07-16,
78490,スターツ出版,株式,スタンダード,情報・通信業,100,2013-07-16,
78500,総合商研,株式,スタンダード,その他製品,100,2013-07-16,
78510,カワセコンピュータサプライ,株式,スタンダード,その他製品,100,2013-07-16,
78560,萩原工業,株式,プライム,その他製品,100,2001-05-10,
78570,セキ,株式,スタンダード,その他製品,100,2013-07-16,
78590,アルメディオ,株式,スタンダード,その他製品,100,2004-08-20,
78600,エイベックス,株式,プライム,情報・通信業,100,1999-12-08,
78630,平賀,株式,スタンダード,その他製品,100,2013-07-16,
78640,フジシールインターナショナル,株式,プライム,その他製品,100,2003-12-25,
78650,ピープル,株式,スタンダード,その他製品,100,2013-07-16,
78670,タカラトミー,株式,プライム,その他製品,100,1999-03-15,
78680,広済堂ホールディングス,株式,プライム,その他製品,100,1997-08-05,
78710,フクビ化学工業,株式,スタンダード,化学,100,2013-07-16,
78720,エステールホールディングス,株式,スタンダード,その他製品,100,2013-07-16,
78740,レック,株式,プライム,化学,100,2001-03-22,
78750,竹田ｉＰホールディングス,株式,スタンダード,その他製品,100,2018-01-26,
78770,永大化工,株式,スタンダード,化学,100,2013-07-16,
78780,光・彩,株式,スタンダード,その他製品,100,2013-07-16,
78790,ノダ,株式,スタンダード,その他製品,100,1995-10-18,
78830,サンメッセ,株式,スタンダード,その他製品,100,2013-07-16,
78850,タカノ,株式,スタンダード,その他製品,100,1997-02-17,
78860,ヤマト　モビリティ　＆　Ｍｆｇ．,株式,スタンダード,化学,100,2013-07-16,
78870,南海プライウッド,株式,スタンダード,その他製品,100,2013-07-16,
78880,三光合成,株式,プライム,化学,100,2013-07-16,
78930,プロネクサス,株式,プライム,その他製品,100,1996-09-05,
78960,セブン工業,株式,スタンダード,その他製品,100,2000-03-24,
78970,ホクシン,株式,スタンダード,その他製品,100,1995-12-25,
78980,ウッドワン,株式,スタンダード,その他製品,100,1979-11-01,
79010,マツモト,株式,スタンダード,その他製品,100,2013-07-16,
79020,ソノコム,株式,スタンダード,その他製品,100,2013-07-16,
79060,ヨネックス,株式,スタンダード,その他製品,100,1994-02-22,
79080,きもと,株式,スタンダード,化学,100,2005-03-16,
79110,ＴＯＰＰＡＮホールディングス,株式,プライム,その他製品,100,1949-05-16,
79120,大日本印刷,株式,プライム,その他製品,100,1949-05-16,
79140,共同印刷,株式,プライム,その他製品,100,1961-10-02,
79150,ＮＩＳＳＨＡ,株式,プライム,その他製品,100,1969-04-01,
79160,光村印刷,株式,スタンダード,その他製品,100,1961-10-02,
79170,ＺＡＣＲＯＳ,株式,プライム,化学,100,2002-12-24,
79180,ヴィア・ホールディングス,株式,スタンダード,小売業,100,2013-07-16,
79190,野崎印刷紙業,株式,スタンダード,その他製品,100,1975-01-09,
79210,ＴＡＫＡＲＡ　＆　ＣＯＭＰＡＮＹ,株式,プライム,その他製品,100,1998-04-08,
79220,三光産業,株式,上場廃止,その他製品,100,2013-07-16,2026-06-25
79230,トーイン,株式,上場廃止,その他製品,100,2013-07-16,2026-03-27
79250,前澤化成工業,株式,上場廃止,化学,100,2000-02-15,2026-05-28
79270,ムトー精工,株式,スタンダード,化学,100,2013-07-16,
79280,旭化学工業,株式,スタンダード,化学,100,2013-07-16,
79310,未来工業,株式,プライム,化学,100,2018-12-13,
79320,ニッピ,株式,スタンダード,その他製品,100,2013-07-16,
79360,アシックス,株式,プライム,その他製品,100,1972-05-29,
79370,ツツミ,株式,スタンダード,その他製品,100,1994-09-21,
79380,リーガルコーポレーション,株式,スタンダード,その他製品,100,2013-07-16,
79390,研創,株式,スタンダード,その他製品,100,2013-07-16,
79400,ウェーブロックホールディングス,株式,上場廃止,化学,100,2017-04-10,2026-07-09
79420,ＪＳＰ,株式,プライム,化学,100,1990-02-21,
79430,ニチハ,株式,プライム,ガラス・土石製品,100,1996-12-06,
79440,ローランド,株式,プライム,その他製品,100,2020-12-16,
79460,光陽社,株式,スタンダード,その他製品,100,2013-07-16,
79470,エフピコ,株式,プライム,化学,100,2000-03-01,
79490,小松ウオール工業,株式,プライム,その他製品,100,1999-03-01,
79510,ヤマハ,株式,プライム,その他製品,100,1949-05-16,
79520,河合楽器製作所,株式,プライム,その他製品,100,1960-11-01,
79530,菊水化学工業,株式,スタンダード,その他製品,100,2014-12-16,
79550,クリナップ,株式,プライム,その他製品,100,1990-02-06,
79560,ピジョン,株式,プライム,その他製品,100,1995-07-07,
79570,フジコピアン,株式,スタンダード,その他製品,100,2013-07-16,
79620,キングジム,株式,プライム,その他製品,100,2001-03-16,
79630,興研,株式,スタンダード,その他製品,100,2013-07-16,
79650,象印マホービン,株式,プライム,電気機器,100,2013-07-16,
79660,リンテック,株式,プライム,その他製品,100,1986-07-24,
79700,信越ポリマー,株式,プライム,化学,100,1983-12-12,
79710,東リ,株式,スタンダード,化学,100,1949-05-16,
79720,イトーキ,株式,プライム,その他製品,100,1962-09-06,
79740,任天堂,株式,プライム,その他製品,100,1983-07-21,
79750,リヒトラブ,株式,スタンダード,その他製品,100,2013-07-16,
79760,三菱鉛筆,株式,プライム,その他製品,100,1962-09-28,
79790,松風,株式,プライム,精密機器,100,2007-02-15,
79800,重松製作所,株式,スタンダード,その他製品,100,2013-07-16,
79810,タカラスタンダード,株式,プライム,その他製品,100,1973-10-06,
79830,ミロク,株式,スタンダード,その他製品,100,2013-07-16,
79840,コクヨ,株式,プライム,その他製品,100,1971-03-01,
79850,ネポン,株式,スタンダード,金属製品,100,1974-06-10,
79860,日本アイ・エス・ケイ,株式,スタンダード,その他製品,100,2013-07-16,
79870,ナカバヤシ,株式,スタンダード,その他製品,100,1981-06-01,
79880,ニフコ,株式,プライム,化学,100,1979-07-02,
79890,立川ブラインド工業,株式,プライム,金属製品,100,1987-10-08,
79900,グローブライド,株式,プライム,その他製品,100,1970-10-01,
79910,マミヤ・オーピー,株式,スタンダード,機械,100,1965-02-12,
79920,セーラー万年筆,株式,スタンダード,その他製品,100,1961-10-02,
79940,オカムラ,株式,プライム,その他製品,100,1961-10-02,
79950,バルカー,株式,プライム,化学,100,1962-09-03,
79970,くろがね工作所,株式,スタンダード,その他製品,100,2013-07-16,
79990,ＭＵＴＯＨホールディングス,株式,上場廃止,電気機器,100,1983-06-07,2026-06-10
80010,伊藤忠商事,株式,プライム,卸売業,100,1950-07-11,
80020,丸紅,株式,プライム,卸売業,100,1950-07-11,
80050,スクロール,株式,プライム,小売業,100,1984-11-20,
80060,ユアサ・フナショク,株式,スタンダード,卸売業,100,1975-12-19,
80070,高島,株式,プライム,卸売業,100,1949-05-16,
80080,ヨンドシーホールディングス,株式,プライム,小売業,100,2000-03-01,
80110,三陽商会,株式,プライム,繊維製品,100,1971-07-01,
80120,長瀬産業,株式,プライム,卸売業,100,1969-10-01,
80130,ナイガイ,株式,スタンダード,繊維製品,100,1949-05-16,
80140,蝶理,株式,プライム,卸売業,100,1961-07-27,
80150,豊田通商,株式,プライム,卸売業,100,1977-01-04,
80160,オンワードホールディングス,株式,プライム,繊維製品,100,1961-10-02,
80180,三共生興,株式,スタンダード,卸売業,100,1963-01-10,
80200,兼松,株式,プライム,卸売業,100,1973-04-02,
80220,美津濃,株式,プライム,その他製品,100,1962-12-01,
80230,ＤＡＩＫＯ　ＸＴＥＣＨ,株式,スタンダード,情報・通信業,100,1990-12-25,
80250,ツカモトコーポレーション,株式,スタンダード,卸売業,100,1963-10-04,
80290,ルックホールディングス,株式,スタンダード,繊維製品,100,1981-09-16,
80300,中央魚類,株式,スタンダード,卸売業,100,1964-09-10,
80310,三井物産,株式,プライム,卸売業,100,1949-05-16,
80320,日本紙パルプ商事,株式,プライム,卸売業,100,1972-10-02,
80350,東京エレクトロン,株式,プライム,電気機器,100,1980-06-02,
80370,カメイ,株式,プライム,卸売業,100,1986-10-30,
80390,築地魚市場,株式,スタンダード,卸売業,100,1963-09-05,
80400,東京ソワール,株式,スタンダード,繊維製品,100,1988-08-22,
80410,ＯＵＧホールディングス,株式,スタンダード,卸売業,100,2013-07-16,
80430,スターゼン,株式,プライム,卸売業,100,1962-11-07,
80450,横浜丸魚,株式,スタンダード,卸売業,100,2013-07-16,
80460,丸藤シートパイル,株式,スタンダード,卸売業,100,1973-11-16,
80500,セイコーグループ,株式,プライム,精密機器,100,1949-05-16,
80510,山善,株式,プライム,卸売業,100,1963-09-25,
80520,椿本興業,株式,プライム,卸売業,100,1963-10-10,
80530,住友商事,株式,プライム,卸売業,100,1949-08-03,
80560,ＢＩＰＲＯＧＹ,株式,プライム,情報・通信業,100,1970-10-01,
80570,内田洋行,株式,プライム,卸売業,100,1964-01-10,
80580,三菱商事,株式,プライム,卸売業,100,1954-06-01,
80590,第一実業,株式,プライム,卸売業,100,1962-08-02,
80600,キヤノンマーケティングジャパン,株式,プライム,卸売業,100,1981-08-24,
80610,西華産業,株式,プライム,卸売業,100,1961-09-01,
80650,佐藤商事,株式,プライム,卸売業,100,1962-05-21,
80660,三谷商事,株式,スタンダード,卸売業,100,2000-02-15,
80700,東京産業,株式,プライム,卸売業,100,1961-10-02,
80740,ＹＵＡＳＡ,株式,プライム,卸売業,100,1961-10-02,
80750,神鋼商事,株式,プライム,卸売業,100,1961-10-02,
80760,カノークス,株式,スタンダード,卸売業,100,2022-11-21,
80770,トルク,株式,スタンダード,卸売業,100,2013-07-16,
80780,阪和興業,株式,プライム,卸売業,100,1970-09-01,
80790,正栄食品工業,株式,プライム,卸売業,100,1986-08-28,
80810,カナデン,株式,プライム,卸売業,100,1963-05-15,
80840,ＲＹＯＤＥＮ,株式,プライム,卸売業,100,1963-04-01,
80850,ナラサキ産業,株式,スタンダード,卸売業,100,1963-04-01,
80860,ニプロ,株式,プライム,精密機器,100,1996-12-25,
80880,岩谷産業,株式,プライム,卸売業,100,1962-12-03,
80890,ナイス,株式,スタンダード,卸売業,100,1962-07-17,
80910,ニチモウ,株式,プライム,卸売業,100,1962-05-01,
80930,極東貿易,株式,プライム,卸売業,100,1987-03-11,
80950,アステナホールディングス,株式,プライム,卸売業,100,1963-07-02,
80970,三愛オブリ,株式,プライム,卸売業,100,1963-01-23,
80980,稲畑産業,株式,プライム,卸売業,100,1962-06-04,
81010,ＧＳＩクレオス,株式,プライム,卸売業,100,1973-02-01,
81030,明和産業,株式,プライム,卸売業,100,1973-04-02,
81040,クワザワホールディングス,株式,スタンダード,卸売業,100,2018-03-20,
81050,Ｂｉｔｃｏｉｎ　Ｊａｐａｎ,株式,スタンダード,卸売業,100,1974-04-13,
81070,キムラタン,株式,スタンダード,繊維製品,100,2013-07-16,
81110,ゴールドウイン,株式,プライム,繊維製品,100,1991-12-18,
81130,ユニ・チャーム,株式,プライム,化学,100,1976-08-02,
81150,ムーンバット,株式,スタンダード,卸売業,100,2013-07-16,
81170,中央自動車工業,株式,スタンダード,卸売業,100,2013-07-16,
81180,キング,株式,スタンダード,繊維製品,100,2013-07-16,
81190,三栄コーポレーション,株式,スタンダード,卸売業,100,2013-07-16,
81230,川辺,株式,スタンダード,卸売業,100,2013-07-16,
81250,ワキタ,株式,プライム,卸売業,100,2013-07-16,
81270,ヤマトインターナショナル,株式,スタンダード,繊維製品,100,2006-11-17,
81290,東邦ホールディングス,株式,プライム,卸売業,100,2002-12-11,
81300,サンゲツ,株式,プライム,卸売業,100,1996-12-06,
81310,ミツウロコグループホールディングス,株式,スタンダード,卸売業,100,1962-08-02,
81320,シナネンホールディングス,株式,プライム,卸売業,100,1963-01-04,
81330,伊藤忠エネクス,株式,プライム,卸売業,100,1978-02-01,
81350,ゼット,株式,スタンダード,卸売業,100,2013-07-16,
81360,サンリオ,株式,プライム,卸売業,100,1982-04-23,
81370,サンワテクノス,株式,プライム,卸売業,100,2003-04-28,
81380,三京化成,株式,スタンダード,卸売業,100,2013-07-16,
81390,ナガホリ,株式,スタンダード,卸売業,100,1988-12-21,
81410,新光商事,株式,プライム,卸売業,100,1983-08-02,
81420,トーホー,株式,プライム,卸売業,100,2000-11-28,
81430,ラピーヌ,株式,スタンダード,繊維製品,100,1990-02-28,
81440,デンキョーグループホールディングス,株式,スタンダード,卸売業,100,2013-07-16,
81470,トミタ,株式,スタンダード,卸売業,100,2013-07-16,
81500,三信電気,株式,プライム,卸売業,100,1985-07-08,
81510,東陽テクニカ,株式,プライム,卸売業,100,1985-07-15,
81520,ソマール,株式,スタンダード,卸売業,100,1988-10-13,
81530,モスフードサービス,株式,プライム,卸売業,100,1988-03-09,
81540,加賀電子,株式,プライム,卸売業,100,1986-12-23,
81570,都築電気,株式,プライム,情報・通信業,100,1986-01-30,
81580,ソーダニッカ,株式,プライム,卸売業,100,1986-02-06,
81590,立花エレテック,株式,プライム,卸売業,100,2004-03-04,
81600,木曽路,株式,プライム,小売業,100,2000-09-19,
81630,ＳＲＳホールディングス,株式,プライム,小売業,100,2013-07-16,
81650,千趣会,株式,スタンダード,小売業,100,1988-07-19,
81660,タカキュー,株式,スタンダード,小売業,100,1986-11-21,
81670,リテールパートナーズ,株式,プライム,小売業,100,2000-03-01,
81730,Ｊｏｓｈｉｎ,株式,プライム,小売業,100,1985-12-18,
81740,日本瓦斯,株式,プライム,小売業,100,1973-02-01,
81790,ロイヤルホールディングス,株式,プライム,小売業,100,1981-08-10,
81810,東天紅,株式,スタンダード,小売業,100,1978-10-02,
81850,チヨダ,株式,プライム,小売業,100,1985-07-12,
81940,ライフコーポレーション,株式,プライム,小売業,100,1983-11-01,
81980,マックスバリュ東海,株式,スタンダード,小売業,100,2004-07-30,
82000,リンガーハット,株式,プライム,小売業,100,1998-07-07,
82020,ラオックスホールディングス,株式,スタンダード,小売業,100,1999-12-16,
82030,ＭｒＭａｘＨＤ,株式,プライム,小売業,100,1994-12-16,
82070,テンアライド,株式,スタンダード,小売業,100,1992-12-17,
82080,エンチョー,株式,上場廃止,小売業,100,2013-07-16,2025-08-28
82090,フレンドリー,株式,上場廃止,小売業,100,2013-07-16,2026-04-27
82140,ＡＯＫＩホールディングス,株式,プライム,小売業,100,1989-05-30,
82170,オークワ,株式,プライム,小売業,100,2001-03-07,
82180,コメリ,株式,プライム,小売業,100,1994-09-01,
82190,青山商事,株式,プライム,小売業,100,1990-12-12,
82250,タカチホ,株式,スタンダード,卸売業,100,2013-07-16,
82260,理経,株式,スタンダード,卸売業,100,1988-12-19,
82270,しまむら,株式,プライム,小売業,100,1988-12-23,
82300,はせがわ,株式,スタンダード,小売業,100,2012-03-29,
82330,高島屋,株式,プライム,小売業,100,1949-05-16,
82370,松屋,株式,プライム,小売業,100,1961-10-02,
82420,エイチ・ツー・オー　リテイリング,株式,プライム,小売業,100,1962-09-21,
82440,近鉄百貨店,株式,スタンダード,小売業,100,2013-07-16,
82470,大和,株式,スタンダード,小売業,100,2000-03-01,
82520,丸井グループ,株式,プライム,小売業,100,1963-04-01,
82530,クレディセゾン,株式,プライム,その他金融業,100,1963-07-02,
82540,さいか屋,株式,スタンダード,小売業,100,1964-08-10,
82550,アクシアル　リテイリング,株式,プライム,小売業,100,2000-03-01,
82600,井筒屋,株式,スタンダード,小売業,100,1972-09-01,
82670,イオン,株式,プライム,小売業,100,1974-09-10,
82730,イズミ,株式,プライム,小売業,100,1987-12-07,
82750,フォーバル,株式,スタンダード,卸売業,100,2013-07-16,
82760,平和堂,株式,プライム,小売業,100,1990-11-26,
82780,フジ,株式,プライム,小売業,100,1997-08-01,
82790,ヤオコー,株式,上場廃止,小売業,100,1993-11-02,2025-09-29
82810,ゼビオホールディングス,株式,プライム,小売業,100,1990-05-11,
82820,ケーズホールディングス,株式,プライム,小売業,100,2001-02-20,
82830,ＰＡＬＴＡＣ,株式,上場廃止,卸売業,100,2010-03-18,2026-08-10
82850,三谷産業,株式,スタンダード,卸売業,100,2014-02-17,
82890,Ｏｌｙｍｐｉｃグループ,株式,上場廃止,小売業,100,1996-12-24,2026-06-29
82910,日産東京販売ホールディングス,株式,スタンダード,小売業,100,1957-10-01,
83040,あおぞら銀行,株式,プライム,銀行業,100,2006-11-14,
83060,三菱ＵＦＪフィナンシャル・グループ,株式,プライム,銀行業,100,2001-04-01,
83080,りそなホールディングス,株式,プライム,銀行業,100,2001-12-11,
83090,三井住友トラストグループ,株式,プライム,銀行業,100,2002-01-31,
83160,三井住友フィナンシャルグループ,株式,プライム,銀行業,100,2002-12-01,
83310,千葉銀行,株式,プライム,銀行業,100,1970-10-01,
83340,群馬銀行,株式,プライム,銀行業,100,1969-04-01,
83360,武蔵野銀行,株式,プライム,銀行業,100,1969-10-01,
83370,千葉興業銀行,株式,プライム,銀行業,100,1972-09-01,
83380,筑波銀行,株式,プライム,銀行業,100,1974-04-13,
83410,七十七銀行,株式,プライム,銀行業,100,1972-10-02,
83430,秋田銀行,株式,プライム,銀行業,100,1973-04-02,
83440,山形銀行,株式,プライム,銀行業,100,1973-10-15,
83450,岩手銀行,株式,プライム,銀行業,100,1973-04-02,
83460,東邦銀行,株式,プライム,銀行業,100,1973-04-02,
83490,東北銀行,株式,スタンダード,銀行業,100,1997-03-14,
83540,ふくおかフィナンシャルグループ,株式,プライム,銀行業,100,2007-04-02,
83580,スルガ銀行,株式,プライム,銀行業,100,1963-11-15,
83590,八十二長野銀行,株式,プライム,銀行業,100,1971-10-01,
83600,山梨中央銀行,株式,プライム,銀行業,100,1972-10-02,
83610,大垣共立銀行,株式,プライム,銀行業,100,1973-10-11,
83620,福井銀行,株式,プライム,銀行業,100,1972-10-02,
83640,清水銀行,株式,プライム,銀行業,100,1983-10-26,
83650,富山銀行,株式,スタンダード,銀行業,100,2014-10-02,
83660,滋賀銀行,株式,プライム,銀行業,100,1987-10-01,
83670,南都銀行,株式,プライム,銀行業,100,1987-12-01,
83680,百五銀行,株式,プライム,銀行業,100,1973-04-02,
83700,紀陽銀行,株式,プライム,銀行業,100,2013-10-01,
83770,ほくほくフィナンシャルグループ,株式,プライム,銀行業,100,2003-09-26,
83810,山陰合同銀行,株式,プライム,銀行業,100,1985-10-01,
83830,鳥取銀行,株式,スタンダード,銀行業,100,2000-03-01,
83860,百十四銀行,株式,プライム,銀行業,100,1972-10-02,
83870,四国銀行,株式,プライム,銀行業,100,1973-04-02,
83880,阿波銀行,株式,プライム,銀行業,100,1973-04-02,
83920,大分銀行,株式,プライム,銀行業,100,1973-04-02,
83930,宮崎銀行,株式,プライム,銀行業,100,1986-10-01,
83950,佐賀銀行,株式,プライム,銀行業,100,1985-10-01,
83990,琉球銀行,株式,プライム,銀行業,100,1983-10-11,
84100,セブン銀行,株式,プライム,銀行業,100,2011-12-26,
84110,みずほフィナンシャルグループ,株式,プライム,銀行業,100,2003-03-12,
84160,高知銀行,株式,スタンダード,銀行業,100,2006-03-01,
84180,山口フィナンシャルグループ,株式,プライム,銀行業,100,2006-10-02,
84210,信金中央金庫,優先出資証券,その他,nan,1,2000-12-22,
84240,芙蓉総合リース,株式,プライム,その他金融業,100,2004-12-07,
84250,みずほリース,株式,プライム,その他金融業,100,2004-10-07,
84390,東京センチュリー,株式,プライム,その他金融業,100,2003-09-18,
84730,ＳＢＩホールディングス,株式,プライム,証券、商品先物取引業,100,2002-02-15,
85080,Ｊトラスト,株式,スタンダード,その他金融業,100,2013-07-16,
85110,日本証券金融,株式,プライム,その他金融業,100,1950-04-24,
85150,アイフル,株式,上場廃止,その他金融業,100,1998-10-01,2026-03-30
85180,日本アジア投資,株式,スタンダード,証券、商品先物取引業,100,2008-06-16,
85220,名古屋銀行,株式,プライム,銀行業,100,1988-11-16,
85240,北洋銀行,株式,プライム,銀行業,100,2012-10-01,
85370,大光銀行,株式,スタンダード,銀行業,100,2008-02-25,
85410,愛媛銀行,株式,プライム,銀行業,100,1985-12-02,
85420,トマト銀行,株式,スタンダード,銀行業,100,2000-03-01,
85440,京葉銀行,株式,プライム,銀行業,100,1973-04-02,
85500,栃木銀行,株式,プライム,銀行業,100,1982-10-01,
85510,北日本銀行,株式,プライム,銀行業,100,1982-12-15,
85580,東和銀行,株式,プライム,銀行業,100,1990-02-01,
85620,福島銀行,株式,スタンダード,銀行業,100,1992-10-22,
85630,大東銀行,株式,スタンダード,銀行業,100,1992-12-10,
85660,リコーリース,株式,プライム,その他金融業,100,1996-01-30,
85700,イオンフィナンシャルサービス,株式,プライム,その他金融業,100,1996-12-02,
85720,アコム,株式,スタンダード,その他金融業,100,1994-12-15,
85840,ジャックス,株式,プライム,その他金融業,100,1976-11-04,
85850,オリエントコーポレーション,株式,プライム,その他金融業,100,1977-10-01,
85910,オリックス,株式,プライム,その他金融業,100,1971-04-10,
85930,三菱ＨＣキャピタル,株式,プライム,その他金融業,100,1985-03-18,
85950,ジャフコ　グループ,株式,プライム,証券、商品先物取引業,100,2001-01-29,
85960,九州リースサービス,株式,スタンダード,その他金融業,100,2016-11-25,
86000,トモニホールディングス,株式,プライム,銀行業,100,2010-04-01,
86010,大和証券グループ本社,株式,プライム,証券、商品先物取引業,100,1961-10-02,
86040,野村ホールディングス,株式,プライム,証券、商品先物取引業,100,1961-10-02,
86090,岡三証券グループ,株式,プライム,証券、商品先物取引業,100,1973-06-01,
86130,丸三証券,株式,プライム,証券、商品先物取引業,100,1986-05-01,
86140,東洋証券,株式,プライム,証券、商品先物取引業,100,1986-06-03,
86160,東海東京フィナンシャル・ホールディングス,株式,プライム,証券、商品先物取引業,100,1987-06-01,
86170,光世証券,株式,スタンダード,証券、商品先物取引業,100,1991-02-25,
86220,水戸証券,株式,プライム,証券、商品先物取引業,100,1989-04-21,
86240,いちよし証券,株式,プライム,証券、商品先物取引業,100,1989-04-27,
86280,松井証券,株式,プライム,証券、商品先物取引業,100,2001-08-01,
86300,ＳＯＭＰＯホールディングス,株式,プライム,保険業,100,2010-04-01,
86970,日本取引所グループ,株式,プライム,その他金融業,100,2013-01-04,
86980,マネックスグループ,株式,プライム,証券、商品先物取引業,100,2004-08-02,
86990,ＨＳホールディングス,株式,スタンダード,証券、商品先物取引業,100,2013-07-16,
87000,丸八証券,株式,スタンダード,証券、商品先物取引業,100,2013-07-16,
87040,トレイダーズホールディングス,株式,スタンダード,証券、商品先物取引業,100,2013-07-16,
87050,日産証券グループ,株式,スタンダード,証券、商品先物取引業,100,2013-07-16,
87060,極東証券,株式,プライム,証券、商品先物取引業,100,2005-04-20,
87070,岩井コスモホールディングス,株式,プライム,証券、商品先物取引業,100,2006-02-08,
87080,アイザワ証券グループ,株式,プライム,証券、商品先物取引業,100,2013-07-16,
87130,フィデアホールディングス,株式,プライム,銀行業,100,2009-10-01,
87140,池田泉州ホールディングス,株式,プライム,銀行業,100,2009-10-01,
87150,アニコム　ホールディングス,株式,プライム,保険業,100,2010-03-03,
87250,ＭＳ＆ＡＤインシュアランスグループホールディングス,株式,プライム,保険業,100,2008-04-01,
87370,あかつき本社,株式,スタンダード,証券、商品先物取引業,100,2013-07-16,
87390,スパークス・グループ,株式,プライム,証券、商品先物取引業,100,2013-07-16,
87420,小林洋行,株式,スタンダード,証券、商品先物取引業,100,2000-03-15,
87460,ｕｎｂａｎｋｅｄ,株式,スタンダード,証券、商品先物取引業,100,2013-07-16,
87470,豊トラスティ証券,株式,スタンダード,証券、商品先物取引業,100,2013-07-16,
87500,第一ライフグループ,株式,プライム,保険業,100,2010-04-01,
87660,東京海上ホールディングス,株式,プライム,保険業,100,2002-04-01,
87690,アドバンテッジリスクマネジメント,株式,スタンダード,サービス業,100,2013-07-16,
87710,イー・ギャランティ,株式,プライム,その他金融業,100,2011-12-16,
87720,アサックス,株式,スタンダード,その他金融業,100,2007-02-14,
87830,ａｂｃ,株式,スタンダード,その他金融業,100,2013-07-16,
87890,フィンテック　グローバル,株式,スタンダード,その他金融業,100,2005-06-08,
87930,ＮＥＣキャピタルソリューション,株式,プライム,その他金融業,100,2005-02-10,
87950,Ｔ＆Ｄホールディングス,株式,プライム,保険業,100,2004-04-01,
87980,アドバンスクリエイト,株式,プライム,保険業,100,2013-07-16,
88010,三井不動産,株式,プライム,不動産業,100,1949-05-30,
88020,三菱地所,株式,プライム,不動産業,100,1953-05-11,
88030,平和不動産,株式,プライム,不動産業,100,1949-05-16,
88040,東京建物,株式,プライム,不動産業,100,1949-05-16,
88180,京阪神ビルディング,株式,プライム,不動産業,100,2003-03-24,
88300,住友不動産,株式,プライム,不動産業,100,1970-10-01,
88350,太平洋興発,株式,スタンダード,卸売業,100,1949-05-16,
88360,ＲＩＳＥ,株式,スタンダード,不動産業,100,2013-07-16,
88410,テーオーシー,株式,スタンダード,不動産業,100,1983-12-19,
88440,コスモスイニシア,株式,スタンダード,不動産業,100,2013-07-16,
88480,レオパレス２１,株式,プライム,不動産業,100,2004-03-25,
88500,スターツコーポレーション,株式,プライム,不動産業,100,2013-07-16,
88600,フジ住宅,株式,プライム,不動産業,100,2003-12-12,
88640,空港施設,株式,スタンダード,不動産業,100,1995-12-21,
88690,明和地所,株式,スタンダード,不動産業,100,1996-09-18,
88710,ゴールドクレスト,株式,スタンダード,不動産業,100,1999-07-23,
88760,リログループ,株式,プライム,サービス業,100,2010-06-14,
88770,エスリード,株式,プライム,不動産業,100,2001-11-16,
88810,日神グループホールディングス,株式,プライム,不動産業,100,2000-06-27,
88870,シーラホールディングス,株式,スタンダード,不動産業,100,2013-07-16,
88910,ＡＭＧホールディングス,株式,スタンダード,不動産業,100,2002-12-10,
88920,エスコン,株式,プライム,不動産業,100,2013-07-16,
88940,ＲＥＶＯＬＵＴＩＯＮ,株式,スタンダード,不動産業,100,2013-07-16,
88970,ＭＩＲＡＲＴＨホールディングス,株式,プライム,不動産業,100,2003-04-04,
88980,センチュリー２１・ジャパン,株式,スタンダード,不動産業,100,2013-07-16,
89040,ＡＶＡＮＴＩＡ,株式,スタンダード,不動産業,100,2002-07-23,
89080,毎日コムネット,株式,スタンダード,不動産業,100,2013-07-16,
89120,エリアクエスト,株式,スタンダード,不動産業,100,2003-02-06,
89140,エリアリンク,株式,スタンダード,不動産業,100,2003-08-08,
89170,ファースト住建,株式,スタンダード,不動産業,100,2013-07-16,
89180,ランド,株式,スタンダード,不動産業,100,2007-02-14,
89190,カチタス,株式,プライム,不動産業,100,2017-12-12,
89200,東祥,株式,スタンダード,サービス業,100,2013-03-15,
89210,シーズクリエイト,株式,TOKYO PRO Market,不動産業,100,2021-02-16,
89230,トーセイ,株式,プライム,不動産業,100,2006-11-22,
89270,明豊エンタープライズ,株式,スタンダード,不動産業,100,2013-07-16,
89280,穴吹興産,株式,スタンダード,不動産業,100,2013-07-16,
89290,青山財産ネットワークス,株式,スタンダード,不動産業,100,2004-07-15,
89310,和田興産,株式,スタンダード,不動産業,100,2013-07-16,
89340,サンフロンティア不動産,株式,プライム,不動産業,100,2007-02-26,
89350,ＦＪネクストホールディングス,株式,プライム,不動産業,100,2007-03-09,
89380,グローム・ホールディングス,株式,グロース,不動産業,100,2013-07-16,
89400,インテリックス,株式,上場廃止,不動産業,100,2007-05-24,2025-11-27
89440,ランドビジネス,株式,スタンダード,不動産業,100,2006-09-13,
89450,サンネクスタグループ,株式,スタンダード,不動産業,100,2005-09-02,
89460,ＡＳＩＡＮ　ＳＴＡＲ,株式,スタンダード,不動産業,100,2013-07-16,
89510,日本ビルファンド投資法人,REIT,その他,nan,1,2001-09-10,
89520,ジャパンリアルエステイト投資法人,REIT,その他,nan,1,2001-09-10,
89530,日本都市ファンド投資法人,REIT,その他,nan,1,2002-03-12,
89540,オリックス不動産投資法人,REIT,その他,nan,1,2002-06-12,
89550,日本プライムリアルティ投資法人,REIT,その他,nan,1,2002-06-14,
89560,ＮＴＴ都市開発リート投資法人,REIT,その他,nan,1,2002-09-10,
89570,東急リアル・エステート投資法人,REIT,その他,nan,1,2003-09-10,
89580,グローバル・ワン不動産投資法人,REIT,その他,nan,1,2003-09-25,
89600,ユナイテッド・アーバン投資法人,REIT,その他,nan,1,2003-12-22,
89610,森トラストリート投資法人,REIT,その他,nan,1,2004-02-13,
89630,インヴィンシブル投資法人,REIT,その他,nan,1,2006-08-01,
89640,三井不動産商業ファンド投資法人,REIT,その他,nan,1,2004-08-09,
89660,平和不動産リート投資法人,REIT,その他,nan,1,2005-03-08,
89670,日本ロジスティクスファンド投資法人,REIT,その他,nan,1,2005-05-09,
89680,福岡リート投資法人,REIT,その他,nan,1,2005-06-21,
89720,ＫＤＸ不動産投資法人,REIT,その他,nan,1,2005-07-21,
89750,いちごオフィスリート投資法人,REIT,その他,nan,1,2005-10-12,
89760,大和証券オフィス投資法人,REIT,その他,nan,1,2005-10-19,
89770,阪急阪神リート投資法人,REIT,その他,nan,1,2005-10-26,
89790,スターツプロシード投資法人,REIT,その他,nan,1,2010-07-27,
89840,大和ハウスリート投資法人,REIT,その他,nan,1,2006-03-22,
89850,ジャパン・ホテル・リート投資法人,REIT,その他,nan,1,2006-06-14,
89860,大和証券リビング投資法人,REIT,その他,nan,1,2006-06-22,
89870,ジャパンエクセレント投資法人,REIT,その他,nan,1,2006-06-27,
89950,誠建設工業,株式,スタンダード,不動産業,100,2013-07-16,
89960,ハウスフリーダム,株式,スタンダード,不動産業,100,2022-12-23,
89990,グランディハウス,株式,プライム,不動産業,100,2005-12-06,
90010,東武鉄道,株式,プライム,陸運業,100,1949-05-16,
90030,相鉄ホールディングス,株式,プライム,陸運業,100,1949-05-16,
90050,東急,株式,プライム,陸運業,100,1949-05-16,
90060,京浜急行電鉄,株式,プライム,陸運業,100,1949-05-16,
90070,小田急電鉄,株式,プライム,陸運業,100,1949-05-16,
90080,京王電鉄,株式,プライム,陸運業,100,1949-05-16,
90090,京成電鉄,株式,プライム,陸運業,100,1949-05-16,
90100,富士急行,株式,プライム,陸運業,100,1950-09-25,
90120,秩父鉄道,株式,スタンダード,陸運業,100,2013-07-16,
90170,新潟交通,株式,スタンダード,陸運業,100,2000-03-01,
90200,東日本旅客鉄道,株式,プライム,陸運業,100,1993-10-26,
90210,西日本旅客鉄道,株式,プライム,陸運業,100,1996-10-08,
90220,東海旅客鉄道,株式,プライム,陸運業,100,1997-10-08,
90240,西武ホールディングス,株式,プライム,陸運業,100,2014-04-23,
90250,鴻池運輸,株式,プライム,陸運業,100,2013-03-15,
90280,ゼロ,株式,スタンダード,陸運業,100,2005-08-02,
90290,ヒガシホールディングス,株式,スタンダード,陸運業,100,2011-09-15,
90310,西日本鉄道,株式,プライム,陸運業,100,1949-05-16,
90330,広島電鉄,株式,スタンダード,陸運業,100,2000-03-01,
90340,南総通運,株式,スタンダード,陸運業,100,2013-07-16,
90360,東部ネットワーク,株式,スタンダード,陸運業,100,2013-07-16,
90370,ハマキョウレックス,株式,プライム,陸運業,100,2001-02-21,
90390,サカイ引越センター,株式,プライム,陸運業,100,2006-03-16,
90410,近鉄グループホールディングス,株式,プライム,陸運業,100,1949-05-16,
90420,阪急阪神ホールディングス,株式,プライム,陸運業,100,1949-05-16,
90440,ＮＡＮＫＡＩ,株式,プライム,陸運業,100,2008-03-21,
90450,京阪ホールディングス,株式,プライム,陸運業,100,2006-03-22,
90460,神戸電鉄,株式,スタンダード,陸運業,100,2013-07-16,
90480,名古屋鉄道,株式,プライム,陸運業,100,1954-12-16,
90490,京福電気鉄道,株式,スタンダード,陸運業,100,2013-07-16,
90510,センコン物流,株式,スタンダード,陸運業,100,2013-07-16,
90520,山陽電気鉄道,株式,プライム,陸運業,100,2013-07-16,
90570,遠州トラック,株式,スタンダード,陸運業,100,2013-07-16,
90590,カンダホールディングス,株式,スタンダード,陸運業,100,2004-03-24,
90600,日本ロジテム,株式,スタンダード,陸運業,100,2013-07-16,
90630,岡山県貨物運送,株式,スタンダード,陸運業,100,2000-03-01,
90640,ヤマトホールディングス,株式,プライム,陸運業,100,1949-05-16,
90650,山九,株式,プライム,陸運業,100,1962-03-01,
90660,日新,株式,上場廃止,倉庫・運輸関連業,100,1950-05-01,2025-10-15
90670,丸運,株式,上場廃止,陸運業,100,1961-10-02,2026-06-04
90680,丸全昭和運輸,株式,プライム,陸運業,100,1961-10-02,
90690,センコーグループホールディングス,株式,プライム,陸運業,100,1990-02-21,
90720,ニッコンホールディングス,株式,プライム,陸運業,100,1970-08-01,
90730,京極運輸商事,株式,スタンダード,陸運業,100,2013-07-16,
90740,日本石油輸送,株式,スタンダード,陸運業,100,1967-04-12,
90750,福山通運,株式,プライム,陸運業,100,1970-11-02,
90760,セイノーホールディングス,株式,プライム,陸運業,100,1972-11-01,
90810,神奈川中央交通,株式,プライム,陸運業,100,1949-05-16,
90820,大和自動車交通,株式,スタンダード,陸運業,100,1949-05-16,
90830,神姫バス,株式,スタンダード,陸運業,100,2013-07-16,
90870,タカセ,株式,スタンダード,陸運業,100,2013-07-16,
90900,ＡＺ－ＣＯＭ丸和ホールディングス,株式,プライム,陸運業,100,2014-04-08,
91010,日本郵船,株式,プライム,海運業,100,1949-05-16,
91040,商船三井,株式,プライム,海運業,100,1949-07-09,
91070,川崎汽船,株式,プライム,海運業,100,1950-01-04,
91100,ＮＳユナイテッド海運,株式,プライム,海運業,100,1951-01-23,
91150,明海グループ,株式,スタンダード,海運業,100,1949-07-26,
91190,飯野海運,株式,プライム,海運業,100,1949-05-16,
91270,玉井商船,株式,スタンダード,海運業,100,2013-07-16,
91300,共栄タンカー,株式,スタンダード,海運業,100,1961-10-02,
91420,九州旅客鉄道,株式,プライム,陸運業,100,2016-10-25,
91430,ＳＧホールディングス,株式,プライム,陸運業,100,2017-12-13,
91450,ビーイングホールディングス,株式,スタンダード,陸運業,100,2020-12-15,
91460,五健堂ホールディングス,株式,TOKYO PRO Market,陸運業,100,2021-10-08,
91470,ＮＩＰＰＯＮ　ＥＸＰＲＥＳＳホールディングス,株式,プライム,陸運業,100,2022-01-04,
91490,大友ロジスティクスサービス,株式,TOKYO PRO Market,陸運業,100,2023-01-26,
91560,はなホールディングス,株式,TOKYO PRO Market,サービス業,100,2023-04-11,
91580,シーユーシー,株式,グロース,サービス業,100,2023-06-21,
91590,Ｗ　ＴＯＫＹＯ,株式,グロース,サービス業,100,2023-06-29,
91600,オンザページ,株式,スタンダード,サービス業,100,2023-06-30,
91620,ブリーチ,株式,グロース,サービス業,100,2023-07-05,
91630,ナレルグループ,株式,グロース,サービス業,100,2023-07-21,
91640,トライト,株式,上場廃止,サービス業,100,2023-07-24,2025-09-24
91650,クオルテック,株式,グロース,サービス業,100,2023-07-28,
91660,ＧＥＮＤＡ,株式,グロース,サービス業,100,2023-07-28,
91670,フトン巻きのジロー,株式,上場廃止,サービス業,100,2023-08-10,2025-12-25
91680,ライズ・コンサルティング・グループ,株式,グロース,サービス業,100,2023-09-12,
91690,大伸社,株式,TOKYO PRO Market,サービス業,100,2023-09-13,
91710,栗林商船,株式,スタンダード,海運業,100,1950-04-24,
91730,東海汽船,株式,スタンダード,海運業,100,1949-05-16,
91930,東京汽船,株式,スタンダード,倉庫・運輸関連業,100,1962-09-21,
92010,日本航空,株式,プライム,空運業,100,2012-09-19,
92020,ＡＮＡホールディングス,株式,プライム,空運業,100,1975-07-21,
92040,スカイマーク,株式,グロース,空運業,100,2022-12-14,
92060,スターフライヤー,株式,スタンダード,空運業,100,2011-12-21,
92110,エフ・コード,株式,グロース,サービス業,100,2021-12-24,
92120,Ｇｒｅｅｎ　Ｅａｒｔｈ　Ｉｎｓｔｉｔｕｔｅ,株式,グロース,サービス業,100,2021-12-24,
92130,セイファート,株式,スタンダード,サービス業,100,2022-02-04,
92140,Ｒｅｃｏｖｅｒｙ　Ｉｎｔｅｒｎａｔｉｏｎａｌ,株式,グロース,サービス業,100,2022-02-03,
92150,ＣａＳｙ,株式,グロース,サービス業,100,2022-02-22,
92160,ビーウィズ,株式,プライム,サービス業,100,2022-03-02,
92180,メンタルヘルステクノロジーズ,株式,グロース,サービス業,100,2022-03-28,
92190,ギックス,株式,グロース,サービス業,100,2022-03-30,
92200,エフビー介護サービス,株式,スタンダード,サービス業,100,2022-04-07,
92210,フルハシＥＰＯ,株式,スタンダード,サービス業,100,2022-04-21,
92220,ｍａｎａｂｙ,株式,TOKYO PRO Market,サービス業,100,2022-04-21,
92230,ＡＳＮＯＶＡ,株式,グロース,サービス業,100,2023-12-25,
92240,環境のミカタ,株式,上場廃止,サービス業,100,2022-05-30,2025-09-29
92250,ブリッジコンサルティンググループ,株式,グロース,サービス業,100,2023-06-26,
92260,アイガー,株式,TOKYO PRO Market,サービス業,100,2022-06-22,
92270,マイクロ波化学,株式,グロース,サービス業,100,2022-06-24,
92290,サンウェルズ,株式,プライム,サービス業,100,2022-06-27,
92330,アジア航測,株式,スタンダード,空運業,100,1964-02-17,
92350,売れるネット広告社グループ,株式,グロース,サービス業,100,2023-10-23,
92360,ジャパンＭ＆Ａソリューション,株式,グロース,サービス業,100,2023-10-24,
92370,笑美面,株式,グロース,サービス業,100,2023-10-26,
92380,バリュークリエーション,株式,グロース,サービス業,100,2023-11-22,
92390,ケーイーティ,株式,TOKYO PRO Market,サービス業,100,2023-11-22,
92400,デリバリーコンサルティング,株式,グロース,サービス業,100,2021-07-29,
92410,フューチャーリンクネットワーク,株式,グロース,サービス業,100,2021-08-20,
92420,メディア総研,株式,グロース,サービス業,100,2021-09-02,
92430,富士テクノホールディングス,株式,TOKYO PRO Market,サービス業,100,2021-10-01,
92440,デジタリフト,株式,グロース,サービス業,100,2021-09-28,
92450,リベロ,株式,グロース,サービス業,100,2021-09-28,
92460,プロジェクトホールディングス,株式,グロース,サービス業,100,2021-09-29,
92470,ＴＲＥホールディングス,株式,プライム,サービス業,100,2021-10-01,
92480,人・夢・技術グループ,株式,スタンダード,サービス業,100,2021-10-01,
92490,日本エコシステム,株式,スタンダード,サービス業,100,2021-10-08,
92500,ＧＲＣＳ,株式,グロース,サービス業,100,2021-11-18,
92510,ＡＢ＆Ｃｏｍｐａｎｙ,株式,グロース,サービス業,100,2021-11-19,
92520,ラストワンマイル,株式,グロース,サービス業,100,2021-11-24,
92530,スローガン,株式,グロース,サービス業,100,2021-11-25,
92540,ラバブルマーケティンググループ,株式,グロース,サービス業,100,2021-12-21,
92560,サクシード,株式,グロース,サービス業,100,2021-12-22,
92570,ＹＣＰホールディングス（グローバル）リミテッド,株式,グロース,サービス業,100,2021-12-21,
92580,ＣＳ－Ｃ,株式,グロース,サービス業,100,2021-12-24,
92590,タカヨシホールディングス,株式,グロース,サービス業,100,2021-12-24,
92620,シルバーライフ,株式,スタンダード,小売業,100,2017-10-25,
92640,ポエック,株式,スタンダード,卸売業,100,2017-11-28,
92650,ヤマシタヘルスケアホールディングス,株式,スタンダード,卸売業,100,2017-12-01,
92670,Ｇｅｎｋｙ　ＤｒｕｇＳｔｏｒｅｓ,株式,プライム,小売業,100,2017-12-21,
92680,オプティマスグループ,株式,スタンダード,卸売業,100,2017-12-26,
92700,バリュエンスホールディングス,株式,グロース,卸売業,100,2018-03-22,
92710,和心,株式,グロース,小売業,100,2018-03-29,
92720,ブティックス,株式,グロース,サービス業,100,2018-04-03,
92730,コーア商事ホールディングス,株式,プライム,卸売業,100,2018-06-21,
92740,ＫＰＰグループホールディングス,株式,プライム,卸売業,100,2018-06-26,
92750,ナルミヤ・インターナショナル,株式,上場廃止,小売業,100,2018-09-06,2025-09-29
92780,ブックオフグループホールディングス,株式,プライム,小売業,100,2018-10-01,
92790,ギフトホールディングス,株式,プライム,小売業,100,2018-10-19,
92820,いちごグリーンインフラ投資法人,インフラファンド,その他,nan,1,2016-12-01,
92840,カナディアン・ソーラー・インフラ投資法人,インフラファンド,その他,nan,1,2017-10-30,
92850,東京インフラ・エネルギー投資法人,インフラファンド,その他,nan,1,2018-09-27,
92860,エネクス・インフラ投資法人,インフラファンド,その他,nan,1,2019-02-13,
92870,ジャパン・インフラファンド投資法人,インフラファンド,上場廃止,nan,1,2020-02-20,2026-04-20
93010,三菱倉庫,株式,プライム,倉庫・運輸関連業,100,1949-05-16,
93020,三井倉庫ホールディングス,株式,プライム,倉庫・運輸関連業,100,1950-04-21,
93030,住友倉庫,株式,プライム,倉庫・運輸関連業,100,1950-10-02,
93040,澁澤倉庫,株式,プライム,倉庫・運輸関連業,100,1950-12-18,
93050,ヤマタネ,株式,プライム,卸売業,100,1950-10-20,
93060,東陽倉庫,株式,スタンダード,倉庫・運輸関連業,100,2000-02-15,
93070,杉村倉庫,株式,スタンダード,倉庫・運輸関連業,100,2013-07-16,
93080,乾汽船,株式,スタンダード,海運業,100,1961-10-02,
93100,日本トランスシティ,株式,プライム,倉庫・運輸関連業,100,1961-10-02,
93110,アサガミ,株式,スタンダード,倉庫・運輸関連業,100,1961-10-02,
93120,ケイヒン,株式,スタンダード,倉庫・運輸関連業,100,1962-09-15,
93130,丸八倉庫,株式,スタンダード,倉庫・運輸関連業,100,1963-01-17,
93190,中央倉庫,株式,プライム,倉庫・運輸関連業,100,2013-07-16,
93220,川西倉庫,株式,スタンダード,倉庫・運輸関連業,100,2013-07-16,
93240,安田倉庫,株式,プライム,倉庫・運輸関連業,100,1999-06-09,
93250,ファイズホールディングス,株式,スタンダード,倉庫・運輸関連業,100,2017-03-15,
93260,関通ホールディングス,株式,グロース,倉庫・運輸関連業,100,2020-03-19,
93270,イー・ロジット,株式,スタンダード,倉庫・運輸関連業,100,2021-03-26,
93300,揚羽,株式,グロース,サービス業,100,2023-09-21,
93310,キャスター,株式,グロース,サービス業,100,2023-10-04,
93320,ＮＩＳＳＯホールディングス,株式,プライム,サービス業,100,2023-10-02,
93340,アイビスホールディングス,株式,TOKYO PRO Market,サービス業,100,2023-10-20,
93350,テクノクリエイティブ,株式,TOKYO PRO Market,サービス業,100,2022-11-18,
93360,大栄環境,株式,プライム,サービス業,100,2022-12-14,
93370,トリドリ,株式,グロース,サービス業,100,2022-12-19,
93380,ＩＮＦＯＲＩＣＨ,株式,上場廃止,サービス業,100,2022-12-20,2026-06-16
93390,コーチ・エィ,株式,スタンダード,サービス業,100,2022-12-22,
93400,アソインターナショナル,株式,スタンダード,サービス業,100,2022-12-23,
93410,ＧＥＮＯＶＡ,株式,プライム,サービス業,100,2022-12-23,
93420,スマサポ,株式,グロース,サービス業,100,2022-12-29,
93430,アイビス,株式,グロース,サービス業,100,2023-03-23,
93440,アクシスコンサルティング,株式,グロース,サービス業,100,2023-03-28,
93450,ビズメイツ,株式,グロース,サービス業,100,2023-03-30,
93460,ココルポート,株式,グロース,サービス業,100,2023-03-31,
93470,日本管財ホールディングス,株式,プライム,サービス業,100,2023-04-03,
93480,ｉｓｐａｃｅ,株式,グロース,サービス業,100,2023-04-12,
93510,東洋埠頭,株式,スタンダード,倉庫・運輸関連業,100,1949-05-16,
93530,櫻島埠頭,株式,スタンダード,倉庫・運輸関連業,100,2013-07-16,
93550,リンコーコーポレーション,株式,スタンダード,倉庫・運輸関連業,100,1961-10-02,
93600,鈴与シンワート,株式,スタンダード,情報・通信業,100,1963-06-10,
93610,伏木海陸運送,株式,スタンダード,倉庫・運輸関連業,100,1963-07-17,
93620,兵機海運,株式,スタンダード,倉庫・運輸関連業,100,2013-07-16,
93630,大運,株式,スタンダード,倉庫・運輸関連業,100,2013-07-16,
93640,上組,株式,プライム,倉庫・運輸関連業,100,1971-03-29,
93650,トレーディア,株式,スタンダード,倉庫・運輸関連業,100,2013-07-16,
93660,サンリツ,株式,スタンダード,倉庫・運輸関連業,100,1999-03-25,
93670,大東港運,株式,スタンダード,倉庫・運輸関連業,100,2013-07-16,
93680,キムラユニティー,株式,スタンダード,倉庫・運輸関連業,100,2001-10-19,
93690,キユーソー流通システム,株式,スタンダード,倉庫・運輸関連業,100,1995-09-28,
93760,ユーラシア旅行社,株式,スタンダード,サービス業,100,2013-07-16,
93770,エージーピー,株式,上場廃止,倉庫・運輸関連業,100,2013-07-16,2025-09-29
93800,東海運,株式,スタンダード,倉庫・運輸関連業,100,2006-03-01,
93810,エーアイテイー,株式,プライム,倉庫・運輸関連業,100,2007-03-15,
93850,ショーエイコーポレーション,株式,スタンダード,化学,100,2013-07-16,
93860,日本コンセプト,株式,上場廃止,倉庫・運輸関連業,100,2013-07-16,2025-11-04
93990,ビート・ホールディングス・リミテッド,株式,スタンダード,情報・通信業,1,2004-10-28,
94010,ＴＢＳホールディングス,株式,プライム,情報・通信業,100,1960-10-10,
94040,日本テレビホールディングス,株式,プライム,情報・通信業,100,1959-09-15,
94050,朝日放送グループホールディングス,株式,プライム,情報・通信業,100,2013-07-16,
94080,ＢＳＮメディアホールディングス,株式,スタンダード,情報・通信業,100,2013-07-16,
94090,テレビ朝日ホールディングス,株式,プライム,情報・通信業,100,2000-10-03,
94120,スカパーＪＳＡＴ,株式,プライム,情報・通信業,100,2007-04-02,
94130,テレビ東京ホールディングス,株式,プライム,情報・通信業,100,2010-10-01,
94140,日本ＢＳ放送,株式,スタンダード,情報・通信業,100,2014-03-12,
94160,ビジョン,株式,プライム,情報・通信業,100,2015-12-21,
94170,スマートバリュー,株式,スタンダード,情報・通信業,100,2015-06-16,
94180,Ｕ－ＮＥＸＴ　ＨＯＬＤＩＮＧＳ,株式,プライム,情報・通信業,100,2014-12-16,
94190,ワイヤレスゲート,株式,スタンダード,情報・通信業,100,2012-07-19,
94210,エヌジェイホールディングス,株式,スタンダード,情報・通信業,100,2013-07-16,
94230,フォーバル・リアルストレート,株式,スタンダード,情報・通信業,100,2013-07-16,
94240,日本通信,株式,プライム,情報・通信業,100,2013-07-16,
94250,ＲｅＹｕｕ　Ｊａｐａｎ,株式,スタンダード,情報・通信業,100,2013-07-16,
94280,クロップス,株式,スタンダード,情報・通信業,100,2013-03-15,
94320,ＮＴＴ,株式,プライム,情報・通信業,100,1987-02-09,
94330,ＫＤＤＩ,株式,プライム,情報・通信業,100,1993-09-03,
94340,ソフトバンク,株式,プライム,情報・通信業,100,2018-12-19,
94350,光通信,株式,プライム,情報・通信業,100,1999-09-02,
94360,沖縄セルラー電話,株式,スタンダード,情報・通信業,100,2013-07-16,
94380,エムティーアイ,株式,プライム,情報・通信業,100,2013-07-16,
94390,エム・エイチ・グループ,株式,スタンダード,サービス業,100,2013-07-16,
94410,ベルパーク,株式,スタンダード,情報・通信業,100,2013-07-16,
94440,トーシンホールディングス,株式,スタンダード,情報・通信業,100,2013-07-16,
94450,フォーバルテレコム,株式,スタンダード,情報・通信業,100,2000-11-28,
94460,サカイホールディングス,株式,スタンダード,情報・通信業,100,2013-07-16,
94490,ＧＭＯインターネットグループ,株式,プライム,情報・通信業,100,2004-02-27,
94500,ファイバーゲート,株式,スタンダード,情報・通信業,100,2018-03-23,
94660,アイドママーケティングコミュニケーション,株式,スタンダード,情報・通信業,100,2016-03-18,
94670,アルファポリス,株式,グロース,情報・通信業,100,2014-10-30,
94680,ＫＡＤＯＫＡＷＡ,株式,プライム,情報・通信業,100,2014-10-01,
94700,学研ホールディングス,株式,プライム,情報・通信業,100,1982-08-16,
94740,ゼンリン,株式,プライム,情報・通信業,100,1996-09-13,
94750,昭文社ホールディングス,株式,スタンダード,情報・通信業,100,1999-03-05,
94760,中央経済社ホールディングス,株式,スタンダード,情報・通信業,100,2013-07-16,
94780,ＳＥホールディングス・アンド・インキュベーションズ,株式,スタンダード,情報・通信業,100,2013-07-16,
95010,東京電力ホールディングス,株式,プライム,電気・ガス業,100,1951-08-24,
95020,中部電力,株式,プライム,電気・ガス業,100,1951-08-24,
95030,関西電力,株式,プライム,電気・ガス業,100,1951-08-24,
95040,中国電力,株式,プライム,電気・ガス業,100,1952-11-01,
95050,北陸電力,株式,プライム,電気・ガス業,100,1952-12-20,
95060,東北電力,株式,プライム,電気・ガス業,100,1951-10-01,
95070,四国電力,株式,プライム,電気・ガス業,100,1954-05-20,
95080,九州電力,株式,プライム,電気・ガス業,100,1953-02-02,
95090,北海道電力,株式,プライム,電気・ガス業,100,1953-02-02,
95110,沖縄電力,株式,プライム,電気・ガス業,100,1992-02-10,
95130,電源開発,株式,プライム,電気・ガス業,100,2004-10-06,
95140,エフオン,株式,スタンダード,電気・ガス業,100,2005-03-04,
95170,イーレックス,株式,プライム,電気・ガス業,100,2014-12-22,
95190,レノバ,株式,プライム,電気・ガス業,100,2017-02-23,
95310,東京瓦斯,株式,プライム,電気・ガス業,100,1949-05-16,
95320,大阪瓦斯,株式,プライム,電気・ガス業,100,1949-05-16,
95330,東邦瓦斯,株式,プライム,電気・ガス業,100,1949-05-16,
95340,北海道瓦斯,株式,プライム,電気・ガス業,100,1949-05-16,
95350,広島ガス,株式,プライム,電気・ガス業,100,2000-03-01,
95360,西部ガスホールディングス,株式,プライム,電気・ガス業,100,1974-01-11,
95370,北陸瓦斯,株式,スタンダード,電気・ガス業,100,2000-03-01,
95390,京葉瓦斯,株式,スタンダード,電気・ガス業,100,1962-08-08,
95430,静岡ガス,株式,プライム,電気・ガス業,100,2001-12-07,
95510,メタウォーター,株式,プライム,電気・ガス業,100,2014-12-19,
95520,クオンツ総研ホールディングス,株式,プライム,サービス業,100,2022-06-28,
95530,マイクロアド,株式,グロース,サービス業,100,2022-06-29,
95540,ＡＶｉＣ,株式,グロース,サービス業,100,2022-06-30,
95560,ＩＮＴＬＯＯＰ,株式,グロース,サービス業,100,2022-07-08,
95570,エアークローゼット,株式,グロース,サービス業,100,2022-07-29,
95580,ジャパニアス,株式,グロース,サービス業,100,2022-09-13,
95600,プログリット,株式,グロース,サービス業,100,2022-09-29,
95610,グラッドキューブ,株式,グロース,サービス業,100,2022-09-28,
95620,ビジネスコーチ,株式,グロース,サービス業,100,2022-10-20,
95630,Ａｔｌａｓ　Ｔｅｃｈｎｏｌｏｇｉｅｓ,株式,グロース,サービス業,100,2022-10-26,
95640,ＦＣＥ,株式,スタンダード,サービス業,100,2022-10-27,
95650,ＧＬＯＥ,株式,グロース,サービス業,100,2022-11-30,
96000,アイネット,株式,上場廃止,情報・通信業,100,1997-09-18,2026-02-26
96010,松竹,株式,プライム,情報・通信業,100,1949-05-16,
96020,東宝,株式,プライム,情報・通信業,100,1949-05-16,
96030,エイチ・アイ・エス,株式,プライム,サービス業,100,2002-12-11,
96050,東映,株式,プライム,情報・通信業,100,1952-11-28,
96100,ウィルソン・ラーニング　ワールドワイド,株式,スタンダード,サービス業,100,2013-07-16,
96120,ラックランド,株式,プライム,サービス業,100,2005-03-08,
96130,ＮＴＴデータグループ,株式,上場廃止,情報・通信業,100,1995-04-26,2025-09-26
96160,共立メンテナンス,株式,プライム,サービス業,100,1999-03-24,
96190,イチネンホールディングス,株式,プライム,サービス業,100,2003-04-25,
96210,建設技術研究所,株式,プライム,サービス業,100,1996-10-22,
96220,スペース,株式,プライム,サービス業,100,1999-09-02,
96250,セレスポ,株式,スタンダード,サービス業,100,2013-07-16,
96270,アインホールディングス,株式,プライム,小売業,100,2009-04-02,
96280,燦ホールディングス,株式,プライム,サービス業,100,2000-12-07,
96290,ピー・シー・エー,株式,プライム,情報・通信業,100,2000-02-21,
96320,スバル興業,株式,スタンダード,サービス業,100,1949-05-16,
96330,東京テアトル,株式,スタンダード,不動産業,100,1949-05-16,
96350,武蔵野興業,株式,スタンダード,サービス業,100,1949-08-22,
96360,きんえい,株式,スタンダード,サービス業,100,2013-07-16,
96390,三協フロンテア,株式,スタンダード,サービス業,100,2013-07-16,
96400,セゾンテクノロジー,株式,スタンダード,情報・通信業,100,2013-07-16,
96440,タナベコンサルティンググループ,株式,プライム,サービス業,100,2013-07-16,
96470,協和コンサルタンツ,株式,スタンダード,サービス業,100,2013-07-16,
96510,日本プロセス,株式,スタンダード,情報・通信業,100,2013-07-16,
96560,グリーンランドリゾート,株式,スタンダード,サービス業,100,2013-07-16,
96580,ビジネスブレイン太田昭和,株式,プライム,情報・通信業,100,2013-07-16,
96610,歌舞伎座,株式,スタンダード,サービス業,100,1952-07-01,
96630,ナガワ,株式,プライム,サービス業,100,2013-07-16,
96720,東京都競馬,株式,プライム,サービス業,100,1955-09-10,
96780,カナモト,株式,プライム,サービス業,100,1996-03-28,
96790,ホウライ,株式,スタンダード,サービス業,100,2013-07-16,
96820,ＤＴＳ,株式,プライム,情報・通信業,100,1997-09-11,
96840,スクウェア・エニックス・ホールディングス,株式,プライム,情報・通信業,100,1999-08-18,
96850,ＫＹＣＯＭホールディングス,株式,スタンダード,情報・通信業,100,2013-07-16,
96860,東洋テック,株式,スタンダード,サービス業,100,2013-07-16,
96870,ＫＳＫ,株式,スタンダード,情報・通信業,100,2013-07-16,
96910,両毛システムズ,株式,スタンダード,情報・通信業,100,2013-07-16,
96920,シーイーシー,株式,プライム,情報・通信業,100,1990-11-02,
96960,ウィザス,株式,上場廃止,サービス業,100,2013-07-16,2025-09-04
96970,カプコン,株式,プライム,情報・通信業,100,2000-10-18,
96980,クレオ,株式,スタンダード,情報・通信業,100,2013-07-16,
96990,ニシオホールディングス,株式,プライム,サービス業,100,2013-07-16,
97010,東京會舘,株式,スタンダード,サービス業,100,1949-05-16,
97020,アイ・エス・ビー,株式,プライム,情報・通信業,100,2008-01-16,
97040,アゴーラ　ホスピタリティー　グループ,株式,スタンダード,サービス業,100,1949-05-16,
97060,日本空港ビルデング,株式,プライム,不動産業,100,1990-02-08,
97080,帝国ホテル,株式,スタンダード,サービス業,100,1961-10-02,
97090,ＮＣＳ＆Ａ,株式,スタンダード,情報・通信業,100,2013-07-16,
97130,ロイヤルホテル,株式,スタンダード,サービス業,100,2013-07-16,
97150,トランス・コスモス,株式,プライム,サービス業,100,1992-10-16,
97160,乃村工藝社,株式,プライム,サービス業,100,1991-11-15,
97190,ＳＣＳＫ,株式,上場廃止,情報・通信業,100,1989-02-28,2026-03-12
97200,ホテル、ニューグランド,株式,スタンダード,サービス業,100,2013-07-16,
97220,藤田観光,株式,プライム,サービス業,100,1964-04-06,
97230,京都ホテル,株式,スタンダード,サービス業,100,2013-07-16,
97260,ＫＮＴ－ＣＴホールディングス,株式,スタンダード,サービス業,100,1975-07-07,
97290,トーカイ,株式,プライム,サービス業,100,2010-03-19,
97310,白洋舎,株式,スタンダード,サービス業,100,1949-05-16,
97330,ナガセ,株式,スタンダード,サービス業,100,2013-07-16,
97350,セコム,株式,プライム,サービス業,100,1974-06-24,
97390,ＮＳＷ,株式,プライム,情報・通信業,100,1999-04-27,
97400,セントラル警備保障,株式,プライム,サービス業,100,1988-12-16,
97420,アイネス,株式,プライム,情報・通信業,100,1987-02-25,
97430,丹青社,株式,プライム,サービス業,100,1987-03-18,
97440,メイテックグループホールディングス,株式,プライム,サービス業,100,1991-02-08,
97460,ＴＫＣ,株式,プライム,情報・通信業,100,1987-07-21,
97530,アイエックス・ナレッジ,株式,スタンダード,情報・通信業,100,2013-07-16,
97550,応用地質,株式,プライム,サービス業,100,1991-10-07,
97570,船井総研ホールディングス,株式,プライム,サービス業,100,2004-12-14,
97590,ＮＳＤ,株式,プライム,情報・通信業,100,1999-11-18,
97600,進学会ホールディングス,株式,スタンダード,サービス業,100,2004-02-03,
97610,東海リース,株式,スタンダード,サービス業,100,1990-02-20,
97630,丸建リース,株式,スタンダード,卸売業,100,1978-12-18,
97650,オオバ,株式,プライム,サービス業,100,1972-06-01,
97660,コナミグループ,株式,プライム,情報・通信業,100,1988-02-19,
97670,日建工学,株式,スタンダード,サービス業,100,1984-12-25,
97680,いであ,株式,スタンダード,サービス業,100,2013-07-16,
97690,学究社,株式,プライム,サービス業,100,2013-07-16,
97760,札幌臨床検査センター,株式,上場廃止,サービス業,100,2013-07-16,2026-02-16
97780,昴,株式,スタンダード,サービス業,100,2013-07-16,
97800,ハリマビステム,株式,スタンダード,サービス業,100,2013-07-16,
97820,ディーエムエス,株式,スタンダード,サービス業,100,2013-07-16,
97880,ナック,株式,プライム,サービス業,100,1997-01-28,
97900,福井コンピュータホールディングス,株式,プライム,情報・通信業,100,2006-02-10,
97910,ビケンテクノ,株式,スタンダード,サービス業,100,2002-05-22,
97930,ダイセキ,株式,プライム,サービス業,100,1999-08-05,
97950,ステップ,株式,プライム,サービス業,100,2011-09-27,
97990,旭情報サービス,株式,スタンダード,情報・通信業,100,2001-02-26,
98120,テーオーホールディングス,株式,スタンダード,小売業,100,2013-07-16,
98160,ストライダーズ,株式,スタンダード,不動産業,100,2013-07-16,
98180,大丸エナウィン,株式,スタンダード,卸売業,100,2000-10-12,
98200,エムティジェネックス,株式,スタンダード,不動産業,100,2013-07-16,
98230,マミーマートホールディングス,株式,スタンダード,小売業,100,2013-07-16,
98240,泉州電業,株式,プライム,卸売業,100,2002-11-08,
98270,リリカラ,株式,スタンダード,卸売業,100,2013-07-16,
98280,Ｇｅｎｋｉ　Ｇｌｏｂａｌ　Ｄｉｎｉｎｇ　Ｃｏｎｃｅｐｔｓ,株式,スタンダード,小売業,100,1997-11-25,
98300,トラスコ中山,株式,プライム,卸売業,100,1995-05-23,
98310,ヤマダホールディングス,株式,プライム,小売業,100,2000-09-25,
98320,オートバックスセブン,株式,プライム,卸売業,100,1993-08-17,
98350,ジュンテンドー,株式,スタンダード,小売業,100,2000-03-01,
98370,モリト,株式,プライム,卸売業,100,2013-07-16,
98420,アークランズ,株式,プライム,小売業,100,2003-02-21,
98430,ニトリホールディングス,株式,プライム,小売業,100,2002-10-28,
98450,パーカーコーポレーション,株式,スタンダード,化学,100,2005-03-23,
98460,天満屋ストア,株式,スタンダード,小売業,100,2000-03-01,
98490,共同紙販ホールディングス,株式,スタンダード,卸売業,100,2013-07-16,
98500,グルメ杵屋,株式,プライム,小売業,100,1995-07-27,
98530,銀座ルノアール,株式,スタンダード,小売業,100,2013-07-16,
98540,愛眼,株式,スタンダード,小売業,100,2000-10-30,
98560,ケーユーホールディングス,株式,スタンダード,小売業,100,1996-12-24,
98570,英和,株式,スタンダード,卸売業,100,2013-07-16,
98610,吉野家ホールディングス,株式,プライム,小売業,100,2000-11-06,
98670,ソレキア,株式,スタンダード,卸売業,100,2013-07-16,
98690,加藤産業,株式,プライム,卸売業,100,1997-07-10,
98720,北恵,株式,スタンダード,卸売業,100,2013-07-16,
98760,コックス,株式,スタンダード,小売業,100,2013-07-16,
98780,セキド,株式,スタンダード,小売業,100,2000-12-13,
98800,イノテック,株式,プライム,電気機器,100,2008-03-25,
98820,イエローハット,株式,プライム,卸売業,100,1995-12-15,
98850,シャルレ,株式,スタンダード,卸売業,100,2013-07-16,
98870,松屋フーズホールディングス,株式,プライム,小売業,100,1999-12-14,
98880,ＵＥＸ,株式,スタンダード,卸売業,100,2013-07-16,
98890,ＪＢＣＣホールディングス,株式,プライム,情報・通信業,100,1999-10-01,
98900,マキヤ,株式,スタンダード,小売業,100,2013-07-16,
98950,コンセック,株式,スタンダード,卸売業,100,2013-07-16,
98960,ＪＫホールディングス,株式,スタンダード,卸売業,100,1996-11-05,
99000,サガミホールディングス,株式,プライム,小売業,100,1996-07-01,
99020,日伝,株式,プライム,卸売業,100,2006-02-20,
99030,カンセキ,株式,スタンダード,小売業,100,2013-07-16,
99040,ベリテ,株式,スタンダード,小売業,100,1991-09-26,
99060,藤井産業,株式,スタンダード,卸売業,100,2013-07-16,
99080,日本電計,株式,スタンダード,卸売業,100,2013-07-16,
99130,日邦産業,株式,スタンダード,卸売業,100,2013-07-16,
99140,植松商会,株式,スタンダード,卸売業,100,2013-07-16,
99270,ワットマン,株式,上場廃止,小売業,100,2013-07-16,2026-06-19
99280,ミロク情報サービス,株式,プライム,情報・通信業,100,1997-08-28,
99290,平和紙業,株式,スタンダード,卸売業,100,2013-07-16,
99300,北沢産業,株式,スタンダード,卸売業,100,1992-09-03,
99320,杉本商事,株式,プライム,卸売業,100,2003-04-10,
99340,因幡電機産業,株式,プライム,卸売業,100,1996-09-19,
99360,王将フードサービス,株式,プライム,小売業,100,2013-07-16,
99410,太洋物産,株式,スタンダード,卸売業,100,2013-07-16,
99460,ミニストップ,株式,プライム,小売業,100,1993-07-06,
99480,アークス,株式,プライム,小売業,100,2004-03-04,
99500,ハチバン,株式,スタンダード,小売業,100,2013-07-16,
99550,ヨンキュウ,株式,スタンダード,卸売業,100,2013-07-16,
99560,バローホールディングス,株式,プライム,小売業,100,2003-12-02,
99590,アシードホールディングス,株式,スタンダード,小売業,100,2001-02-26,
99600,東テク,株式,プライム,卸売業,100,2013-07-16,
99620,ミスミグループ本社,株式,プライム,卸売業,100,1994-01-19,
99690,ショクブン,株式,スタンダード,小売業,100,2001-05-09,
99720,アルテック,株式,スタンダード,卸売業,100,1998-09-10,
99730,ＫＯＺＯホールディングス,株式,スタンダード,小売業,100,2013-07-16,
99740,ベルク,株式,プライム,小売業,100,2008-02-22,
99760,セキチュー,株式,スタンダード,小売業,100,2013-07-16,
99780,文教堂グループホールディングス,株式,スタンダード,小売業,100,2013-07-16,
99790,大庄,株式,スタンダード,小売業,100,1997-05-08,
99800,ＭＲＫホールディングス,株式,スタンダード,小売業,100,2013-07-16,
99820,タキヒヨー,株式,スタンダード,卸売業,100,2002-03-04,
99830,ファーストリテイリング,株式,プライム,小売業,100,1997-04-02,
99840,ソフトバンクグループ,株式,プライム,情報・通信業,100,1998-01-16,
99860,蔵王産業,株式,スタンダード,卸売業,100,2007-05-08,
99870,スズケン,株式,プライム,卸売業,100,1995-09-06,
99890,サンドラッグ,株式,プライム,小売業,100,1997-09-17,
99900,サックスバー　ホールディングス,株式,プライム,小売業,100,2006-04-17,
99910,ジェコス,株式,プライム,卸売業,100,1994-08-26,
99930,ヤマザワ,株式,スタンダード,小売業,100,2004-02-19,
99940,やまや,株式,スタンダード,小売業,100,2002-03-08,
99960,サトー商会,株式,スタンダード,卸売業,100,2013-07-16,
99970,ベルーナ,株式,プライム,小売業,100,1998-01-16,
67970,名古屋電機工業,株式,スタンダード,電気機器,100,2024-03-13,
53560,美濃窯業,株式,スタンダード,ガラス・土石製品,100,2024-03-18,
58680,ロココ,株式,スタンダード,サービス業,100,2023-12-20,
58690,早稲田学習研究会,株式,スタンダード,サービス業,100,2023-12-22,
56220,ワンビ,株式,TOKYO PRO Market,情報・通信業,100,2024-01-11,
20120,ｉシェアーズ　米国債０－３ヶ月　ＥＴＦ,ETF,その他,nan,10,2024-01-18,
20130,ｉシェアーズ　米国高配当株　ＥＴＦ,ETF,その他,nan,10,2024-01-18,
20140,ｉシェアーズ　米国連続増配株　ＥＴＦ,ETF,その他,nan,10,2024-01-18,
58930,ＲＡＶＩＰＡ,株式,TOKYO PRO Market,小売業,100,2024-01-25,
58710,ＳＯＬＩＺＥ　Ｈｏｌｄｉｎｇｓ,株式,スタンダード,サービス業,100,2024-02-07,
20150,ｉＦｒｅｅＥＴＦ　米国国債７－１０年（為替ヘッジなし）,ETF,その他,nan,1,2024-01-18,
20160,ｉＦｒｅｅＥＴＦ　米国国債７－１０年（為替ヘッジあり）,ETF,その他,nan,1,2024-01-18,
20170,ｉＦｒｅｅＥＴＦ　ＪＰＸプライム１５０,ETF,その他,nan,1,2024-01-24,
20180,グローバルＸ　ＵＳ　ＲＥＩＴ・トップ２０　ＥＴＦ,ETF,その他,nan,1,2024-01-31,
20190,グローバルＸ　米国優先証券　ＥＴＦ（隔月分配型）,ETF,その他,nan,1,2024-01-31,
130A0,Ｖｅｒｉｔａｓ　Ｉｎ　Ｓｉｌｉｃｏ,株式,グロース,医薬品,100,2024-02-08,
131A0,ＣＣＮグループ,株式,TOKYO PRO Market,情報・通信業,100,2024-02-09,
132A0,アイエヌホールディングス,株式,TOKYO PRO Market,陸運業,100,2024-01-30,
133A0,グローバルＸ　超短期米国債　ＥＴＦ,ETF,その他,nan,1,2024-01-31,
134A0,アプライズ,株式,TOKYO PRO Market,サービス業,100,2024-02-20,
135A0,ＶＲＡＩＮ　Ｓｏｌｕｔｉｏｎ,株式,グロース,情報・通信業,100,2024-02-22,
136A0,三興商事,株式,上場廃止,建設業,100,2024-02-26,2026-06-30
137A0,Ｃｏｃｏｌｉｖｅ,株式,グロース,情報・通信業,100,2024-02-28,
138A0,光フードサービス,株式,グロース,小売業,100,2024-02-28,
139A0,東日本地所,株式,TOKYO PRO Market,不動産業,100,2024-02-27,
140A0,ｉＦｒｅｅＥＴＦ　米国１０年国債先物インバース,ETF,その他,nan,1,2024-02-28,
141A0,トライアルホールディングス,株式,グロース,小売業,100,2024-03-21,
142A0,ジンジブ,株式,グロース,サービス業,100,2024-03-22,
143A0,イシン,株式,グロース,サービス業,100,2024-03-25,
144A0,エネルギーパワー,株式,TOKYO PRO Market,建設業,100,2024-03-13,
145A0,Ｌ　ｉｓ　Ｂ,株式,グロース,情報・通信業,100,2024-03-26,
146A0,コロンビア・ワークス,株式,スタンダード,不動産業,100,2024-03-27,
147A0,ソラコム,株式,グロース,情報・通信業,100,2024-03-26,
148A0,ハッチ・ワーク,株式,グロース,情報・通信業,100,2024-03-26,
149A0,シンカ,株式,グロース,情報・通信業,100,2024-03-27,
150A0,ＪＳＨ,株式,グロース,サービス業,100,2024-03-26,
151A0,ダイブグループ,株式,グロース,サービス業,100,2024-03-27,
152A0,オプティ,株式,TOKYO PRO Market,卸売業,100,2024-03-27,
153A0,カウリス,株式,グロース,情報・通信業,100,2024-03-28,
154A0,ＧＡＩＡ,株式,TOKYO PRO Market,その他金融業,100,2024-03-27,
155A0,情報戦略テクノロジー,株式,グロース,情報・通信業,100,2024-03-28,
156A0,マテリアルグループ,株式,グロース,サービス業,100,2024-03-29,
157A0,グリーンモンスター,株式,グロース,サービス業,100,2024-03-29,
158A0,エクセリ,株式,TOKYO PRO Market,小売業,100,2024-03-19,
159A0,ＮＥＸＴ　ＦＵＮＤＳ　ＪＰＸプライム１５０指数連動型上場投信,ETF,その他,nan,10,2024-03-18,
162A0,ＡＩセレクトメガトレンド　日本株（ネットリターン）ＥＴＮ,ETN,その他,nan,1,2024-03-22,
163A0,半導体フォーカス　日本株（ネットリターン）ＥＴＮ,ETN,その他,nan,1,2024-03-22,
160A0,アズパートナーズ,株式,スタンダード,サービス業,100,2024-04-04,
161A0,三葉,株式,TOKYO PRO Market,サービス業,100,2024-03-22,
164A0,アップルパーク,株式,TOKYO PRO Market,不動産業,100,2024-03-25,
165A0,ＳＢＩレオスひふみ,株式,上場廃止,証券、商品先物取引業,100,2024-04-01,2025-11-27
166A0,タスキホールディングス,株式,プライム,不動産業,100,2024-04-01,
167A0,リョーサン菱洋ホールディングス,株式,プライム,卸売業,100,2024-04-01,
170A0,ＳＭＴ　ＥＴＦ日本好配当株アクティブ,ETF,その他,nan,1,2024-03-25,
171A0,ゼロジャパン,株式,TOKYO PRO Market,卸売業,100,2024-03-28,
172A0,ネオホーム,株式,TOKYO PRO Market,不動産業,100,2024-03-29,
168A0,イタミアート,株式,グロース,その他製品,100,2024-04-08,
173A0,ハンモック,株式,グロース,情報・通信業,100,2024-04-11,
178A0,グローバルＸ　革新的優良企業　ＥＴＦ,ETF,その他,nan,1,2024-04-10,
179A0,グローバルＸ　超長期米国債　ＥＴＦ（為替ヘッジあり）,ETF,その他,nan,10,2024-04-10,
180A0,グローバルＸ　超長期米国債　ＥＴＦ,ETF,その他,nan,10,2024-04-10,
175A0,Ｗｉｌｌ　Ｓｍａｒｔ,株式,グロース,情報・通信業,100,2024-04-16,
176A0,レジル,株式,上場廃止,電気・ガス業,100,2024-04-24,2026-01-14
177A0,コージンバイオ,株式,グロース,化学,100,2024-04-25,
181A0,ＭＡＸＩＳ米国国債１－３年上場投信（為替ヘッジなし）,ETF,その他,nan,10,2024-04-25,
182A0,ＭＡＸＩＳ米国国債２０年超上場投信（為替ヘッジなし）,ETF,その他,nan,10,2024-04-25,
183A0,ＭＡＸＩＳ米国国債２０年超上場投信（為替ヘッジあり）,ETF,その他,nan,10,2024-04-25,
188A0,グローバルＸ　インド・トップ１０＋　ＥＴＦ,ETF,その他,nan,1,2024-05-23,
184A0,学びエイド,株式,グロース,情報・通信業,100,2024-05-28,
185A0,リサイクルテック・ジャパン,株式,TOKYO PRO Market,サービス業,100,2024-05-28,
200A0,ＮＥＸＴ　ＦＵＮＤＳ　日経半導体株指数連動型上場投信,ETF,その他,nan,1,2024-06-04,
186A0,アストロスケールホールディングス,株式,グロース,サービス業,100,2024-06-05,
199A0,メディエア,株式,TOKYO PRO Market,情報・通信業,100,2024-06-07,
189A0,Ｄ＆Ｍカンパニー,株式,グロース,サービス業,100,2024-06-11,
201A0,ｉシェアーズ　Ｎｉｆｔｙ　５０　インド株　ＥＴＦ,ETF,その他,nan,10,2024-06-12,
190A0,Ｃｈｏｒｄｉａ　Ｔｈｅｒａｐｅｕｔｉｃｓ,株式,グロース,医薬品,100,2024-06-14,
191A0,ミモザ,株式,上場廃止,サービス業,100,2024-06-18,2026-07-28
192A0,インテグループ,株式,グロース,サービス業,100,2024-06-18,
195A0,ＭＵＳＣＡＴ　ＧＲＯＵＰ,株式,グロース,サービス業,100,2024-06-19,
194A0,ＷＯＬＶＥＳ　ＨＡＮＤ,株式,グロース,サービス業,100,2024-06-20,
197A0,タウンズ,株式,スタンダード,医薬品,100,2024-06-20,
198A0,ＰｏｓｔＰｒｉｍｅ,株式,グロース,情報・通信業,100,2024-06-20,
196A0,ＭＦＳ,株式,グロース,その他金融業,100,2024-06-21,
207A0,ライジングコーポレーション,株式,TOKYO PRO Market,建設業,100,2024-06-24,
210A0,ｉＦｒｅｅＥＴＦ　日経高利回りＲＥＩＴ指数,ETF,その他,nan,1,2024-06-26,
202A0,豆蔵,株式,上場廃止,情報・通信業,100,2024-06-27,2026-04-14
203A0,シュンビン,株式,TOKYO PRO Market,サービス業,100,2024-06-27,
204A0,タイヨーパッケージ,株式,TOKYO PRO Market,パルプ・紙,100,2024-06-27,
205A0,ロゴスホールディングス,株式,グロース,建設業,100,2024-06-28,
208A0,構造計画研究所ホールディングス,株式,スタンダード,情報・通信業,100,2024-07-01,
206A0,ＰＲＩＳＭ　ＢｉｏＬａｂ,株式,グロース,医薬品,100,2024-07-02,
209A0,小野谷機工,株式,TOKYO PRO Market,機械,100,2024-07-11,
213A0,上場インデックスファンド日経半導体株,ETF,その他,nan,10,2024-07-12,
217A0,サポート,株式,TOKYO PRO Market,サービス業,100,2024-07-17,
211A0,カドス・コーポレーション,株式,スタンダード,建設業,100,2024-07-18,
221A0,ＭＡＸＩＳ日経半導体株上場投信,ETF,その他,nan,10,2024-07-19,
212A0,フィットイージー,株式,プライム,サービス業,100,2024-07-23,
223A0,グローバルＸ　ＡＩ＆ビッグデータ　ＥＴＦ,ETF,その他,nan,1,2024-07-25,
224A0,グローバルＸ　ウラニウムビジネス　ＥＴＦ,ETF,その他,nan,1,2024-07-25,
215A0,タイミー,株式,グロース,サービス業,100,2024-07-26,
216A0,ライフクリエイト,株式,TOKYO PRO Market,小売業,100,2024-07-26,
218A0,Ｌｉｂｅｒａｗａｒｅ,株式,グロース,精密機器,100,2024-07-29,
219A0,Ｈｅａｒｔｓｅｅｄ,株式,グロース,医薬品,100,2024-07-30,
226A0,勝美ジャパン,株式,TOKYO PRO Market,食料品,100,2024-07-30,
220A0,Ｆａｂｅｒ　Ｃｏｍｐａｎｙ,株式,スタンダード,情報・通信業,100,2024-07-31,
227A0,ＩＮＳＩＧＨＴ　ＬＡＢ,株式,TOKYO PRO Market,情報・通信業,100,2024-08-05,
222A0,ＮＩＣＳ,株式,TOKYO PRO Market,情報・通信業,100,2024-08-08,
229A0,アスミホールディングス,株式,TOKYO PRO Market,建設業,100,2024-08-13,
233A0,ｉＦｒｅｅＥＴＦ　インドＮｉｆｔｙ５０,ETF,その他,nan,1,2024-08-20,
228A0,オプロ,株式,グロース,情報・通信業,100,2024-08-21,
234A0,グローバルＸ　ＭＳＣＩ　キャッシュフローキング－日本株式　ＥＴＦ,ETF,その他,nan,1,2024-08-22,
235A0,グローバルＸ　高配当３０－日本株式　ＥＴＦ,ETF,その他,nan,1,2024-08-22,
236A0,ｉシェアーズ　日本国債７－１０年　ＥＴＦ,ETF,その他,nan,10,2024-08-28,
237A0,ｉシェアーズ　米国債２５年超　ロングデュレーション　ＥＴＦ,ETF,その他,nan,10,2024-08-28,
238A0,ｉシェアーズ　米国債２５年超　ロングデュレーション　ＥＴＦ（為替ヘッジあり）,ETF,その他,nan,10,2024-08-28,
239A0,バレッグス,株式,TOKYO PRO Market,不動産業,100,2024-09-06,
252A0,ウェッジ,株式,TOKYO PRO Market,小売業,100,2024-09-24,
257A0,ＳＭＴ　ＥＴＦ日本株厳選投資アクティブ,ETF,その他,nan,1,2024-09-24,
258A0,ＳＭＴ　ＥＴＦ国内リート厳選投資アクティブ,ETF,その他,nan,1,2024-09-24,
241A0,ＲＯＸＸ,株式,グロース,情報・通信業,100,2024-09-25,
243A0,トップス,株式,TOKYO PRO Market,食料品,100,2024-09-26,
244A0,グロースエクスパートナーズ,株式,グロース,情報・通信業,100,2024-09-26,
245A0,ＩＮＧＳ,株式,グロース,小売業,100,2024-09-26,
246A0,アスア,株式,グロース,サービス業,100,2024-09-26,
248A0,キッズスター,株式,グロース,情報・通信業,100,2024-09-26,
247A0,Ａｉロボティクス,株式,グロース,化学,100,2024-09-27,
249A0,ヒューマンアジャスト,株式,TOKYO PRO Market,サービス業,100,2024-09-27,
251A0,ニューロマジック,株式,TOKYO PRO Market,サービス業,100,2024-09-30,
250A0,シマダヤ,株式,スタンダード,食料品,100,2024-10-01,
253A0,ＥＴＳグループ,株式,スタンダード,建設業,100,2024-10-01,
254A0,ＡＩフュージョンキャピタルグループ,株式,スタンダード,証券、商品先物取引業,100,2024-10-01,
255A0,ジーエルテクノホールディングス,株式,スタンダード,精密機器,100,2024-10-01,
256A0,飛島ホールディングス,株式,プライム,建設業,100,2024-10-01,
260A0,オルツ,株式,上場廃止,情報・通信業,100,2024-10-11,2025-08-31
261A0,日水コン,株式,スタンダード,サービス業,100,2024-10-16,
262A0,インターメスティック,株式,プライム,小売業,100,2024-10-18,
263A0,デジタルキューブ,株式,TOKYO PRO Market,情報・通信業,100,2024-10-18,
264A0,Ｓｃｈｏｏ,株式,グロース,サービス業,100,2024-10-22,
90230,東京地下鉄,株式,プライム,陸運業,100,2024-10-23,
267A0,トワライズ,株式,TOKYO PRO Market,その他金融業,100,2024-10-23,
266A0,グローカルマーケティング,株式,TOKYO PRO Market,サービス業,100,2024-10-25,
268A0,リガク・ホールディングス,株式,プライム,精密機器,100,2024-10-25,
265A0,Ｈｍｃｏｍｍ,株式,グロース,情報・通信業,100,2024-10-28,
269A0,Ｓａｐｅｅｔ,株式,グロース,情報・通信業,100,2024-10-29,
271A0,アクセリア,株式,TOKYO PRO Market,情報・通信業,100,2024-10-31,
273A0,ＳＢＩ　サウジアラビア株式上場投信,ETF,その他,nan,1,2024-10-31,
275A0,ハンワホームズ,株式,上場廃止,建設業,100,2024-11-14,2025-11-16
279A0,インターグ,株式,TOKYO PRO Market,サービス業,100,2024-11-20,
282A0,グローバルＸ　半導体・トップ１０－日本株式　ＥＴＦ,ETF,その他,nan,1,2024-11-21,
283A0,グローバルＸ　ＵＳ　テック・配当貴族　ＥＴＦ,ETF,その他,nan,1,2024-11-21,
274A0,ガーデン,株式,スタンダード,小売業,100,2024-11-22,
284A0,フクヤ建設,株式,TOKYO PRO Market,建設業,100,2024-11-26,
276A0,ククレブ・アドバイザーズ,株式,グロース,不動産業,100,2024-11-28,
277A0,グロービング,株式,プライム,サービス業,100,2024-11-29,
278A0,Ｔｅｒｒａ　Ｄｒｏｎｅ,株式,グロース,精密機器,100,2024-11-29,
294A0,ＮＥＸＴ　ＦＵＮＤＳ　ＭＳＣＩジャパン気候変動指数（セレクト）連動型上場投信,ETF,その他,nan,1,2024-12-03,
280A0,ＴＭＨ,株式,グロース,卸売業,100,2024-12-04,
281A0,インフォメティス,株式,グロース,情報・通信業,100,2024-12-09,
70750,ＱＬＳホールディングス,株式,グロース,サービス業,100,2024-12-11,
286A0,ユカリア,株式,グロース,サービス業,100,2024-12-12,
295A0,Ｏｎｅ　ＥＴＦ　ＦＴＳＥ・サウジアラビア・インデックス,ETF,その他,nan,1,2024-12-12,
288A0,ラクサス・テクノロジーズ,株式,グロース,サービス業,100,2024-12-13,
305A0,ダブルツリー,株式,TOKYO PRO Market,小売業,100,2024-12-16,
307A0,ハウジング・スタッフ,株式,TOKYO PRO Market,建設業,100,2024-12-16,
287A0,黒田グループ,株式,スタンダード,卸売業,100,2024-12-17,
291A0,リスキル,株式,グロース,サービス業,100,2024-12-17,
285A0,キオクシアホールディングス,株式,プライム,電気機器,100,2024-12-18,
290A0,Ｓｙｎｓｐｅｃｔｉｖｅ,株式,グロース,情報・通信業,100,2024-12-19,
292A0,エスアイイー,株式,TOKYO PRO Market,サービス業,100,2024-12-19,
293A0,ＢＡＢＹ　ＪＯＢ,株式,TOKYO PRO Market,小売業,100,2024-12-19,
299A0,クラシル,株式,グロース,サービス業,100,2024-12-19,
308A0,ぽすとめいとホールディングス,株式,TOKYO PRO Market,サービス業,100,2024-12-19,
296A0,令和アカウンティング・ホールディングス,株式,グロース,サービス業,100,2024-12-23,
297A0,アルピコホールディングス,株式,スタンダード,小売業,100,2024-12-25,
300A0,ＭＩＣ,株式,スタンダード,サービス業,100,2024-12-25,
301A0,インデックス,株式,TOKYO PRO Market,不動産業,100,2024-12-25,
298A0,ＧＶＡ　ＴＥＣＨ,株式,グロース,情報・通信業,100,2024-12-26,
303A0,ｖｉｓｕｍｏ,株式,グロース,情報・通信業,100,2024-12-26,
304A0,フォルシア,株式,グロース,情報・通信業,100,2024-12-26,
302A0,ビースタイルホールディングス,株式,グロース,サービス業,100,2024-12-27,
310A0,サーティーフォー,株式,TOKYO PRO Market,不動産業,100,2024-12-27,
309A0,コスモス調剤,株式,TOKYO PRO Market,小売業,100,2025-01-08,
315A0,グローバルＸ　銀行　高配当－日本株式　ＥＴＦ,ETF,その他,nan,1,2025-01-09,
316A0,ｉＦｒｅｅＥＴＦ　ＦＡＮＧ＋,ETF,その他,nan,1,2025-01-10,
318A0,ＶＩＸ短期先物指数ＥＴＦ,ETF,その他,nan,10,2025-01-15,
313A0,ｉシェアーズ　Ｓ＆Ｐ　５００　トップ　２０　ＥＴＦ,ETF,その他,nan,10,2025-01-16,
314A0,ｉシェアーズ　ゴールド　ＥＴＦ,ETF,その他,nan,10,2025-01-16,
312A0,シンコーホールディングス,株式,TOKYO PRO Market,建設業,100,2025-01-17,
311A0,ＮＰＴ,株式,上場廃止,医薬品,100,2025-01-30,2026-07-30
317A0,エス・エム・エス・データテック,株式,TOKYO PRO Market,情報・通信業,100,2025-01-31,
321A0,ヒューマンステージホールディングス,株式,TOKYO PRO Market,サービス業,100,2025-01-31,
319A0,技術承継機構,株式,グロース,金属製品,100,2025-02-05,
322A0,ヒメジ理化,株式,TOKYO PRO Market,ガラス・土石製品,100,2025-02-05,
320A0,Ｄ＆Ｉ,株式,TOKYO PRO Market,サービス業,100,2025-02-13,
323A0,フライヤー,株式,グロース,情報・通信業,100,2025-02-20,
328A0,グローバルＸ　プライシングパワー・リーダーズ－日本株式　ＥＴＦ,ETF,その他,nan,1,2025-02-20,
324A0,ブッキングリゾート,株式,グロース,サービス業,100,2025-02-21,
325A0,ＴＥＮＴＩＡＬ,株式,グロース,繊維製品,100,2025-02-28,
326A0,ａｅｒｏ　ｌａｂ　ｉｎｔｅｒｎａｔｉｏｎａｌ,株式,TOKYO PRO Market,卸売業,100,2025-03-03,
329A0,ジールアソシエイツ,株式,TOKYO PRO Market,サービス業,100,2025-03-11,
333A0,テクノスマイル,株式,TOKYO PRO Market,サービス業,100,2025-03-17,
330A0,ＴａｌｅｎｔＸ,株式,グロース,情報・通信業,100,2025-03-18,
50160,ＪＸ金属,株式,プライム,非鉄金属,100,2025-03-19,
331A0,メディックス,株式,スタンダード,サービス業,100,2025-03-19,
332A0,ミーク,株式,グロース,情報・通信業,100,2025-03-21,
345A0,高配当成長　日本株（ネットリターン）ＥＴＮ,ETN,その他,nan,1,2025-03-21,
335A0,ミライロ,株式,グロース,情報・通信業,100,2025-03-24,
334A0,ビジュアル・プロセッシング・ジャパン,株式,グロース,情報・通信業,100,2025-03-25,
336A0,ダイナミックマッププラットフォーム,株式,グロース,情報・通信業,100,2025-03-27,
338A0,ＺｅｎｍｕＴｅｃｈ,株式,グロース,情報・通信業,100,2025-03-27,
346A0,ＮＥＸＴ　ＦＵＮＤＳ　Ｓ＆Ｐ　５００　半導体・半導体製造装置３５％キャップ指数連動型上場投信,ETF,その他,nan,1,2025-03-27,
348A0,ＭＡＸＩＳ読売３３３日本株上場投信,ETF,その他,nan,10,2025-03-27,
339A0,プログレス・テクノロジーズ　グループ,株式,グロース,サービス業,100,2025-03-28,
341A0,トヨコー,株式,グロース,建設業,100,2025-03-28,
349A0,ＳＭＤＡＭ　Ａｃｔｉｖｅ　ＥＴＦ　日本グロース株式,ETF,その他,nan,10,2025-03-28,
340A0,ジグザグ,株式,グロース,情報・通信業,100,2025-03-31,
347A0,ＧＲＯＷＴＨ　ＰＯＷＥＲ,株式,TOKYO PRO Market,卸売業,100,2025-04-04,
343A0,ＩＡＣＥトラベル,株式,スタンダード,サービス業,100,2025-04-07,
356A0,グローバルＸ　Ｓ＆Ｐ５００　キャッシュフロー・トップ１００　ＥＴＦ,ETF,その他,nan,1,2025-04-16,
354A0,ｉＦｒｅｅＥＴＦ　ブルームバーグ日本株高配当５０指数,ETF,その他,nan,1,2025-04-17,
351A0,アクシスＩＴパートナーズ,株式,TOKYO PRO Market,情報・通信業,100,2025-04-18,
355A0,ナウビレッジ,株式,TOKYO PRO Market,サービス業,100,2025-04-18,
350A0,デジタルグリッド,株式,グロース,電気・ガス業,100,2025-04-22,
352A0,ＬＯＩＶＥ,株式,グロース,サービス業,100,2025-04-24,
360A0,東証ＲＥＩＴ　Ｃｏｒｅ　ＥＴＦ,ETF,その他,nan,10,2025-05-12,
357A0,エフアンドエフ,株式,TOKYO PRO Market,小売業,100,2025-05-23,
358A0,ゼン・ランド,株式,TOKYO PRO Market,不動産業,100,2025-05-23,
359A0,ＮＥＸＴ　ＳＴＡＧＥ,株式,TOKYO PRO Market,サービス業,100,2025-05-23,
361A0,リビングハウス,株式,TOKYO PRO Market,小売業,100,2025-05-26,
363A0,ｉＦｒｅｅＥＴＦ　英国ＦＴＳＥ１００,ETF,その他,nan,1,2025-05-29,
362A0,エクシオホールディングス,株式,TOKYO PRO Market,サービス業,100,2025-06-06,
364A0,ＮＥＸＴ　ＦＵＮＤＳ　Ｓ＆Ｐ　５００　配当貴族指数連動型上場投信,ETF,その他,nan,1,2025-06-11,
365A0,伊澤タオル,株式,スタンダード,繊維製品,100,2025-06-20,
370A0,リバイブル,株式,TOKYO PRO Market,不動産業,100,2025-06-20,
375A0,ＹＡＫホールディングス,株式,TOKYO PRO Market,不動産業,100,2025-06-20,
366A0,ウェルネス・コミュニケーションズ,株式,グロース,サービス業,100,2025-06-23,
367A0,プリモグローバルホールディングス,株式,スタンダード,小売業,100,2025-06-24,
379A0,グローバルＸ　Ｓ＆Ｐ５００　ＥＴＦ（ダイナミック・プロテクション）,ETF,その他,nan,1,2025-06-24,
380A0,グローバルＸ　チャイナテック　ＥＴＦ,ETF,その他,nan,1,2025-06-24,
368A0,北里,株式,プライム,精密機器,100,2025-06-25,
376A0,ＮＥＸＴ　ＦＵＮＤＳ　ブルームバーグ米国国債（７－１０年）インデックス（７５％為替ヘッジあり）連動型上場投信,ETF,その他,nan,1,2025-06-25,
381A0,ｉＦｒｅｅＥＴＦ　米国国債３－５年（為替ヘッジなし）,ETF,その他,nan,1,2025-06-25,
382A0,ｉＦｒｅｅＥＴＦ　米国国債３－５年（為替ヘッジあり）,ETF,その他,nan,1,2025-06-25,
369A0,エータイ,株式,グロース,サービス業,100,2025-06-26,
371A0,デージーネット,株式,TOKYO PRO Market,情報・通信業,100,2025-06-26,
372A0,レント,株式,スタンダード,サービス業,100,2025-06-30,
373A0,リップス,株式,グロース,化学,100,2025-06-30,
383A0,ＭＡＸＩＳ　Ｓ＆Ｐ５００均等ウェイト上場投信,ETF,その他,nan,1,2025-06-30,
374A0,樋口総合研究所,株式,TOKYO PRO Market,情報・通信業,100,2025-07-04,
378A0,ヒット,株式,グロース,サービス業,100,2025-07-04,
385A0,山本通産,株式,TOKYO PRO Market,卸売業,100,2025-07-18,
386A0,みのや,株式,スタンダード,小売業,100,2025-07-18,
389A0,八光オートメーション,株式,TOKYO PRO Market,電気機器,100,2025-07-18,
393A0,ＲｉｔａＸ,株式,TOKYO PRO Market,サービス業,100,2025-07-18,
394A0,業界改革厳選ＥＴＦテレビ業界,ETF,その他,nan,10,2025-07-18,
395A0,業界改革厳選ＥＴＦ地銀,ETF,その他,nan,10,2025-07-18,
396A0,業界改革厳選ＥＴＦ　ＲＥＩＴイベント・ドリブン,ETF,その他,nan,10,2025-07-18,
387A0,フラー,株式,グロース,情報・通信業,100,2025-07-24,
399A0,上場インデックスファンド日経平均高配当株５０,ETF,その他,nan,1,2025-07-24,
392A0,ｉシェアーズ　ＮＡＳＤＡＱ　トップ　３０　ＥＴＦ,ETF,その他,nan,10,2025-07-30,
403A0,北條組,株式,TOKYO PRO Market,建設業,100,2025-08-05,
398A0,リアルクオリティ,株式,TOKYO PRO Market,サービス業,100,2025-08-06,
401A0,霞ヶ関ホテルリート投資法人,REIT,その他,nan,1,2025-08-13,
402A0,アクセルスペースホールディングス,株式,グロース,輸送用機器,100,2025-08-13,
404A0,グローバルＸ　チャイナテック・トップ１０　ＥＴＦ,ETF,その他,nan,1,2025-08-20,
408A0,ｉシェアーズ　ＡＩ　グローバル・イノベーション　アクティブ　ＥＴＦ,ETF,その他,nan,10,2025-09-10,
405A0,コヤマ・ミライエ,株式,TOKYO PRO Market,卸売業,100,2025-09-11,
413A0,ｉＦｒｅｅＥＴＦ　キャセイ台湾テックリーダー指数,ETF,その他,nan,1,2025-09-12,
412A0,ＮＥＸＴ　ＦＵＮＤＳ　ＴＩＰ　ＦａｃｔＳｅｔ　台湾イノベイティブ・テクノロジー５０指数連動型上場投信,ETF,その他,nan,1,2025-09-18,
409A0,オリオンビール,株式,プライム,食料品,100,2025-09-25,
410A0,ＧＭＯコマース,株式,グロース,サービス業,100,2025-09-25,
411A0,日本マリタイムバンク,株式,TOKYO PRO Market,その他金融業,100,2025-09-25,
419A0,ラングローブ,株式,TOKYO PRO Market,小売業,100,2025-09-25,
407A0,ＵＮＩＣＯＮホールディングス,株式,スタンダード,建設業,100,2025-09-26,
424A0,グローバルＸ　ゴールド　ＥＴＦ（為替ヘッジあり）,ETF,その他,nan,10,2025-09-26,
425A0,グローバルＸ　ゴールド　ＥＴＦ,ETF,その他,nan,10,2025-09-26,
87290,ソニーフィナンシャルグループ,株式,プライム,保険業,100,2025-09-29,
406A0,環境のミカタホールディングス,株式,TOKYO PRO Market,サービス業,100,2025-10-01,
415A0,ＧＭＯ　ＴＥＣＨホールディングス,株式,グロース,サービス業,100,2025-10-01,
416A0,富士ユナイトホールディングス,株式,スタンダード,卸売業,100,2025-10-01,
417A0,ブルーゾーンホールディングス,株式,プライム,小売業,100,2025-10-01,
426A0,ニッセイＥＴＦ　Ｓ＆Ｐ５００イコール・ウェイト（為替ヘッジなし）,ETF,その他,nan,1,2025-10-01,
414A0,オーバーラップホールディングス,株式,グロース,情報・通信業,100,2025-10-03,
421A0,ムービン・ストラテジック・キャリア,株式,グロース,サービス業,100,2025-10-06,
432A0,クリニファー,株式,TOKYO PRO Market,卸売業,100,2025-10-07,
435A0,ｉＦｒｅｅＥＴＦ　日本株配当ローテーション戦略,ETF,その他,nan,1,2025-10-07,
428A0,サイプレス・ホールディングス,株式,スタンダード,小売業,100,2025-10-08,
422A0,ｔａｎｅ　ＣＲＥＡＴＩＶＥ,株式,TOKYO PRO Market,情報・通信業,100,2025-10-10,
423A0,ライオン事務器,株式,スタンダード,卸売業,100,2025-10-15,
433A0,ＭＪＥ,株式,TOKYO PRO Market,卸売業,100,2025-10-15,
429A0,テクセンドフォトマスク,株式,プライム,その他製品,100,2025-10-16,
430A0,ネクストハンズ,株式,TOKYO PRO Market,情報・通信業,100,2025-10-17,
431A0,ユーソナー,株式,グロース,情報・通信業,100,2025-10-17,
434A0,ＬＯＯＰＬＡＣＥ,株式,TOKYO PRO Market,不動産業,100,2025-10-21,
436A0,サイバーソリューションズ,株式,グロース,情報・通信業,100,2025-10-23,
437A0,ジェイウェイブ,株式,TOKYO PRO Market,サービス業,100,2025-10-23,
439A0,アクトビ,株式,TOKYO PRO Market,情報・通信業,100,2025-10-23,
438A0,インフキュリオン,株式,グロース,情報・通信業,100,2025-10-24,
441A0,ＮＥ,株式,グロース,情報・通信業,100,2025-11-04,
443A0,ｉＦｒｅｅＥＴＦ　東証ＲＥＩＴ指数（２・５・８・１１月決算型）,ETF,その他,nan,1,2025-11-04,
442A0,クラシコ,株式,グロース,繊維製品,100,2025-11-05,
452A0,ｉシェアーズ　Ｓ＆Ｐ　５００　プレミアムインカム　ＥＴＦ,ETF,その他,nan,10,2025-11-12,
453A0,ｉシェアーズ　米国債２０年超　プレミアムインカム　ＥＴＦ,ETF,その他,nan,10,2025-11-12,
459A0,野村高利回りＪリート指数ＥＴＦ,ETF,その他,nan,1,2025-11-12,
461A0,ＭＡＸＩＳ日本株高配当ＳＭＡＲＴ５０上場投信,ETF,その他,nan,1,2025-11-13,
445A0,東洋コーポレーション,株式,TOKYO PRO Market,不動産業,100,2025-11-14,
444A0,アイテル,株式,TOKYO PRO Market,卸売業,100,2025-11-18,
447A0,ステート・ストリート・スパイダー　ゴールド　ＥＴＦ（為替ヘッジなし）,ETF,その他,nan,10,2025-11-19,
448A0,ステート・ストリート・スパイダー　ゴールド　ＥＴＦ（為替ヘッジあり）,ETF,その他,nan,10,2025-11-19,
449A0,ステート・ストリート・スパイダー　Ｓ＆Ｐ５００　ＥＴＦ（為替ヘッジなし）,ETF,その他,nan,10,2025-11-19,
450A0,ステート・ストリート・スパイダー　Ｓ＆Ｐ５００　ＥＴＦ（為替ヘッジあり）,ETF,その他,nan,10,2025-11-19,
451A0,ステート・ストリート・スパイダー　Ｓ＆Ｐ５００高配当株　ＥＴＦ,ETF,その他,nan,10,2025-11-19,
446A0,ノースサンド,株式,グロース,サービス業,100,2025-11-21,
455A0,バリューソフトホールディングス,株式,TOKYO PRO Market,情報・通信業,100,2025-11-21,
457A0,ルリアン,株式,TOKYO PRO Market,サービス業,100,2025-11-21,
465A0,グローバルＸ　日経平均株主還元４０－日本株式　ＥＴＦ,ETF,その他,nan,1,2025-11-26,
466A0,グローバルＸ　防衛テック　ＥＴＦ,ETF,その他,nan,1,2025-11-26,
467A0,グローバルＸ　米ドル建て投資適格社債　ＥＴＦ（為替ヘッジあり）,ETF,その他,nan,10,2025-11-26,
468A0,グローバルＸ　米ドル建て投資適格社債　ＥＴＦ,ETF,その他,nan,10,2025-11-26,
456A0,ＨＵＭＡＮ　ＭＡＤＥ,株式,グロース,小売業,100,2025-11-27,
458A0,プラン・ドゥ,株式,TOKYO PRO Market,不動産業,100,2025-11-27,
460A0,ＢＲＡＮＵ,株式,グロース,情報・通信業,100,2025-12-01,
463A0,インテリックスホールディングス,株式,スタンダード,不動産業,100,2025-12-01,
464A0,ＱＰＳホールディングス,株式,グロース,情報・通信業,100,2025-12-01,
462A0,ＦＵＮＤＩＮＮＯ,株式,グロース,証券、商品先物取引業,100,2025-12-05,
473A0,ニッセイＥＴＦ　日経２２５インデックス,ETF,その他,nan,1,2025-12-05,
469A0,フィットクルー,株式,グロース,サービス業,100,2025-12-12,
470A0,ローカル,株式,TOKYO PRO Market,小売業,100,2025-12-15,
471A0,ＮＳグループ,株式,プライム,その他金融業,100,2025-12-16,
83030,ＳＢＩ新生銀行,株式,プライム,銀行業,100,2025-12-17,
486A0,ＮＥＸＴ　ＦＵＮＤＳ　ユーロ・ストックス５０指数（為替ヘッジなし）連動型上場投信,ETF,その他,nan,1,2025-12-17,
487A0,ＮＥＸＴ　ＦＵＮＤＳ　ドイツ株式・ＤＡＸ（為替ヘッジなし）連動型上場投信,ETF,その他,nan,1,2025-12-17,
488A0,ｉシェアーズ　円高フォーカス　ＥＴＦ,ETF,その他,nan,10,2025-12-17,
472A0,ミラティブ,株式,グロース,情報・通信業,100,2025-12-18,
489A0,東証ＲＥＩＴ物流フォーカスＥＴＦ,ETF,その他,nan,1,2025-12-18,
475A0,ギミック,株式,スタンダード,サービス業,100,2025-12-19,
476A0,辻・本郷ＩＴコンサルティング,株式,スタンダード,情報・通信業,100,2025-12-19,
485A0,パワーエックス,株式,グロース,電気機器,100,2025-12-19,
477A0,スタートライン,株式,グロース,サービス業,100,2025-12-22,
484A0,ニューズドテック,株式,TOKYO PRO Market,小売業,100,2025-12-22,
483A0,テラテクノロジー,株式,スタンダード,情報・通信業,100,2025-12-23,
478A0,フツパー,株式,グロース,情報・通信業,100,2025-12-24,
479A0,ＰＲＯＮＩ,株式,グロース,情報・通信業,100,2025-12-24,
481A0,ＪＳｅｃｕｒｉｔｙ,株式,TOKYO PRO Market,情報・通信業,100,2025-12-24,
480A0,リブ・コンサルティング,株式,グロース,サービス業,100,2025-12-25,
490A0,センス・トラスト,株式,TOKYO PRO Market,不動産業,100,2025-12-26,
492A0,Ｏｎｅ　ＥＴＦ　日本国債　高クーポン（平均残存１０年未満）,ETF,その他,nan,10,2026-01-20,
493A0,Ｏｎｅ　ＥＴＦ　日本国債　１－３年,ETF,その他,nan,10,2026-01-20,
494A0,Ｏｎｅ　ＥＴＦ　日本国債　３－７年,ETF,その他,nan,10,2026-01-20,
495A0,Ｏｎｅ　ＥＴＦ　日本国債　７－１０年,ETF,その他,nan,10,2026-01-20,
496A0,Ｏｎｅ　ＥＴＦ　日本国債　１７－２０年,ETF,その他,nan,10,2026-01-20,
497A0,インバウンド消費関連　日本株（ネットリターン）ＥＴＮ,ETN,その他,nan,1,2026-01-26,
498A0,防衛・航空宇宙　欧州株（ネットリターン）ＥＴＮ,ETN,その他,nan,1,2026-01-26,
499A0,ラグジュアリー厳選１０　欧州株（ネットリターン）ＥＴＮ,ETN,その他,nan,1,2026-01-26,
491A0,ｉシェアーズ　Ｓ＆Ｐ　５００　除く金融　ＥＴＦ（為替ヘッジあり）,ETF,その他,nan,10,2026-01-28,
502A0,グローバルＸ　超短期円建て債券　ＥＴＦ,ETF,その他,nan,10,2026-01-29,
501A0,プレシャスパートナーズ,株式,TOKYO PRO Market,サービス業,100,2026-02-05,
503A0,ベルチャイルド,株式,TOKYO PRO Market,情報・通信業,100,2026-02-05,
500A0,ＴＯブックス,株式,スタンダード,情報・通信業,100,2026-02-13,
506A0,シンカナース,株式,TOKYO PRO Market,サービス業,100,2026-02-20,
507A0,デジタル・ナレッジ,株式,TOKYO PRO Market,情報・通信業,100,2026-02-20,
504A0,イノバセル,株式,グロース,医薬品,100,2026-02-24,
512A0,グローバルＸ　ステーブルコイン＆トークンビジネス　ＥＴＦ（除く日本）,ETF,その他,nan,1,2026-02-26,
513A0,グローバルＸ　防衛テック－日本株式　ＥＴＦ,ETF,その他,nan,1,2026-02-26,
505A0,ギークリー,株式,スタンダード,サービス業,100,2026-02-27,
510A0,ハートアップ,株式,TOKYO PRO Market,サービス業,100,2026-02-27,
516A0,ｉＦｒｅｅＥＴＦ　米ドル・ブル（１倍）,ETF,その他,nan,1,2026-03-03,
517A0,ｉＦｒｅｅＥＴＦ　米ドル・ベア（１倍）,ETF,その他,nan,1,2026-03-03,
518A0,ＮＥＸＴ　ＦＵＮＤＳ　ＦＴＳＥ日本株高配当キャッシュフロー５０指数連動型上場投信,ETF,その他,nan,1,2026-03-03,
514A0,孫の手,株式,TOKYO PRO Market,サービス業,100,2026-03-05,
511A0,ヴァンガードスミス,株式,TOKYO PRO Market,サービス業,100,2026-03-06,
509A0,グリーンライト・再エネインフラ投資法人,インフラファンド,その他,nan,1,2026-03-10,
521A0,ｉＦｒｅｅＥＴＦ　ＦＡＮＧ＋ゴールド,ETF,その他,nan,1,2026-03-11,
526A0,ＪＰＸスタートアップ急成長１００ＥＴＦ,ETF,その他,nan,1,2026-03-11,
515A0,ｉシェアーズ　高格付け日本円社債　ＥＴＦ,ETF,その他,nan,10,2026-03-13,
527A0,ＮＯＳＥ　ＳＨＯＰ,株式,TOKYO PRO Market,小売業,100,2026-03-17,
540A0,上場インデックスファンド日経銀行株トップ１０,ETF,その他,nan,1,2026-03-18,
530A0,ＮＺＡＭ　上場投信　東証ＲＥＩＴ指数（２・５・８・１１月決算型）,ETF,その他,nan,1,2026-03-19,
531A0,ＮＺＡＭ　上場投信　日経平均高配当株５０,ETF,その他,nan,1,2026-03-19,
532A0,ＮＺＡＭ　上場投信　ＴＯＰＩＸ高配当４０,ETF,その他,nan,1,2026-03-19,
533A0,ＮＺＡＭ　上場投信　Ｓ＆Ｐ５００（為替ヘッジなし）,ETF,その他,nan,1,2026-03-19,
534A0,ＮＺＡＭ　上場投信　ＮＡＳＤＡＱ１００（為替ヘッジなし）,ETF,その他,nan,1,2026-03-19,
535A0,ＮＺＡＭ　上場投信　ＤＡＸ（為替ヘッジなし）,ETF,その他,nan,1,2026-03-19,
536A0,ＮＺＡＭ　上場投信　先進国株式（ＭＳＣＩ－ＫＯＫＵＳＡＩ）（為替ヘッジなし）,ETF,その他,nan,1,2026-03-19,
537A0,ＮＺＡＭ　上場投信　全世界株式（ＭＳＣＩ　ＡＣＷＩ）（為替ヘッジなし）,ETF,その他,nan,1,2026-03-19,
538A0,ＮＺＡＭ　上場投信　米国国債７－１０年（為替ヘッジなし）,ETF,その他,nan,1,2026-03-19,
539A0,ＮＺＡＭ　上場投信　海外債券（ＦＴＳＥ　ＷＧＢＩ除く日本）（為替ヘッジなし）,ETF,その他,nan,1,2026-03-19,
525A0,ｍａｎｅｂｉ,株式,TOKYO PRO Market,情報・通信業,100,2026-03-24,
541A0,Ｏｎｅ　ＥＴＦ　ＴＯＰＩＸ高配当株グロース指数,ETF,その他,nan,10,2026-03-24,
519A0,ベーシック,株式,グロース,情報・通信業,100,2026-03-25,
520A0,ジェイファーマ,株式,グロース,医薬品,100,2026-03-25,
524A0,田村ビルズグループ,株式,TOKYO PRO Market,不動産業,100,2026-03-25,
528A0,フリースタイル,株式,TOKYO PRO Market,情報・通信業,100,2026-03-26,
522A0,ＣＯＥＬ,株式,TOKYO PRO Market,情報・通信業,100,2026-03-27,
523A0,セイワホールディングス,株式,グロース,金属製品,100,2026-03-27,
551A0,ＩＺＵＭＩグループ,株式,TOKYO PRO Market,サービス業,100,2026-03-31,
552A0,ＭＡＸＩＳ米国ＡＩインフラ株上場投信,ETF,その他,nan,1,2026-03-31,
543A0,ＡＲＣＨＩＯＮ,株式,プライム,輸送用機器,100,2026-04-01,
544A0,ＧＭＳグループ,株式,プライム,機械,100,2026-04-01,
545A0,トランヴィア,株式,プライム,情報・通信業,100,2026-04-01,
546A0,ＭＩＲＡＩＮＩホールディングス,株式,プライム,卸売業,100,2026-04-01,
547A0,ムニノバホールディングス,株式,プライム,その他金融業,100,2026-04-01,
542A0,ビタブリッドジャパン,株式,グロース,化学,100,2026-04-02,
548A0,システムエグゼ,株式,スタンダード,情報・通信業,100,2026-04-06,
549A0,ヒトトヒトホールディングス,株式,スタンダード,サービス業,100,2026-04-07,
550A0,ソフトテックス,株式,スタンダード,情報・通信業,100,2026-04-09,
560A0,オカダコーポレーション,株式,TOKYO PRO Market,小売業,100,2026-04-15,
557A0,フェリエスト,株式,TOKYO PRO Market,サービス業,100,2026-04-20,
554A0,バトンズ,株式,グロース,情報・通信業,100,2026-04-21,
555A0,北王ＧＲＯＵＰ,株式,TOKYO PRO Market,陸運業,100,2026-04-22,
558A0,ＳＱＵＥＥＺＥ,株式,グロース,サービス業,100,2026-04-22,
556A0,犬猫生活,株式,グロース,小売業,100,2026-04-23,
563A0,グローバルＸ　ＮＡＳＤＡＱ１００・デイリー・カバード・コール　ＥＴＦ,ETF,その他,nan,1,2026-04-23,
564A0,グローバルＸ　Ｓ＆Ｐ先進国キャッシュフロー・トップ１００　ＥＴＦ,ETF,その他,nan,1,2026-04-23,
559A0,梅乃宿酒造,株式,スタンダード,食料品,100,2026-04-24,
562A0,寶結,株式,TOKYO PRO Market,情報・通信業,100,2026-04-24,
565A0,ＦＦＦホールディングス,株式,TOKYO PRO Market,卸売業,100,2026-05-01,
561A0,マークスライフ,株式,TOKYO PRO Market,不動産業,100,2026-05-07,
566A0,ｉＦｒｅｅＥＴＦ　ブルームバーグ日本株（除く金融）高配当５０指数,ETF,その他,nan,1,2026-05-07,
567A0,ディープラス,株式,TOKYO PRO Market,卸売業,100,2026-05-13,
568A0,ｉシェアーズ　シルバー　ＥＴＦ,ETF,その他,nan,10,2026-05-20,
569A0,ｉシェアーズ　プラチナ　ＥＴＦ,ETF,その他,nan,10,2026-05-20,
570A0,ｉシェアーズ　日本国債０－１年　ＥＴＦ,ETF,その他,nan,10,2026-05-27,
571A0,ｉシェアーズ　日本国債１－３年　ＥＴＦ,ETF,その他,nan,10,2026-05-27,
572A0,ｉシェアーズ　日本国債３－７年　ＥＴＦ,ETF,その他,nan,10,2026-05-27,
573A0,ｉシェアーズ　日本国債２０年超　ＥＴＦ,ETF,その他,nan,10,2026-05-27,
574A0,ＬＡＳＳＩＣ,株式,TOKYO PRO Market,情報・通信業,100,2026-05-27,
576A0,グローバルＸ　チャイナテック・カバード・コール　ＥＴＦ,ETF,その他,nan,1,2026-05-28,
577A0,グローバルＸ　シルバー　ＥＴＦ,ETF,その他,nan,10,2026-05-28,
578A0,グローバルＸ　シルバー　ＥＴＦ（為替ヘッジあり）,ETF,その他,nan,10,2026-05-28,
579A0,グローバルＸ　銀ビジネス　ＥＴＦ,ETF,その他,nan,1,2026-05-28,
580A0,グローバルＸ　銅ビジネス　ＥＴＦ,ETF,その他,nan,1,2026-05-28,
575A0,前澤ホールディングス,株式,プライム,機械,100,2026-06-01,
585A0,日本バリュー・ボトムアップ株式投資戦略アクティブＥＴＦ,ETF,その他,nan,1,2026-06-09,
586A0,ＮＥＸＴ　ＦＵＮＤＳ　日経エンタメ・コンテンツ株指数連動型上場投信,ETF,その他,nan,10,2026-06-09,
587A0,インベスコＱＱＱトラスト　シリーズ１,ETF,その他,nan,1,2026-06-09,
581A0,ＧＯ,株式,グロース,情報・通信業,100,2026-06-16,
584A0,ＬｉＮＫＸ,株式,グロース,情報・通信業,100,2026-06-23,
583A0,不動産流通システム,株式,TOKYO PRO Market,不動産業,100,2026-06-24,
591A0,西條,株式,TOKYO PRO Market,小売業,100,2026-06-29,
589A0,ネイス,株式,グロース,サービス業,100,2026-06-30,
595A0,不二興産,株式,TOKYO PRO Market,不動産業,100,2026-06-30,
590A0,ギフティグループ,株式,プライム,情報・通信業,100,2026-07-01,
594A0,ＰＲＯ　ＨＯＬＤＩＮＧＳ,株式,TOKYO PRO Market,建設業,100,2026-07-09,
600A0,ニッセイＥＴＦ　ラッセル２０００,ETF,その他,nan,1,2026-07-09,
599A0,元気な介護,株式,TOKYO PRO Market,サービス業,100,2026-07-13,
605A0,ＮＥＸＴ　ＦＵＮＤＳ　日本株政策フォーカス上場投信,ETF,その他,nan,10,2026-07-14,
597A0,ａｎｄ　ＵＳ,株式,TOKYO PRO Market,化学,100,2026-07-15,
598A0,チャットプラス,株式,グロース,情報・通信業,100,2026-07-15,
606A0,金２倍ブルＥＴＦ,ETF,その他,nan,1,2026-07-15,
608A0,上場インデックスファンド東証ＲＥＩＴ高利回り３０,ETF,その他,nan,1,2026-07-21,
593A0,ティアフォー,株式,グロース,情報・通信業,100,2026-07-22,
601A0,ラックス建設,株式,TOKYO PRO Market,建設業,100,2026-07-22,
602A0,レックスアドバイザーズ,株式,TOKYO PRO Market,サービス業,100,2026-07-22,
603A0,アイ・グリッド・ソリューションズ,株式,グロース,電気・ガス業,100,2026-07-29,
604A0,ビーエイブル,株式,スタンダード,建設業,100,2026-07-29,
609A0,グローバルＸ　総合商社＆資源ビジネス－日本株式　ＥＴＦ,ETF,その他,nan,1,2026-07-30,
610A0,グローバルＸ　宇宙テック・トップ１０　ＥＴＦ（除く日本）,ETF,その他,nan,1,2026-07-30,
611A0,Ｏｎｅ　ＥＴＦ　日本国債　２７－３０年,ETF,その他,nan,10,2026-07-31,
612A0,Ｏｎｅ　ＥＴＦ　日本国債先物逆連動指数,ETF,その他,nan,10,2026-07-31,
613A0,ｉＦｒｅｅＥＴＦ　ドイツ０－３カ月短期国債,ETF,その他,nan,1,2026-08-03,
607A0,エブリー,株式,グロース,サービス業,100,2026-08-04,
614A0,山八商事,株式,TOKYO PRO Market,不動産業,100,2026-08-19,
616A0,数理技研,株式,TOKYO PRO Market,情報・通信業,100,2026-08-24,
617A0,レイシャス,株式,TOKYO PRO Market,不動産業,100,2026-08-26,